This is XeTeX, Version 3.141592653-2.6-0.999995 (TeX Live 2023) (preloaded format=xelatex 2023.9.12)  5 NOV 2024 10:14
entering extended mode
 restricted \write18 enabled.
 %&-line parsing enabled.
**orcca.tex
(./orcca.tex
LaTeX2e <2022-11-01> patch level 1
L3 programming layer <2023-02-22>
(/usr/local/texlive/2023/texmf-dist/tex/latex/base/book.cls
Document Class: book 2022/07/02 v1.4n Standard LaTeX document class
(/usr/local/texlive/2023/texmf-dist/tex/latex/base/bk10.clo
File: bk10.clo 2022/07/02 v1.4n Standard LaTeX file (size option)
)
\c@part=\count181
\c@chapter=\count182
\c@section=\count183
\c@subsection=\count184
\c@subsubsection=\count185
\c@paragraph=\count186
\c@subparagraph=\count187
\c@figure=\count188
\c@table=\count189
\abovecaptionskip=\skip48
\belowcaptionskip=\skip49
\bibindent=\dimen140
)
(/usr/local/texlive/2023/texmf-dist/tex/latex/euler/euler.sty
Package: euler 1995/03/05 v2.5

Package: `euler' v2.5 <1995/03/05> (FJ and FMi)
LaTeX Font Info:    Redeclaring symbol font `letters' on input line 35.
LaTeX Font Info:    Encoding `OML' has changed to `U' for symbol font
(Font)              `letters' in the math version `normal' on input line 35.
LaTeX Font Info:    Overwriting symbol font `letters' in version `normal'
(Font)                  OML/cmm/m/it --> U/eur/m/n on input line 35.
LaTeX Font Info:    Encoding `OML' has changed to `U' for symbol font
(Font)              `letters' in the math version `bold' on input line 35.
LaTeX Font Info:    Overwriting symbol font `letters' in version `bold'
(Font)                  OML/cmm/b/it --> U/eur/m/n on input line 35.
LaTeX Font Info:    Overwriting symbol font `letters' in version `bold'
(Font)                  U/eur/m/n --> U/eur/b/n on input line 36.
LaTeX Font Info:    Redeclaring math symbol \Gamma on input line 47.
LaTeX Font Info:    Redeclaring math symbol \Delta on input line 48.
LaTeX Font Info:    Redeclaring math symbol \Theta on input line 49.
LaTeX Font Info:    Redeclaring math symbol \Lambda on input line 50.
LaTeX Font Info:    Redeclaring math symbol \Xi on input line 51.
LaTeX Font Info:    Redeclaring math symbol \Pi on input line 52.
LaTeX Font Info:    Redeclaring math symbol \Sigma on input line 53.
LaTeX Font Info:    Redeclaring math symbol \Upsilon on input line 54.
LaTeX Font Info:    Redeclaring math symbol \Phi on input line 55.
LaTeX Font Info:    Redeclaring math symbol \Psi on input line 56.
LaTeX Font Info:    Redeclaring math symbol \Omega on input line 57.
\symEulerFraktur=\mathgroup4
LaTeX Font Info:    Overwriting symbol font `EulerFraktur' in version `bold'
(Font)                  U/euf/m/n --> U/euf/b/n on input line 63.
LaTeX Info: Redefining \oldstylenums on input line 85.
\symEulerScript=\mathgroup5
LaTeX Font Info:    Overwriting symbol font `EulerScript' in version `bold'
(Font)                  U/eus/m/n --> U/eus/b/n on input line 93.
LaTeX Font Info:    Redeclaring math symbol \aleph on input line 97.
LaTeX Font Info:    Redeclaring math symbol \Re on input line 98.
LaTeX Font Info:    Redeclaring math symbol \Im on input line 99.
LaTeX Font Info:    Redeclaring math delimiter \vert on input line 101.
LaTeX Font Info:    Redeclaring math delimiter \backslash on input line 103.
LaTeX Font Info:    Redeclaring math symbol \neg on input line 106.
LaTeX Font Info:    Redeclaring math symbol \wedge on input line 108.
LaTeX Font Info:    Redeclaring math symbol \vee on input line 110.
LaTeX Font Info:    Redeclaring math symbol \setminus on input line 112.
LaTeX Font Info:    Redeclaring math symbol \sim on input line 113.
LaTeX Font Info:    Redeclaring math symbol \mid on input line 114.
LaTeX Font Info:    Redeclaring math delimiter \arrowvert on input line 116.
LaTeX Font Info:    Redeclaring math symbol \mathsection on input line 117.
\symEulerExtension=\mathgroup6
LaTeX Font Info:    Redeclaring math symbol \coprod on input line 125.
LaTeX Font Info:    Redeclaring math symbol \prod on input line 125.
LaTeX Font Info:    Redeclaring math symbol \sum on input line 125.
LaTeX Font Info:    Redeclaring math symbol \intop on input line 130.
LaTeX Font Info:    Redeclaring math symbol \ointop on input line 131.
LaTeX Font Info:    Redeclaring math symbol \braceld on input line 132.
LaTeX Font Info:    Redeclaring math symbol \bracerd on input line 133.
LaTeX Font Info:    Redeclaring math symbol \bracelu on input line 134.
LaTeX Font Info:    Redeclaring math symbol \braceru on input line 135.
LaTeX Font Info:    Redeclaring math symbol \infty on input line 136.
LaTeX Font Info:    Redeclaring math symbol \nearrow on input line 153.
LaTeX Font Info:    Redeclaring math symbol \searrow on input line 154.
LaTeX Font Info:    Redeclaring math symbol \nwarrow on input line 155.
LaTeX Font Info:    Redeclaring math symbol \swarrow on input line 156.
LaTeX Font Info:    Redeclaring math symbol \Leftrightarrow on input line 157.
LaTeX Font Info:    Redeclaring math symbol \Leftarrow on input line 158.
LaTeX Font Info:    Redeclaring math symbol \Rightarrow on input line 159.
LaTeX Font Info:    Redeclaring math symbol \leftrightarrow on input line 160.
LaTeX Font Info:    Redeclaring math symbol \leftarrow on input line 161.
LaTeX Font Info:    Redeclaring math symbol \rightarrow on input line 163.
LaTeX Font Info:    Redeclaring math delimiter \uparrow on input line 166.
LaTeX Font Info:    Redeclaring math delimiter \downarrow on input line 168.
LaTeX Font Info:    Redeclaring math delimiter \updownarrow on input line 170.
LaTeX Font Info:    Redeclaring math delimiter \Uparrow on input line 172.
LaTeX Font Info:    Redeclaring math delimiter \Downarrow on input line 174.
LaTeX Font Info:    Redeclaring math delimiter \Updownarrow on input line 176.
LaTeX Font Info:    Redeclaring math symbol \leftharpoonup on input line 177.
LaTeX Font Info:    Redeclaring math symbol \leftharpoondown on input line 178.

LaTeX Font Info:    Redeclaring math symbol \rightharpoonup on input line 179.
LaTeX Font Info:    Redeclaring math symbol \rightharpoondown on input line 180
.
LaTeX Font Info:    Redeclaring math delimiter \lbrace on input line 182.
LaTeX Font Info:    Redeclaring math delimiter \rbrace on input line 184.
\symcmmigroup=\mathgroup7
LaTeX Font Info:    Overwriting symbol font `cmmigroup' in version `bold'
(Font)                  OML/cmm/m/it --> OML/cmm/b/it on input line 200.
LaTeX Font Info:    Redeclaring math accent \vec on input line 201.
LaTeX Font Info:    Redeclaring math symbol \triangleleft on input line 202.
LaTeX Font Info:    Redeclaring math symbol \triangleright on input line 203.
LaTeX Font Info:    Redeclaring math symbol \star on input line 204.
LaTeX Font Info:    Redeclaring math symbol \lhook on input line 205.
LaTeX Font Info:    Redeclaring math symbol \rhook on input line 206.
LaTeX Font Info:    Redeclaring math symbol \flat on input line 207.
LaTeX Font Info:    Redeclaring math symbol \natural on input line 208.
LaTeX Font Info:    Redeclaring math symbol \sharp on input line 209.
LaTeX Font Info:    Redeclaring math symbol \smile on input line 210.
LaTeX Font Info:    Redeclaring math symbol \frown on input line 211.
LaTeX Font Info:    Redeclaring math accent \hat on input line 254.
)
(/usr/local/texlive/2023/texmf-dist/tex/latex/l3experimental/xcoffins/xcoffins.
sty
Package: xcoffins 2023-01-24 L3 Experimental design level coffins
\l__coffin_hoffset_dim=\dimen141
\l__coffin_voffset_dim=\dimen142
\l__coffin_height_dim=\dimen143
\l__coffin_depth_dim=\dimen144
\l__coffin_width_dim=\dimen145
\l__coffin_totalheight_dim=\dimen146
)
\Framex=\box51
\Theox=\box52
 (/usr/local/texlive/2023/texmf-dist/tex/latex/changepage/changepage.sty
Package: changepage 2009/10/20 v1.0c check page and change page layout
\c@cp@cntr=\count190
\cp@tempcnt=\count191
)
(/usr/local/texlive/2023/texmf-dist/tex/latex/geometry/geometry.sty
Package: geometry 2020/01/02 v5.9 Page Geometry

(/usr/local/texlive/2023/texmf-dist/tex/latex/graphics/keyval.sty
Package: keyval 2022/05/29 v1.15 key=value parser (DPC)
\KV@toks@=\toks16
)
(/usr/local/texlive/2023/texmf-dist/tex/generic/iftex/ifvtex.sty
Package: ifvtex 2019/10/25 v1.7 ifvtex legacy package. Use iftex instead.

(/usr/local/texlive/2023/texmf-dist/tex/generic/iftex/iftex.sty
Package: iftex 2022/02/03 v1.0f TeX engine tests
))
\Gm@cnth=\count192
\Gm@cntv=\count193
\c@Gm@tempcnt=\count194
\Gm@bindingoffset=\dimen147
\Gm@wd@mp=\dimen148
\Gm@odd@mp=\dimen149
\Gm@even@mp=\dimen150
\Gm@layoutwidth=\dimen151
\Gm@layoutheight=\dimen152
\Gm@layouthoffset=\dimen153
\Gm@layoutvoffset=\dimen154
\Gm@dimlist=\toks17
)
(/usr/local/texlive/2023/texmf-dist/tex/latex/base/ifthen.sty
Package: ifthen 2022/04/13 v1.1d Standard LaTeX ifthen package (DPC)
)
(/usr/local/texlive/2023/texmf-dist/tex/latex/amsmath/amsmath.sty
Package: amsmath 2022/04/08 v2.17n AMS math features
\@mathmargin=\skip50

For additional information on amsmath, use the `?' option.
(/usr/local/texlive/2023/texmf-dist/tex/latex/amsmath/amstext.sty
Package: amstext 2021/08/26 v2.01 AMS text

(/usr/local/texlive/2023/texmf-dist/tex/latex/amsmath/amsgen.sty
File: amsgen.sty 1999/11/30 v2.0 generic functions
\@emptytoks=\toks18
\ex@=\dimen155
))
(/usr/local/texlive/2023/texmf-dist/tex/latex/amsmath/amsbsy.sty
Package: amsbsy 1999/11/29 v1.2d Bold Symbols
\pmbraise@=\dimen156
)
(/usr/local/texlive/2023/texmf-dist/tex/latex/amsmath/amsopn.sty
Package: amsopn 2022/04/08 v2.04 operator names
)
\inf@bad=\count195
LaTeX Info: Redefining \frac on input line 234.
\uproot@=\count196
\leftroot@=\count197
LaTeX Info: Redefining \overline on input line 399.
LaTeX Info: Redefining \colon on input line 410.
\classnum@=\count198
\DOTSCASE@=\count199
LaTeX Info: Redefining \ldots on input line 496.
LaTeX Info: Redefining \dots on input line 499.
LaTeX Info: Redefining \cdots on input line 620.
\Mathstrutbox@=\box53
\strutbox@=\box54
LaTeX Info: Redefining \big on input line 722.
LaTeX Info: Redefining \Big on input line 723.
LaTeX Info: Redefining \bigg on input line 724.
LaTeX Info: Redefining \Bigg on input line 725.
\big@size=\dimen157
LaTeX Font Info:    Redeclaring font encoding OML on input line 743.
LaTeX Font Info:    Redeclaring font encoding OMS on input line 744.
\macc@depth=\count266
LaTeX Info: Redefining \bmod on input line 905.
LaTeX Info: Redefining \pmod on input line 910.
LaTeX Info: Redefining \smash on input line 940.
LaTeX Info: Redefining \relbar on input line 970.
LaTeX Info: Redefining \Relbar on input line 971.
\c@MaxMatrixCols=\count267
\dotsspace@=\muskip16
\c@parentequation=\count268
\dspbrk@lvl=\count269
\tag@help=\toks19
\row@=\count270
\column@=\count271
\maxfields@=\count272
\andhelp@=\toks20
\eqnshift@=\dimen158
\alignsep@=\dimen159
\tagshift@=\dimen160
\tagwidth@=\dimen161
\totwidth@=\dimen162
\lineht@=\dimen163
\@envbody=\toks21
\multlinegap=\skip51
\multlinetaggap=\skip52
\mathdisplay@stack=\toks22
LaTeX Info: Redefining \[ on input line 2953.
LaTeX Info: Redefining \] on input line 2954.
)
(/usr/local/texlive/2023/texmf-dist/tex/latex/ncctools/nccmath.sty
Package: nccmath 2006/01/20 v1.3 Additional Math Commands (NCC)
\NCC@fracrulewidth=\dimen164
)
(/usr/local/texlive/2023/texmf-dist/tex/latex/amsmath/amscd.sty
Package: amscd 2017/04/14 v2.1 AMS Commutative Diagrams
\athelp@=\toks23
\minaw@=\dimen165
\bigaw@=\dimen166
\minCDarrowwidth=\dimen167
)
(/usr/local/texlive/2023/texmf-dist/tex/latex/amsfonts/amssymb.sty
Package: amssymb 2013/01/14 v3.01 AMS font symbols

(/usr/local/texlive/2023/texmf-dist/tex/latex/amsfonts/amsfonts.sty
Package: amsfonts 2013/01/14 v3.01 Basic AMSFonts support
\symAMSa=\mathgroup8
\symAMSb=\mathgroup9
LaTeX Font Info:    Redeclaring math symbol \hbar on input line 98.
LaTeX Info: Redefining \frak on input line 111.
))
(/usr/local/texlive/2023/texmf-dist/tex/latex/etoolbox/etoolbox.sty
Package: etoolbox 2020/10/05 v2.5k e-TeX tools for LaTeX (JAW)
\etb@tempcnta=\count273
)
(/usr/local/texlive/2023/texmf-dist/tex/generic/iftex/ifxetex.sty
Package: ifxetex 2019/10/25 v0.7 ifxetex legacy package. Use iftex instead.
)
(/usr/local/texlive/2023/texmf-dist/tex/generic/iftex/ifluatex.sty
Package: ifluatex 2019/10/25 v1.5 ifluatex legacy package. Use iftex instead.
)
(/usr/local/texlive/2023/texmf-dist/tex/latex/graphics/graphicx.sty
Package: graphicx 2021/09/16 v1.2d Enhanced LaTeX Graphics (DPC,SPQR)

(/usr/local/texlive/2023/texmf-dist/tex/latex/graphics/graphics.sty
Package: graphics 2022/03/10 v1.4e Standard LaTeX Graphics (DPC,SPQR)

(/usr/local/texlive/2023/texmf-dist/tex/latex/graphics/trig.sty
Package: trig 2021/08/11 v1.11 sin cos tan (DPC)
)
(/usr/local/texlive/2023/texmf-dist/tex/latex/graphics-cfg/graphics.cfg
File: graphics.cfg 2016/06/04 v1.11 sample graphics configuration
)
Package graphics Info: Driver file: xetex.def on input line 107.

(/usr/local/texlive/2023/texmf-dist/tex/latex/graphics-def/xetex.def
File: xetex.def 2022/09/22 v5.0n Graphics/color driver for xetex
))
\Gin@req@height=\dimen168
\Gin@req@width=\dimen169
)
(/usr/local/texlive/2023/texmf-dist/tex/latex/xcolor/xcolor.sty
Package: xcolor 2022/06/12 v2.14 LaTeX color extensions (UK)

(/usr/local/texlive/2023/texmf-dist/tex/latex/graphics-cfg/color.cfg
File: color.cfg 2016/01/02 v1.6 sample color configuration
)
Package xcolor Info: Package option `usenames' ignored on input line 218.
Package xcolor Info: Driver file: xetex.def on input line 227.

(/usr/local/texlive/2023/texmf-dist/tex/latex/colortbl/colortbl.sty
Package: colortbl 2022/06/20 v1.0f Color table columns (DPC)

(/usr/local/texlive/2023/texmf-dist/tex/latex/tools/array.sty
Package: array 2022/09/04 v2.5g Tabular extension package (FMi)
\col@sep=\dimen170
\ar@mcellbox=\box55
\extrarowheight=\dimen171
\NC@list=\toks24
\extratabsurround=\skip53
\backup@length=\skip54
\ar@cellbox=\box56
)
\everycr=\toks25
\minrowclearance=\skip55
\rownum=\count274
)
(/usr/local/texlive/2023/texmf-dist/tex/latex/graphics/mathcolor.ltx)
Package xcolor Info: Model `cmy' substituted by `cmy0' on input line 1353.
Package xcolor Info: Model `RGB' extended on input line 1369.
Package xcolor Info: Model `HTML' substituted by `rgb' on input line 1371.
Package xcolor Info: Model `Hsb' substituted by `hsb' on input line 1372.
Package xcolor Info: Model `tHsb' substituted by `hsb' on input line 1373.
Package xcolor Info: Model `HSB' substituted by `hsb' on input line 1374.
Package xcolor Info: Model `Gray' substituted by `gray' on input line 1375.
Package xcolor Info: Model `wave' substituted by `hsb' on input line 1376.

(/usr/local/texlive/2023/texmf-dist/tex/latex/graphics/dvipsnam.def
File: dvipsnam.def 2016/06/17 v3.0m Driver-dependent file (DPC,SPQR)
)
(/usr/local/texlive/2023/texmf-dist/tex/latex/xcolor/svgnam.def
File: svgnam.def 2022/06/12 v2.14 Predefined colors according to SVG 1.1 (UK)
))
(/usr/local/texlive/2023/texmf-dist/tex/latex/tcolorbox/tcolorbox.sty
Package: tcolorbox 2023/02/12 version 6.0.1 text color boxes

(/usr/local/texlive/2023/texmf-dist/tex/latex/pgf/basiclayer/pgf.sty
(/usr/local/texlive/2023/texmf-dist/tex/latex/pgf/utilities/pgfrcs.sty
(/usr/local/texlive/2023/texmf-dist/tex/generic/pgf/utilities/pgfutil-common.te
x
\pgfutil@everybye=\toks26
\pgfutil@tempdima=\dimen172
\pgfutil@tempdimb=\dimen173
)
(/usr/local/texlive/2023/texmf-dist/tex/generic/pgf/utilities/pgfutil-latex.def
\pgfutil@abb=\box57
) (/usr/local/texlive/2023/texmf-dist/tex/generic/pgf/utilities/pgfrcs.code.tex
(/usr/local/texlive/2023/texmf-dist/tex/generic/pgf/pgf.revision.tex)
Package: pgfrcs 2023-01-15 v3.1.10 (3.1.10)
))
Package: pgf 2023-01-15 v3.1.10 (3.1.10)

(/usr/local/texlive/2023/texmf-dist/tex/latex/pgf/basiclayer/pgfcore.sty
(/usr/local/texlive/2023/texmf-dist/tex/latex/pgf/systemlayer/pgfsys.sty
(/usr/local/texlive/2023/texmf-dist/tex/generic/pgf/systemlayer/pgfsys.code.tex
Package: pgfsys 2023-01-15 v3.1.10 (3.1.10)
(/usr/local/texlive/2023/texmf-dist/tex/generic/pgf/utilities/pgfkeys.code.tex
\pgfkeys@pathtoks=\toks27
\pgfkeys@temptoks=\toks28

(/usr/local/texlive/2023/texmf-dist/tex/generic/pgf/utilities/pgfkeyslibraryfil
tered.code.tex
\pgfkeys@tmptoks=\toks29
))
\pgf@x=\dimen174
\pgf@y=\dimen175
\pgf@xa=\dimen176
\pgf@ya=\dimen177
\pgf@xb=\dimen178
\pgf@yb=\dimen179
\pgf@xc=\dimen180
\pgf@yc=\dimen181
\pgf@xd=\dimen182
\pgf@yd=\dimen183
\w@pgf@writea=\write3
\r@pgf@reada=\read2
\c@pgf@counta=\count275
\c@pgf@countb=\count276
\c@pgf@countc=\count277
\c@pgf@countd=\count278
\t@pgf@toka=\toks30
\t@pgf@tokb=\toks31
\t@pgf@tokc=\toks32
\pgf@sys@id@count=\count279

(/usr/local/texlive/2023/texmf-dist/tex/generic/pgf/systemlayer/pgf.cfg
File: pgf.cfg 2023-01-15 v3.1.10 (3.1.10)
)
Driver file for pgf: pgfsys-xetex.def

(/usr/local/texlive/2023/texmf-dist/tex/generic/pgf/systemlayer/pgfsys-xetex.de
f
File: pgfsys-xetex.def 2023-01-15 v3.1.10 (3.1.10)

(/usr/local/texlive/2023/texmf-dist/tex/generic/pgf/systemlayer/pgfsys-dvipdfmx
.def
File: pgfsys-dvipdfmx.def 2023-01-15 v3.1.10 (3.1.10)

(/usr/local/texlive/2023/texmf-dist/tex/generic/pgf/systemlayer/pgfsys-common-p
df.def
File: pgfsys-common-pdf.def 2023-01-15 v3.1.10 (3.1.10)
)
\pgfsys@objnum=\count280
)))
(/usr/local/texlive/2023/texmf-dist/tex/generic/pgf/systemlayer/pgfsyssoftpath.
code.tex
File: pgfsyssoftpath.code.tex 2023-01-15 v3.1.10 (3.1.10)
\pgfsyssoftpath@smallbuffer@items=\count281
\pgfsyssoftpath@bigbuffer@items=\count282
)
(/usr/local/texlive/2023/texmf-dist/tex/generic/pgf/systemlayer/pgfsysprotocol.
code.tex
File: pgfsysprotocol.code.tex 2023-01-15 v3.1.10 (3.1.10)
))
(/usr/local/texlive/2023/texmf-dist/tex/generic/pgf/basiclayer/pgfcore.code.tex
Package: pgfcore 2023-01-15 v3.1.10 (3.1.10)
(/usr/local/texlive/2023/texmf-dist/tex/generic/pgf/math/pgfmath.code.tex
(/usr/local/texlive/2023/texmf-dist/tex/generic/pgf/math/pgfmathutil.code.tex)
(/usr/local/texlive/2023/texmf-dist/tex/generic/pgf/math/pgfmathparser.code.tex
\pgfmath@dimen=\dimen184
\pgfmath@count=\count283
\pgfmath@box=\box58
\pgfmath@toks=\toks33
\pgfmath@stack@operand=\toks34
\pgfmath@stack@operation=\toks35
)
(/usr/local/texlive/2023/texmf-dist/tex/generic/pgf/math/pgfmathfunctions.code.
tex)
(/usr/local/texlive/2023/texmf-dist/tex/generic/pgf/math/pgfmathfunctions.basic
.code.tex)
(/usr/local/texlive/2023/texmf-dist/tex/generic/pgf/math/pgfmathfunctions.trigo
nometric.code.tex)
(/usr/local/texlive/2023/texmf-dist/tex/generic/pgf/math/pgfmathfunctions.rando
m.code.tex)
(/usr/local/texlive/2023/texmf-dist/tex/generic/pgf/math/pgfmathfunctions.compa
rison.code.tex)
(/usr/local/texlive/2023/texmf-dist/tex/generic/pgf/math/pgfmathfunctions.base.
code.tex)
(/usr/local/texlive/2023/texmf-dist/tex/generic/pgf/math/pgfmathfunctions.round
.code.tex)
(/usr/local/texlive/2023/texmf-dist/tex/generic/pgf/math/pgfmathfunctions.misc.
code.tex)
(/usr/local/texlive/2023/texmf-dist/tex/generic/pgf/math/pgfmathfunctions.integ
erarithmetics.code.tex)
(/usr/local/texlive/2023/texmf-dist/tex/generic/pgf/math/pgfmathcalc.code.tex)
(/usr/local/texlive/2023/texmf-dist/tex/generic/pgf/math/pgfmathfloat.code.tex
\c@pgfmathroundto@lastzeros=\count284
)) (/usr/local/texlive/2023/texmf-dist/tex/generic/pgf/math/pgfint.code.tex)
(/usr/local/texlive/2023/texmf-dist/tex/generic/pgf/basiclayer/pgfcorepoints.co
de.tex
File: pgfcorepoints.code.tex 2023-01-15 v3.1.10 (3.1.10)
\pgf@picminx=\dimen185
\pgf@picmaxx=\dimen186
\pgf@picminy=\dimen187
\pgf@picmaxy=\dimen188
\pgf@pathminx=\dimen189
\pgf@pathmaxx=\dimen190
\pgf@pathminy=\dimen191
\pgf@pathmaxy=\dimen192
\pgf@xx=\dimen193
\pgf@xy=\dimen194
\pgf@yx=\dimen195
\pgf@yy=\dimen196
\pgf@zx=\dimen197
\pgf@zy=\dimen198
)
(/usr/local/texlive/2023/texmf-dist/tex/generic/pgf/basiclayer/pgfcorepathconst
ruct.code.tex
File: pgfcorepathconstruct.code.tex 2023-01-15 v3.1.10 (3.1.10)
\pgf@path@lastx=\dimen199
\pgf@path@lasty=\dimen256
)
(/usr/local/texlive/2023/texmf-dist/tex/generic/pgf/basiclayer/pgfcorepathusage
.code.tex
File: pgfcorepathusage.code.tex 2023-01-15 v3.1.10 (3.1.10)
\pgf@shorten@end@additional=\dimen257
\pgf@shorten@start@additional=\dimen258
)
(/usr/local/texlive/2023/texmf-dist/tex/generic/pgf/basiclayer/pgfcorescopes.co
de.tex
File: pgfcorescopes.code.tex 2023-01-15 v3.1.10 (3.1.10)
\pgfpic=\box59
\pgf@hbox=\box60
\pgf@layerbox@main=\box61
\pgf@picture@serial@count=\count285
)
(/usr/local/texlive/2023/texmf-dist/tex/generic/pgf/basiclayer/pgfcoregraphicst
ate.code.tex
File: pgfcoregraphicstate.code.tex 2023-01-15 v3.1.10 (3.1.10)
\pgflinewidth=\dimen259
)
(/usr/local/texlive/2023/texmf-dist/tex/generic/pgf/basiclayer/pgfcoretransform
ations.code.tex
File: pgfcoretransformations.code.tex 2023-01-15 v3.1.10 (3.1.10)
\pgf@pt@x=\dimen260
\pgf@pt@y=\dimen261
\pgf@pt@temp=\dimen262
)
(/usr/local/texlive/2023/texmf-dist/tex/generic/pgf/basiclayer/pgfcorequick.cod
e.tex
File: pgfcorequick.code.tex 2023-01-15 v3.1.10 (3.1.10)
)
(/usr/local/texlive/2023/texmf-dist/tex/generic/pgf/basiclayer/pgfcoreobjects.c
ode.tex
File: pgfcoreobjects.code.tex 2023-01-15 v3.1.10 (3.1.10)
)
(/usr/local/texlive/2023/texmf-dist/tex/generic/pgf/basiclayer/pgfcorepathproce
ssing.code.tex
File: pgfcorepathprocessing.code.tex 2023-01-15 v3.1.10 (3.1.10)
)
(/usr/local/texlive/2023/texmf-dist/tex/generic/pgf/basiclayer/pgfcorearrows.co
de.tex
File: pgfcorearrows.code.tex 2023-01-15 v3.1.10 (3.1.10)
\pgfarrowsep=\dimen263
)
(/usr/local/texlive/2023/texmf-dist/tex/generic/pgf/basiclayer/pgfcoreshade.cod
e.tex
File: pgfcoreshade.code.tex 2023-01-15 v3.1.10 (3.1.10)
\pgf@max=\dimen264
\pgf@sys@shading@range@num=\count286
\pgf@shadingcount=\count287
)
(/usr/local/texlive/2023/texmf-dist/tex/generic/pgf/basiclayer/pgfcoreimage.cod
e.tex
File: pgfcoreimage.code.tex 2023-01-15 v3.1.10 (3.1.10)
)
(/usr/local/texlive/2023/texmf-dist/tex/generic/pgf/basiclayer/pgfcoreexternal.
code.tex
File: pgfcoreexternal.code.tex 2023-01-15 v3.1.10 (3.1.10)
\pgfexternal@startupbox=\box62
)
(/usr/local/texlive/2023/texmf-dist/tex/generic/pgf/basiclayer/pgfcorelayers.co
de.tex
File: pgfcorelayers.code.tex 2023-01-15 v3.1.10 (3.1.10)
)
(/usr/local/texlive/2023/texmf-dist/tex/generic/pgf/basiclayer/pgfcoretranspare
ncy.code.tex
File: pgfcoretransparency.code.tex 2023-01-15 v3.1.10 (3.1.10)
)
(/usr/local/texlive/2023/texmf-dist/tex/generic/pgf/basiclayer/pgfcorepatterns.
code.tex
File: pgfcorepatterns.code.tex 2023-01-15 v3.1.10 (3.1.10)
)
(/usr/local/texlive/2023/texmf-dist/tex/generic/pgf/basiclayer/pgfcorerdf.code.
tex
File: pgfcorerdf.code.tex 2023-01-15 v3.1.10 (3.1.10)
)))
(/usr/local/texlive/2023/texmf-dist/tex/generic/pgf/modules/pgfmoduleshapes.cod
e.tex
File: pgfmoduleshapes.code.tex 2023-01-15 v3.1.10 (3.1.10)
\pgfnodeparttextbox=\box63
)
(/usr/local/texlive/2023/texmf-dist/tex/generic/pgf/modules/pgfmoduleplot.code.
tex
File: pgfmoduleplot.code.tex 2023-01-15 v3.1.10 (3.1.10)
)
(/usr/local/texlive/2023/texmf-dist/tex/latex/pgf/compatibility/pgfcomp-version
-0-65.sty
Package: pgfcomp-version-0-65 2023-01-15 v3.1.10 (3.1.10)
\pgf@nodesepstart=\dimen265
\pgf@nodesepend=\dimen266
)
(/usr/local/texlive/2023/texmf-dist/tex/latex/pgf/compatibility/pgfcomp-version
-1-18.sty
Package: pgfcomp-version-1-18 2023-01-15 v3.1.10 (3.1.10)
)) (/usr/local/texlive/2023/texmf-dist/tex/latex/tools/verbatim.sty
Package: verbatim 2022-07-02 v1.5u LaTeX2e package for verbatim enhancements
\every@verbatim=\toks36
\verbatim@line=\toks37
\verbatim@in@stream=\read3
)
(/usr/local/texlive/2023/texmf-dist/tex/latex/environ/environ.sty
Package: environ 2014/05/04 v0.3 A new way to define environments

(/usr/local/texlive/2023/texmf-dist/tex/latex/trimspaces/trimspaces.sty
Package: trimspaces 2009/09/17 v1.1 Trim spaces around a token list
))
\tcb@titlebox=\box64
\tcb@upperbox=\box65
\tcb@lowerbox=\box66
\tcb@phantombox=\box67
\c@tcbbreakpart=\count288
\c@tcblayer=\count289
\c@tcolorbox@number=\count290
\tcb@temp=\box68
\tcb@temp=\box69
\tcb@temp=\box70
\tcb@temp=\box71
)
(/usr/local/texlive/2023/texmf-dist/tex/latex/tcolorbox/tcbskins.code.tex
Library (tcolorbox): 'tcbskins.code.tex' version '6.0.1'
(/usr/local/texlive/2023/texmf-dist/tex/latex/pgf/frontendlayer/tikz.sty
(/usr/local/texlive/2023/texmf-dist/tex/latex/pgf/utilities/pgffor.sty
(/usr/local/texlive/2023/texmf-dist/tex/latex/pgf/utilities/pgfkeys.sty
(/usr/local/texlive/2023/texmf-dist/tex/generic/pgf/utilities/pgfkeys.code.tex)
) (/usr/local/texlive/2023/texmf-dist/tex/latex/pgf/math/pgfmath.sty
(/usr/local/texlive/2023/texmf-dist/tex/generic/pgf/math/pgfmath.code.tex))
(/usr/local/texlive/2023/texmf-dist/tex/generic/pgf/utilities/pgffor.code.tex
Package: pgffor 2023-01-15 v3.1.10 (3.1.10)
\pgffor@iter=\dimen267
\pgffor@skip=\dimen268
\pgffor@stack=\toks38
\pgffor@toks=\toks39
))
(/usr/local/texlive/2023/texmf-dist/tex/generic/pgf/frontendlayer/tikz/tikz.cod
e.tex
Package: tikz 2023-01-15 v3.1.10 (3.1.10)

(/usr/local/texlive/2023/texmf-dist/tex/generic/pgf/libraries/pgflibraryplothan
dlers.code.tex
File: pgflibraryplothandlers.code.tex 2023-01-15 v3.1.10 (3.1.10)
\pgf@plot@mark@count=\count291
\pgfplotmarksize=\dimen269
)
\tikz@lastx=\dimen270
\tikz@lasty=\dimen271
\tikz@lastxsaved=\dimen272
\tikz@lastysaved=\dimen273
\tikz@lastmovetox=\dimen274
\tikz@lastmovetoy=\dimen275
\tikzleveldistance=\dimen276
\tikzsiblingdistance=\dimen277
\tikz@figbox=\box72
\tikz@figbox@bg=\box73
\tikz@tempbox=\box74
\tikz@tempbox@bg=\box75
\tikztreelevel=\count292
\tikznumberofchildren=\count293
\tikznumberofcurrentchild=\count294
\tikz@fig@count=\count295

(/usr/local/texlive/2023/texmf-dist/tex/generic/pgf/modules/pgfmodulematrix.cod
e.tex
File: pgfmodulematrix.code.tex 2023-01-15 v3.1.10 (3.1.10)
\pgfmatrixcurrentrow=\count296
\pgfmatrixcurrentcolumn=\count297
\pgf@matrix@numberofcolumns=\count298
)
\tikz@expandcount=\count299

(/usr/local/texlive/2023/texmf-dist/tex/generic/pgf/frontendlayer/tikz/librarie
s/tikzlibrarytopaths.code.tex
File: tikzlibrarytopaths.code.tex 2023-01-15 v3.1.10 (3.1.10)
)))
(/usr/local/texlive/2023/texmf-dist/tex/latex/tikzfill/tikzfill.image.sty
Package: tikzfill.image 2022/07/20 v1.0.0 Image filling library for TikZ

(/usr/local/texlive/2023/texmf-dist/tex/latex/tikzfill/tikzfill-common.sty
Package: tikzfill-common 2022/07/20 v1.0.0 Auxiliary code for tikzfill
)
(/usr/local/texlive/2023/texmf-dist/tex/latex/tikzfill/tikzlibraryfill.image.co
de.tex
File: tikzlibraryfill.image.code.tex 2022/07/20 v1.0.0 Image filling library
\l__tikzfill_img_box=\box76
))
(/usr/local/texlive/2023/texmf-dist/tex/latex/tcolorbox/tcbskinsjigsaw.code.tex
Library (tcolorbox): 'tcbskinsjigsaw.code.tex' version '6.0.1'
))
(/usr/local/texlive/2023/texmf-dist/tex/latex/tcolorbox/tcbbreakable.code.tex
Library (tcolorbox): 'tcbbreakable.code.tex' version '6.0.1'
(/usr/local/texlive/2023/texmf-dist/tex/latex/pdfcol/pdfcol.sty
Package: pdfcol 2022-09-21 v1.7 Handle new color stacks for pdfTeX (HO)

(/usr/local/texlive/2023/texmf-dist/tex/generic/ltxcmds/ltxcmds.sty
Package: ltxcmds 2020-05-10 v1.25 LaTeX kernel commands for general use (HO)
)
(/usr/local/texlive/2023/texmf-dist/tex/generic/infwarerr/infwarerr.sty
Package: infwarerr 2019/12/03 v1.5 Providing info/warning/error messages (HO)
)
Package pdfcol Info: Interface disabled because of missing PDF mode of pdfTeX.
)
Package pdfcol Info: pdfTeX's color stacks are not available.
\tcb@testbox=\box77
\tcb@totalupperbox=\box78
\tcb@totallowerbox=\box79
)
(/usr/local/texlive/2023/texmf-dist/tex/latex/tcolorbox/tcbraster.code.tex
Library (tcolorbox): 'tcbraster.code.tex' version '6.0.1'
\c@tcbrastercolumn=\count300
\c@tcbrasterrow=\count301
\c@tcbrasternum=\count302
\c@tcbraster=\count303
) (/usr/local/texlive/2023/texmf-dist/tex/latex/tcolorbox/tcbxparse.code.tex
Library (tcolorbox): 'tcbxparse.code.tex' version '6.0.1'
(/usr/local/texlive/2023/texmf-dist/tex/latex/l3packages/xparse/xparse.sty
(/usr/local/texlive/2023/texmf-dist/tex/latex/l3kernel/expl3.sty
Package: expl3 2023-02-22 L3 programming layer (loader) 

(/usr/local/texlive/2023/texmf-dist/tex/latex/l3backend/l3backend-xetex.def
File: l3backend-xetex.def 2023-01-16 L3 backend support: XeTeX
\g__graphics_track_int=\count304
\l__pdf_internal_box=\box80
\g__pdf_backend_object_int=\count305
\g__pdf_backend_annotation_int=\count306
\g__pdf_backend_link_int=\count307
))
Package: xparse 2023-02-02 L3 Experimental document command parser
))
(/usr/local/texlive/2023/texmf-dist/tex/generic/pgf/frontendlayer/tikz/librarie
s/tikzlibrarycalc.code.tex
File: tikzlibrarycalc.code.tex 2023-01-15 v3.1.10 (3.1.10)
)
(/usr/local/texlive/2023/texmf-dist/tex/latex/tcolorbox/tcbhooks.code.tex
Library (tcolorbox): 'tcbhooks.code.tex' version '6.0.1'
)
\normalparindent=\skip56
\normalparskip=\skip57
 (/usr/local/texlive/2023/texmf-dist/tex/generic/xstring/xstring.sty
(/usr/local/texlive/2023/texmf-dist/tex/generic/xstring/xstring.tex
\integerpart=\count308
\decimalpart=\count309
)
Package: xstring 2023/01/14 v1.85 String manipulations (CT)
)
(/usr/local/texlive/2023/texmf-dist/tex/xelatex/mathspec/mathspec.sty
Package: mathspec 2016/12/22 v0.2b LaTeX Package (Mathematics font selection fo
r XeLaTeX)

(/usr/local/texlive/2023/texmf-dist/tex/latex/fontspec/fontspec.sty
Package: fontspec 2022/01/15 v2.8a Font selection for XeLaTeX and LuaLaTeX

(/usr/local/texlive/2023/texmf-dist/tex/latex/fontspec/fontspec-xetex.sty
Package: fontspec-xetex 2022/01/15 v2.8a Font selection for XeLaTeX and LuaLaTe
X
\l__fontspec_script_int=\count310
\l__fontspec_language_int=\count311
\l__fontspec_strnum_int=\count312
\l__fontspec_tmp_int=\count313
\l__fontspec_tmpa_int=\count314
\l__fontspec_tmpb_int=\count315
\l__fontspec_tmpc_int=\count316
\l__fontspec_em_int=\count317
\l__fontspec_emdef_int=\count318
\l__fontspec_strong_int=\count319
\l__fontspec_strongdef_int=\count320
\l__fontspec_tmpa_dim=\dimen278
\l__fontspec_tmpb_dim=\dimen279
\l__fontspec_tmpc_dim=\dimen280

(/usr/local/texlive/2023/texmf-dist/tex/latex/base/fontenc.sty
Package: fontenc 2021/04/29 v2.0v Standard LaTeX package
)
(/usr/local/texlive/2023/texmf-dist/tex/latex/fontspec/fontspec.cfg)))
(/usr/local/texlive/2023/texmf-dist/tex/latex/xkeyval/xkeyval.sty
Package: xkeyval 2022/06/16 v2.9 package option processing (HA)

(/usr/local/texlive/2023/texmf-dist/tex/generic/xkeyval/xkeyval.tex
(/usr/local/texlive/2023/texmf-dist/tex/generic/xkeyval/xkvutils.tex
\XKV@toks=\toks40
\XKV@tempa@toks=\toks41
)
\XKV@depth=\count321
File: xkeyval.tex 2014/12/03 v2.7a key=value parser (HA)
))
\c@eu@=\count322
\c@eu@i=\count323
\c@mkern=\count324
)
(/usr/local/texlive/2023/texmf-dist/tex/latex/inconsolata/zi4.sty
Package: zi4 2019/05/17 v1.12

`inconsolata-zi4' v1.12, 2019/05/17 Text macros for Inconsolata (msharpe)
(/usr/local/texlive/2023/texmf-dist/tex/latex/base/textcomp.sty
Package: textcomp 2020/02/02 v2.0n Standard LaTeX package
)
\zifour@ocount=\count325
)

Package fontspec Info: Font family 'Inconsolatazi4-Regular.otf(0)' created for
(fontspec)             font 'Inconsolatazi4-Regular.otf' with options
(fontspec)             [WordSpace={1,0,0},HyphenChar=None,PunctuationSpace=Word
Space,BoldFont=Inconsolatazi4-Bold.otf,StylisticSet={1,3}].
(fontspec)              
(fontspec)              This font family consists of the following NFSS
(fontspec)             series/shapes:
(fontspec)              
(fontspec)             - 'normal' (m/n) with NFSS spec.:
(fontspec)             <->"[Inconsolatazi4-Regular.otf]/OT:script=latn;language
=dflt;+ss01;+ss03;"
(fontspec)             - 'small caps'  (m/sc) with NFSS spec.: 
(fontspec)             and font adjustment code:
(fontspec)             \fontdimen 2\font =1\fontdimen 2\font \fontdimen 3\font
(fontspec)             =0\fontdimen 3\font \fontdimen 4\font =0\fontdimen
(fontspec)             4\font \fontdimen 7\font =0\fontdimen 2\font
(fontspec)             \tex_hyphenchar:D \font =-1\scan_stop: 
(fontspec)             - 'bold' (b/n) with NFSS spec.:
(fontspec)             <->"[Inconsolatazi4-Bold.otf]/OT:script=latn;language=df
lt;+ss01;+ss03;"
(fontspec)             - 'bold small caps'  (b/sc) with NFSS spec.: 
(fontspec)             and font adjustment code:
(fontspec)             \fontdimen 2\font =1\fontdimen 2\font \fontdimen 3\font
(fontspec)             =0\fontdimen 3\font \fontdimen 4\font =0\fontdimen
(fontspec)             4\font \fontdimen 7\font =0\fontdimen 2\font
(fontspec)             \tex_hyphenchar:D \font =-1\scan_stop: 


(/usr/local/texlive/2023/texmf-dist/tex/latex/polyglossia/polyglossia.sty
Package: polyglossia 2023/02/11 v1.60 Modern multilingual typesetting with XeLa
TeX and LuaLaTeX

(/usr/local/texlive/2023/texmf-dist/tex/latex/makecmds/makecmds.sty
Package: makecmds 2009/09/03 v1.0a extra command making commands
)
(/usr/local/texlive/2023/texmf-dist/tex/latex/l3packages/l3keys2e/l3keys2e.sty
Package: l3keys2e 2023-02-02 LaTeX2e option processing using LaTeX3 keys
)
\xpg@normalclass=\XeTeXcharclass1
(/usr/local/texlive/2023/texmf-dist/tex/latex/polyglossia/gloss-latex.lde
Package: gloss-latex 2023/02/11 vv1.60 polyglossia: module for default language

The property list \polyglossia@langsetup contains the pairs (without outer
braces):
>  {latex/script}  =>  {latin}
>  {latex/lcscript}  =>  {latin}
>  {latex/scripttag}  =>  {}
>  {latex/language}  =>  {Latex}
>  {latex/langtag}  =>  {ENG}
>  {latex/bcp47}  =>  {}
>  {latex/hyphennames}  =>  {english}
>  {latex/direction}  =>  {LR}
>  {latex/hyphenmins}  =>  {2,3}
>  {latex/frenchspacing}  =>  {false}
>  {latex/indentfirst}  =>  {false}
>  {latex/fontsetup}  =>  {true}
>  {latex/envname}  =>  {latex}
>  {latex/babelname}  =>  {latex}
>  {latex/localnumeral}  =>  {polyglossia@C@localnumeral}
>  {latex/Localnumeral}  =>  {polyglossia@C@localnumeral}
>  {latex/DefineCommandsCmd}  =>  {use_none:n}.
)
Package polyglossia Info: Default language is latex.
)
(/usr/local/texlive/2023/texmf-dist/tex/latex/polyglossia/gloss-english.ldf
File: gloss-english.ldf polyglossia: module for English
The property list \polyglossia@langsetup contains the pairs (without outer
braces):
>  {latex/script}  =>  {latin}
>  {latex/lcscript}  =>  {latin}
>  {latex/scripttag}  =>  {}
>  {latex/language}  =>  {Latex}
>  {latex/langtag}  =>  {ENG}
>  {latex/bcp47}  =>  {}
>  {latex/hyphennames}  =>  {english}
>  {latex/direction}  =>  {LR}
>  {latex/hyphenmins}  =>  {2,3}
>  {latex/frenchspacing}  =>  {false}
>  {latex/indentfirst}  =>  {false}
>  {latex/fontsetup}  =>  {true}
>  {latex/envname}  =>  {latex}
>  {latex/babelname}  =>  {latex}
>  {latex/localnumeral}  =>  {polyglossia@C@localnumeral}
>  {latex/Localnumeral}  =>  {polyglossia@C@localnumeral}
>  {latex/DefineCommandsCmd}  =>  {use_none:n}
>  {english/script}  =>  {latin}
>  {english/lcscript}  =>  {latin}
>  {english/scripttag}  =>  {}
>  {english/language}  =>  {English}
>  {english/langtag}  =>  {ENG}
>  {english/bcp47}  =>  {en-US}
>  {english/hyphennames}  =>  {english,american,usenglish,USenglish}
>  {english/direction}  =>  {LR}
>  {english/hyphenmins}  =>  {2,3}
>  {english/frenchspacing}  =>  {false}
>  {english/indentfirst}  =>  {false}
>  {english/fontsetup}  =>  {true}
>  {english/envname}  =>  {english}
>  {english/babelname}  =>  {english}
>  {english/localnumeral}  =>  {polyglossia@C@localnumeral}
>  {english/Localnumeral}  =>  {polyglossia@C@localnumeral}
>  {english/DefineCommandsCmd}  =>  {xpg_define_language_commands:e}.
Package polyglossia Info: Option: English, variant=american.
)
Package polyglossia Info: Option: english variant=american (with additional pat
terns).
Package polyglossia Info: Option: english variant=american (with additional pat
terns).
Package polyglossia Info: Default language is english.
Package polyglossia Info: Option: english variant=american (with additional pat
terns).

(/usr/local/texlive/2023/texmf-dist/tex/latex/microtype/microtype.sty
Package: microtype 2023/03/13 v3.1a Micro-typographical refinements (RS)
\MT@toks=\toks42
\MT@tempbox=\box81
\MT@count=\count326
LaTeX Info: Redefining \noprotrusionifhmode on input line 1059.
LaTeX Info: Redefining \leftprotrusion on input line 1060.
\MT@prot@toks=\toks43
LaTeX Info: Redefining \rightprotrusion on input line 1078.
LaTeX Info: Redefining \textls on input line 1368.
\MT@outer@kern=\dimen281
LaTeX Info: Redefining \textmicrotypecontext on input line 1988.
\MT@listname@count=\count327

(/usr/local/texlive/2023/texmf-dist/tex/latex/microtype/microtype-xetex.def
File: microtype-xetex.def 2023/03/13 v3.1a Definitions specific to xetex (RS)
LaTeX Info: Redefining \lsstyle on input line 238.
)
Package microtype Info: Loading configuration file microtype.cfg.

(/usr/local/texlive/2023/texmf-dist/tex/latex/microtype/microtype.cfg
File: microtype.cfg 2023/03/13 v3.1a microtype main configuration file (RS)
))
(/usr/local/texlive/2023/texmf-dist/tex/latex/titlesec/titlesec.sty
Package: titlesec 2021/07/05 v2.14 Sectioning titles
\ttl@box=\box82
\beforetitleunit=\skip58
\aftertitleunit=\skip59
\ttl@plus=\dimen282
\ttl@minus=\dimen283
\ttl@toksa=\toks44
\titlewidth=\dimen284
\titlewidthlast=\dimen285
\titlewidthfirst=\dimen286

(/usr/local/texlive/2023/texmf-dist/tex/latex/titlesec/titleps.sty))
(/usr/local/texlive/2023/texmf-dist/tex/latex/titlesec/titletoc.sty
Package: titletoc 2021/07/05 v2.14 TOC entries
\ttl@leftsep=\dimen287
)
\c@ttlp@side=\count328
\ttlp@side=\count329
\fillinmaxwidth=\skip60
\fillincontract=\skip61
\charmaxwidth=\skip62
\charminwidth=\skip63
\fillinheight=\skip64

(/usr/local/texlive/2023/texmf-dist/tex/latex/siunitx/siunitx.sty
Package: siunitx 2023-03-04 v3.2.2 A comprehensive (SI) units package
\l__siunitx_angle_tmp_dim=\dimen288
\l__siunitx_angle_marker_box=\box83
\l__siunitx_angle_unit_box=\box84
\l__siunitx_compound_count_int=\count330

(/usr/local/texlive/2023/texmf-dist/tex/latex/translations/translations.sty
Package: translations 2022/02/05 v1.12 internationalization of LaTeX2e packages
 (CN)

(/usr/local/texlive/2023/texmf-dist/tex/generic/pdftexcmds/pdftexcmds.sty
Package: pdftexcmds 2020-06-27 v0.33 Utility functions of pdfTeX for LuaTeX (HO
)
Package pdftexcmds Info: \pdf@primitive is available.
Package pdftexcmds Info: \pdf@ifprimitive is available.
Package pdftexcmds Info: \pdfdraftmode not found.
))
\l__siunitx_number_exponent_fixed_int=\count331
\l__siunitx_number_min_decimal_int=\count332
\l__siunitx_number_min_integer_int=\count333
\l__siunitx_number_round_precision_int=\count334
\l__siunitx_number_lower_threshold_int=\count335
\l__siunitx_number_upper_threshold_int=\count336
\l__siunitx_number_group_first_int=\count337
\l__siunitx_number_group_size_int=\count338
\l__siunitx_number_group_minimum_int=\count339
\l__siunitx_table_tmp_box=\box85
\l__siunitx_table_tmp_dim=\dimen289
\l__siunitx_table_column_width_dim=\dimen290
\l__siunitx_table_integer_box=\box86
\l__siunitx_table_decimal_box=\box87
\l__siunitx_table_uncert_box=\box88
\l__siunitx_table_before_box=\box89
\l__siunitx_table_after_box=\box90
\l__siunitx_table_before_dim=\dimen291
\l__siunitx_table_carry_dim=\dimen292
\l__siunitx_unit_tmp_int=\count340
\l__siunitx_unit_position_int=\count341
\l__siunitx_unit_total_int=\count342
)
PTX: discovered siunitx v3, >= 2021-05-17

Package siunitx Warning: Option "math-micro" has been removed in this release.


Package siunitx Warning: Option "text-micro" has been removed in this release.

\Oldarrayrulewidth=\skip65
(/usr/local/texlive/2023/texmf-dist/tex/latex/enumitem/enumitem.sty
Package: enumitem 2019/06/20 v3.9 Customized lists
\labelindent=\skip66
\enit@outerparindent=\dimen293
\enit@toks=\toks45
\enit@inbox=\box91
\enit@count@id=\count343
\enitdp@description=\count344
)
\dlititlewidth=\skip67
\dlimaxnarrowtitle=\skip68
\dlimaxmediumtitle=\skip69
\egindent=\skip70
\exggap=\skip71

(/usr/local/texlive/2023/texmf-dist/tex/latex/imakeidx/imakeidx.sty
Package: imakeidx 2016/10/15 v1.3e Package for typesetting indices in a synchro
nous mode

(/usr/local/texlive/2023/texmf-dist/tex/latex/tools/multicol.sty
Package: multicol 2021/11/30 v1.9d multicolumn formatting (FMi)
\c@tracingmulticols=\count345
\mult@box=\box92
\multicol@leftmargin=\dimen294
\c@unbalance=\count346
\c@collectmore=\count347
\doublecol@number=\count348
\multicoltolerance=\count349
\multicolpretolerance=\count350
\full@width=\dimen295
\page@free=\dimen296
\premulticols=\dimen297
\postmulticols=\dimen298
\multicolsep=\skip72
\multicolbaselineskip=\skip73
\partial@page=\box93
\last@line=\box94
\maxbalancingoverflow=\dimen299
\mult@rightbox=\box95
\mult@grightbox=\box96
\mult@firstbox=\box97
\mult@gfirstbox=\box98
\@tempa=\box99
\@tempa=\box100
\@tempa=\box101
\@tempa=\box102
\@tempa=\box103
\@tempa=\box104
\@tempa=\box105
\@tempa=\box106
\@tempa=\box107
\@tempa=\box108
\@tempa=\box109
\@tempa=\box110
\@tempa=\box111
\@tempa=\box112
\@tempa=\box113
\@tempa=\box114
\@tempa=\box115
\@tempa=\box116
\@tempa=\box117
\@tempa=\box118
\@tempa=\box119
\@tempa=\box120
\@tempa=\box121
\@tempa=\box122
\@tempa=\box123
\@tempa=\box124
\@tempa=\box125
\@tempa=\box126
\@tempa=\box127
\@tempa=\box128
\@tempa=\box129
\@tempa=\box130
\@tempa=\box131
\@tempa=\box132
\@tempa=\box133
\@tempa=\box134
\c@minrows=\count351
\c@columnbadness=\count352
\c@finalcolumnbadness=\count353
\last@try=\dimen300
\multicolovershoot=\dimen301
\multicolundershoot=\dimen302
\mult@nat@firstbox=\box135
\colbreak@box=\box136
\mc@col@check@num=\count354
))
\orcca@idxfile=\write4
\openout4 = `orcca.idx'.


Writing index file orcca.idx
(/usr/local/texlive/2023/texmf-dist/tex/latex/hyperref/hyperref.sty
Package: hyperref 2023-02-07 v7.00v Hypertext links for LaTeX

(/usr/local/texlive/2023/texmf-dist/tex/latex/kvsetkeys/kvsetkeys.sty
Package: kvsetkeys 2022-10-05 v1.19 Key value parser (HO)
)
(/usr/local/texlive/2023/texmf-dist/tex/generic/kvdefinekeys/kvdefinekeys.sty
Package: kvdefinekeys 2019-12-19 v1.6 Define keys (HO)
)
(/usr/local/texlive/2023/texmf-dist/tex/generic/pdfescape/pdfescape.sty
Package: pdfescape 2019/12/09 v1.15 Implements pdfTeX's escape features (HO)
)
(/usr/local/texlive/2023/texmf-dist/tex/latex/hycolor/hycolor.sty
Package: hycolor 2020-01-27 v1.10 Color options for hyperref/bookmark (HO)
)
(/usr/local/texlive/2023/texmf-dist/tex/latex/letltxmacro/letltxmacro.sty
Package: letltxmacro 2019/12/03 v1.6 Let assignment for LaTeX macros (HO)
)
(/usr/local/texlive/2023/texmf-dist/tex/latex/auxhook/auxhook.sty
Package: auxhook 2019-12-17 v1.6 Hooks for auxiliary files (HO)
)
(/usr/local/texlive/2023/texmf-dist/tex/latex/hyperref/nameref.sty
Package: nameref 2022-05-17 v2.50 Cross-referencing by name of section

(/usr/local/texlive/2023/texmf-dist/tex/latex/refcount/refcount.sty
Package: refcount 2019/12/15 v3.6 Data extraction from label references (HO)
)
(/usr/local/texlive/2023/texmf-dist/tex/generic/gettitlestring/gettitlestring.s
ty
Package: gettitlestring 2019/12/15 v1.6 Cleanup title references (HO)
 (/usr/local/texlive/2023/texmf-dist/tex/latex/kvoptions/kvoptions.sty
Package: kvoptions 2022-06-15 v3.15 Key value format for package options (HO)
))
\c@section@level=\count355
)
\@linkdim=\dimen303
\Hy@linkcounter=\count356
\Hy@pagecounter=\count357

(/usr/local/texlive/2023/texmf-dist/tex/latex/hyperref/pd1enc.def
File: pd1enc.def 2023-02-07 v7.00v Hyperref: PDFDocEncoding definition (HO)
)
(/usr/local/texlive/2023/texmf-dist/tex/generic/intcalc/intcalc.sty
Package: intcalc 2019/12/15 v1.3 Expandable calculations with integers (HO)
)
(/usr/local/texlive/2023/texmf-dist/tex/generic/etexcmds/etexcmds.sty
Package: etexcmds 2019/12/15 v1.7 Avoid name clashes with e-TeX commands (HO)
)
\Hy@SavedSpaceFactor=\count358

(/usr/local/texlive/2023/texmf-dist/tex/latex/hyperref/puenc.def
File: puenc.def 2023-02-07 v7.00v Hyperref: PDF Unicode definition (HO)
)
Package hyperref Info: Option `hyperfootnotes' set `false' on input line 4060.
Package hyperref Info: Hyper figures OFF on input line 4177.
Package hyperref Info: Link nesting OFF on input line 4182.
Package hyperref Info: Hyper index ON on input line 4185.
Package hyperref Info: Plain pages OFF on input line 4192.
Package hyperref Info: Backreferencing OFF on input line 4197.
Package hyperref Info: Implicit mode ON; LaTeX internals redefined.
Package hyperref Info: Bookmarks ON on input line 4425.
\c@Hy@tempcnt=\count359

(/usr/local/texlive/2023/texmf-dist/tex/latex/url/url.sty
\Urlmuskip=\muskip17
Package: url 2013/09/16  ver 3.4  Verb mode for urls, etc.
)
LaTeX Info: Redefining \url on input line 4763.
\XeTeXLinkMargin=\dimen304

(/usr/local/texlive/2023/texmf-dist/tex/generic/bitset/bitset.sty
Package: bitset 2019/12/09 v1.3 Handle bit-vector datatype (HO)

(/usr/local/texlive/2023/texmf-dist/tex/generic/bigintcalc/bigintcalc.sty
Package: bigintcalc 2019/12/15 v1.5 Expandable calculations on big integers (HO
)
))
\Fld@menulength=\count360
\Field@Width=\dimen305
\Fld@charsize=\dimen306
Package hyperref Info: Hyper figures OFF on input line 6042.
Package hyperref Info: Link nesting OFF on input line 6047.
Package hyperref Info: Hyper index ON on input line 6050.
Package hyperref Info: backreferencing OFF on input line 6057.
Package hyperref Info: Link coloring OFF on input line 6062.
Package hyperref Info: Link coloring with OCG OFF on input line 6067.
Package hyperref Info: PDF/A mode OFF on input line 6072.

(/usr/local/texlive/2023/texmf-dist/tex/latex/base/atbegshi-ltx.sty
Package: atbegshi-ltx 2021/01/10 v1.0c Emulation of the original atbegshi
package with kernel methods
)
\Hy@abspage=\count361
\c@Item=\count362
)
Package hyperref Info: Driver (autodetected): hxetex.

(/usr/local/texlive/2023/texmf-dist/tex/latex/hyperref/hxetex.def
File: hxetex.def 2023-02-07 v7.00v Hyperref driver for XeTeX

(/usr/local/texlive/2023/texmf-dist/tex/generic/stringenc/stringenc.sty
Package: stringenc 2019/11/29 v1.12 Convert strings between diff. encodings (HO
)
)
\pdfm@box=\box137
\c@Hy@AnnotLevel=\count363
\HyField@AnnotCount=\count364
\Fld@listcount=\count365
\c@bookmark@seq@number=\count366

(/usr/local/texlive/2023/texmf-dist/tex/latex/rerunfilecheck/rerunfilecheck.sty
Package: rerunfilecheck 2022-07-10 v1.10 Rerun checks for auxiliary files (HO)
(/usr/local/texlive/2023/texmf-dist/tex/latex/base/atveryend-ltx.sty
Package: atveryend-ltx 2020/08/19 v1.0a Emulation of the original atveryend pac
kage
with kernel methods
)
(/usr/local/texlive/2023/texmf-dist/tex/generic/uniquecounter/uniquecounter.sty
Package: uniquecounter 2019/12/15 v1.4 Provide unlimited unique counter (HO)
)
Package uniquecounter Info: New unique counter `rerunfilecheck' on input line 2
85.
)
\Hy@SectionHShift=\skip74
)
Package hyperref Info: Option `hypertexnames' set `false' on input line 747.
\c@tcb@cnt@block=\count367
\c@tcb@cnt@project-distinct=\count368
\c@tcb@cnt@subdisplay=\count369
\orccaprintwidth=\skip75
 (/usr/local/texlive/2023/texmf-dist/tex/latex/pgfplots/pgfplots.sty
(/usr/local/texlive/2023/texmf-dist/tex/generic/pgfplots/pgfplots.revision.tex)
Package: pgfplots 2021/05/15 v1.18.1 Data Visualization (1.18.1)
(/usr/local/texlive/2023/texmf-dist/tex/generic/pgfplots/pgfplots.code.tex
(/usr/local/texlive/2023/texmf-dist/tex/generic/pgfplots/pgfplotscore.code.tex
\t@pgfplots@toka=\toks46
\t@pgfplots@tokb=\toks47
\t@pgfplots@tokc=\toks48
\pgfplots@tmpa=\dimen307
\c@pgfplots@coordindex=\count370
\c@pgfplots@scanlineindex=\count371

(/usr/local/texlive/2023/texmf-dist/tex/generic/pgfplots/sys/pgfplotssysgeneric
.code.tex))
(/usr/local/texlive/2023/texmf-dist/tex/generic/pgfplots/libs/pgfplotslibrary.c
ode.tex)
(/usr/local/texlive/2023/texmf-dist/tex/generic/pgfplots/oldpgfcompatib/pgfplot
soldpgfsupp_loader.code.tex
(/usr/local/texlive/2023/texmf-dist/tex/generic/pgf/libraries/pgflibraryfpu.cod
e.tex)
Package pgfplots: loading complementary utilities for your pgf version...
\t@pgf@toka=\toks49
\t@pgf@tokb=\toks50
\t@pgf@tokc=\toks51

(/usr/local/texlive/2023/texmf-dist/tex/generic/pgfplots/oldpgfcompatib/pgfplot
soldpgfsupp_pgfutil-common-lists.tex))
(/usr/local/texlive/2023/texmf-dist/tex/generic/pgfplots/util/pgfplotsutil.code
.tex
(/usr/local/texlive/2023/texmf-dist/tex/generic/pgfplots/liststructure/pgfplots
liststructure.code.tex)
(/usr/local/texlive/2023/texmf-dist/tex/generic/pgfplots/liststructure/pgfplots
liststructureext.code.tex)
(/usr/local/texlive/2023/texmf-dist/tex/generic/pgfplots/liststructure/pgfplots
array.code.tex
\c@pgfplotsarray@tmp=\count372
)
(/usr/local/texlive/2023/texmf-dist/tex/generic/pgfplots/liststructure/pgfplots
matrix.code.tex)
(/usr/local/texlive/2023/texmf-dist/tex/generic/pgfplots/numtable/pgfplotstable
shared.code.tex
\c@pgfplotstable@counta=\count373
\t@pgfplotstable@a=\toks52
)
(/usr/local/texlive/2023/texmf-dist/tex/generic/pgfplots/liststructure/pgfplots
deque.code.tex)
(/usr/local/texlive/2023/texmf-dist/tex/generic/pgfplots/util/pgfplotsbinary.co
de.tex
(/usr/local/texlive/2023/texmf-dist/tex/generic/pgfplots/util/pgfplotsbinary.da
ta.code.tex))
(/usr/local/texlive/2023/texmf-dist/tex/generic/pgfplots/util/pgfplotsutil.verb
.code.tex)
(/usr/local/texlive/2023/texmf-dist/tex/generic/pgfplots/libs/pgflibrarypgfplot
s.surfshading.code.tex
\c@pgfplotslibrarysurf@no=\count374

(/usr/local/texlive/2023/texmf-dist/tex/generic/pgfplots/sys/pgflibrarypgfplots
.surfshading.pgfsys-xetex.def
(/usr/local/texlive/2023/texmf-dist/tex/generic/pgfplots/sys/pgflibrarypgfplots
.surfshading.pgfsys-dvipdfmx.def
\c@pgfplotslibrarysurf@streamlen=\count375
))))
(/usr/local/texlive/2023/texmf-dist/tex/generic/pgfplots/util/pgfplotscolormap.
code.tex
(/usr/local/texlive/2023/texmf-dist/tex/generic/pgfplots/util/pgfplotscolor.cod
e.tex))
(/usr/local/texlive/2023/texmf-dist/tex/generic/pgfplots/pgfplotsstackedplots.c
ode.tex)
(/usr/local/texlive/2023/texmf-dist/tex/generic/pgfplots/pgfplotsplothandlers.c
ode.tex
(/usr/local/texlive/2023/texmf-dist/tex/generic/pgfplots/pgfplotsmeshplothandle
r.code.tex
(/usr/local/texlive/2023/texmf-dist/tex/generic/pgfplots/pgfplotsmeshplotimage.
code.tex)))
(/usr/local/texlive/2023/texmf-dist/tex/generic/pgfplots/pgfplots.scaling.code.
tex)
(/usr/local/texlive/2023/texmf-dist/tex/generic/pgfplots/pgfplotscoordprocessin
g.code.tex)
(/usr/local/texlive/2023/texmf-dist/tex/generic/pgfplots/pgfplots.errorbars.cod
e.tex)
(/usr/local/texlive/2023/texmf-dist/tex/generic/pgfplots/pgfplots.markers.code.
tex)
(/usr/local/texlive/2023/texmf-dist/tex/generic/pgfplots/pgfplotsticks.code.tex
)
(/usr/local/texlive/2023/texmf-dist/tex/generic/pgfplots/pgfplots.paths.code.te
x)
(/usr/local/texlive/2023/texmf-dist/tex/generic/pgf/frontendlayer/tikz/librarie
s/tikzlibrarydecorations.code.tex
(/usr/local/texlive/2023/texmf-dist/tex/generic/pgf/modules/pgfmoduledecoration
s.code.tex
\pgfdecoratedcompleteddistance=\dimen308
\pgfdecoratedremainingdistance=\dimen309
\pgfdecoratedinputsegmentcompleteddistance=\dimen310
\pgfdecoratedinputsegmentremainingdistance=\dimen311
\pgf@decorate@distancetomove=\dimen312
\pgf@decorate@repeatstate=\count376
\pgfdecorationsegmentamplitude=\dimen313
\pgfdecorationsegmentlength=\dimen314
)
\tikz@lib@dec@box=\box138
)
(/usr/local/texlive/2023/texmf-dist/tex/generic/pgf/frontendlayer/tikz/librarie
s/tikzlibrarydecorations.pathmorphing.code.tex
(/usr/local/texlive/2023/texmf-dist/tex/generic/pgf/libraries/decorations/pgfli
brarydecorations.pathmorphing.code.tex))
(/usr/local/texlive/2023/texmf-dist/tex/generic/pgf/frontendlayer/tikz/librarie
s/tikzlibrarydecorations.pathreplacing.code.tex
(/usr/local/texlive/2023/texmf-dist/tex/generic/pgf/libraries/decorations/pgfli
brarydecorations.pathreplacing.code.tex))
(/usr/local/texlive/2023/texmf-dist/tex/generic/pgfplots/libs/tikzlibrarypgfplo
ts.contourlua.code.tex)
\pgfplots@numplots=\count377
\pgfplots@xmin@reg=\dimen315
\pgfplots@xmax@reg=\dimen316
\pgfplots@ymin@reg=\dimen317
\pgfplots@ymax@reg=\dimen318
\pgfplots@zmin@reg=\dimen319
\pgfplots@zmax@reg=\dimen320
)
(/usr/local/texlive/2023/texmf-dist/tex/generic/pgf/frontendlayer/tikz/librarie
s/tikzlibraryplotmarks.code.tex
File: tikzlibraryplotmarks.code.tex 2023-01-15 v3.1.10 (3.1.10)

(/usr/local/texlive/2023/texmf-dist/tex/generic/pgf/libraries/pgflibraryplotmar
ks.code.tex
File: pgflibraryplotmarks.code.tex 2023-01-15 v3.1.10 (3.1.10)
))) (/usr/local/texlive/2023/texmf-dist/tex/latex/psnfss/pifont.sty
Package: pifont 2020/03/25 PSNFSS-v9.3 Pi font support (SPQR) 
LaTeX Font Info:    Trying to load font information for U+pzd on input line 63.


(/usr/local/texlive/2023/texmf-dist/tex/latex/psnfss/upzd.fd
File: upzd.fd 2001/06/04 font definitions for U/pzd.
)
LaTeX Font Info:    Trying to load font information for U+psy on input line 64.


(/usr/local/texlive/2023/texmf-dist/tex/latex/psnfss/upsy.fd
File: upsy.fd 2001/06/04 font definitions for U/psy.
))
(/usr/local/texlive/2023/texmf-dist/tex/generic/pgf/frontendlayer/tikz/librarie
s/tikzlibrarypositioning.code.tex
File: tikzlibrarypositioning.code.tex 2023-01-15 v3.1.10 (3.1.10)
)
(/usr/local/texlive/2023/texmf-dist/tex/generic/pgf/frontendlayer/tikz/librarie
s/tikzlibraryfit.code.tex
File: tikzlibraryfit.code.tex 2023-01-15 v3.1.10 (3.1.10)
)
(/usr/local/texlive/2023/texmf-dist/tex/generic/pgf/frontendlayer/tikz/librarie
s/tikzlibrarybackgrounds.code.tex
File: tikzlibrarybackgrounds.code.tex 2023-01-15 v3.1.10 (3.1.10)
\pgf@layerbox@background=\box139
\pgf@layerboxsaved@background=\box140
)
(/usr/local/texlive/2023/texmf-dist/tex/generic/pgf/frontendlayer/tikz/librarie
s/tikzlibrarytrees.code.tex
File: tikzlibrarytrees.code.tex 2023-01-15 v3.1.10 (3.1.10)
)
(/usr/local/texlive/2023/texmf-dist/tex/generic/pgf/frontendlayer/tikz/librarie
s/tikzlibraryarrows.code.tex
File: tikzlibraryarrows.code.tex 2023-01-15 v3.1.10 (3.1.10)

(/usr/local/texlive/2023/texmf-dist/tex/generic/pgf/libraries/pgflibraryarrows.
code.tex
File: pgflibraryarrows.code.tex 2023-01-15 v3.1.10 (3.1.10)
\arrowsize=\dimen321
))
(/usr/local/texlive/2023/texmf-dist/tex/generic/pgf/frontendlayer/tikz/librarie
s/tikzlibraryshapes.code.tex
File: tikzlibraryshapes.code.tex 2023-01-15 v3.1.10 (3.1.10)

(/usr/local/texlive/2023/texmf-dist/tex/generic/pgf/frontendlayer/tikz/librarie
s/tikzlibraryshapes.geometric.code.tex
File: tikzlibraryshapes.geometric.code.tex 2023-01-15 v3.1.10 (3.1.10)

(/usr/local/texlive/2023/texmf-dist/tex/generic/pgf/libraries/shapes/pgflibrary
shapes.geometric.code.tex
File: pgflibraryshapes.geometric.code.tex 2023-01-15 v3.1.10 (3.1.10)
))
(/usr/local/texlive/2023/texmf-dist/tex/generic/pgf/frontendlayer/tikz/librarie
s/tikzlibraryshapes.misc.code.tex
File: tikzlibraryshapes.misc.code.tex 2023-01-15 v3.1.10 (3.1.10)

(/usr/local/texlive/2023/texmf-dist/tex/generic/pgf/libraries/shapes/pgflibrary
shapes.misc.code.tex
File: pgflibraryshapes.misc.code.tex 2023-01-15 v3.1.10 (3.1.10)
))
(/usr/local/texlive/2023/texmf-dist/tex/generic/pgf/frontendlayer/tikz/librarie
s/tikzlibraryshapes.symbols.code.tex
File: tikzlibraryshapes.symbols.code.tex 2023-01-15 v3.1.10 (3.1.10)

(/usr/local/texlive/2023/texmf-dist/tex/generic/pgf/libraries/shapes/pgflibrary
shapes.symbols.code.tex
File: pgflibraryshapes.symbols.code.tex 2023-01-15 v3.1.10 (3.1.10)
))
(/usr/local/texlive/2023/texmf-dist/tex/generic/pgf/frontendlayer/tikz/librarie
s/tikzlibraryshapes.arrows.code.tex
File: tikzlibraryshapes.arrows.code.tex 2023-01-15 v3.1.10 (3.1.10)

(/usr/local/texlive/2023/texmf-dist/tex/generic/pgf/libraries/shapes/pgflibrary
shapes.arrows.code.tex
File: pgflibraryshapes.arrows.code.tex 2023-01-15 v3.1.10 (3.1.10)
))
(/usr/local/texlive/2023/texmf-dist/tex/generic/pgf/frontendlayer/tikz/librarie
s/tikzlibraryshapes.callouts.code.tex
(/usr/local/texlive/2023/texmf-dist/tex/generic/pgf/libraries/shapes/pgflibrary
shapes.callouts.code.tex))
(/usr/local/texlive/2023/texmf-dist/tex/generic/pgf/frontendlayer/tikz/librarie
s/tikzlibraryshapes.multipart.code.tex
File: tikzlibraryshapes.multipart.code.tex 2023-01-15 v3.1.10 (3.1.10)

(/usr/local/texlive/2023/texmf-dist/tex/generic/pgf/libraries/shapes/pgflibrary
shapes.multipart.code.tex
File: pgflibraryshapes.multipart.code.tex 2023-01-15 v3.1.10 (3.1.10)
\pgfnodepartlowerbox=\box141
\pgfnodeparttwobox=\box142
\pgfnodepartthreebox=\box143
\pgfnodepartfourbox=\box144
\pgfnodeparttwentybox=\box145
\pgfnodepartnineteenbox=\box146
\pgfnodeparteighteenbox=\box147
\pgfnodepartseventeenbox=\box148
\pgfnodepartsixteenbox=\box149
\pgfnodepartfifteenbox=\box150
\pgfnodepartfourteenbox=\box151
\pgfnodepartthirteenbox=\box152
\pgfnodeparttwelvebox=\box153
\pgfnodepartelevenbox=\box154
\pgfnodeparttenbox=\box155
\pgfnodepartninebox=\box156
\pgfnodeparteightbox=\box157
\pgfnodepartsevenbox=\box158
\pgfnodepartsixbox=\box159
\pgfnodepartfivebox=\box160
)))
(/usr/local/texlive/2023/texmf-dist/tex/generic/pgf/frontendlayer/tikz/librarie
s/tikzlibrarydecorations.text.code.tex
(/usr/local/texlive/2023/texmf-dist/tex/generic/pgf/libraries/decorations/pgfli
brarydecorations.text.code.tex
\pgf@lib@dec@text@box=\box161
)
\tikz@lib@dec@te@box=\box162
)
(/usr/local/texlive/2023/texmf-dist/tex/generic/pgf/libraries/pgflibraryarrows.
meta.code.tex
File: pgflibraryarrows.meta.code.tex 2023-01-15 v3.1.10 (3.1.10)
\pgfarrowinset=\dimen322
\pgfarrowlength=\dimen323
\pgfarrowwidth=\dimen324
\pgfarrowlinewidth=\dimen325
)
(/usr/local/texlive/2023/texmf-dist/tex/generic/pgf/frontendlayer/tikz/librarie
s/tikzlibrary3d.code.tex
File: tikzlibrary3d.code.tex 2023-01-15 v3.1.10 (3.1.10)
)
(/usr/local/texlive/2023/texmf-dist/tex/latex/tikz-3dplot/tikz-3dplot.sty)
(/usr/local/texlive/2023/texmf-dist/tex/latex/tkz-euclide/tkz-euclide.sty
2023/02/03 5.02c tkz-euclide.sty
Package: tkz-euclide  2023/02/03 5.02c for pure Euclidean Geometry 

(/usr/local/texlive/2023/texmf-dist/tex/generic/pgf/frontendlayer/tikz/librarie
s/tikzlibraryangles.code.tex
File: tikzlibraryangles.code.tex 2023-01-15 v3.1.10 (3.1.10)
)
(/usr/local/texlive/2023/texmf-dist/tex/generic/pgf/frontendlayer/tikz/librarie
s/tikzlibrarydecorations.markings.code.tex
(/usr/local/texlive/2023/texmf-dist/tex/generic/pgf/libraries/decorations/pgfli
brarydecorations.markings.code.tex))
(/usr/local/texlive/2023/texmf-dist/tex/generic/pgf/frontendlayer/tikz/librarie
s/tikzlibrarydecorations.shapes.code.tex
(/usr/local/texlive/2023/texmf-dist/tex/generic/pgf/libraries/decorations/pgfli
brarydecorations.shapes.code.tex))
(/usr/local/texlive/2023/texmf-dist/tex/generic/pgf/frontendlayer/tikz/librarie
s/tikzlibraryintersections.code.tex
(/usr/local/texlive/2023/texmf-dist/tex/generic/pgf/libraries/pgflibraryinterse
ctions.code.tex
\pgf@intersect@solutions=\count378
))
(/usr/local/texlive/2023/texmf-dist/tex/generic/pgf/frontendlayer/tikz/librarie
s/tikzlibrarymath.code.tex
(/usr/local/texlive/2023/texmf-dist/tex/generic/pgf/frontendlayer/tikz/librarie
s/tikzlibraryfpu.code.tex)
\tikz@math@for@depth=\count379
\tikz@math@dimen=\dimen326
\tikz@math@toks=\toks53
)
(/usr/local/texlive/2023/texmf-dist/tex/generic/pgf/frontendlayer/tikz/librarie
s/tikzlibraryquotes.code.tex
File: tikzlibraryquotes.code.tex 2023-01-15 v3.1.10 (3.1.10)
)
(/usr/local/texlive/2023/texmf-dist/tex/generic/pgf/frontendlayer/tikz/librarie
s/tikzlibrarythrough.code.tex
File: tikzlibrarythrough.code.tex 2023-01-15 v3.1.10 (3.1.10)
)
(/usr/local/texlive/2023/texmf-dist/tex/latex/l3packages/xfp/xfp.sty
Package: xfp 2023-02-02 L3 Floating point unit
)
(/usr/local/texlive/2023/texmf-dist/tex/latex/xpatch/xpatch.sty
Package: xpatch 2020/03/25 v0.3a Extending etoolbox patching commands
)
\tkzRadius=\dimen327
\tkzLength=\dimen328
\tkz@radi=\dimen329
\tkz@ax=\dimen330
\tkz@ay=\dimen331
\tkz@bx=\dimen332
\tkz@by=\dimen333
\tkz@cx=\dimen334
\tkz@cy=\dimen335
\tkz@dx=\dimen336
\tkz@dy=\dimen337
\tkz@cntmk=\count380

Local configuration file tkz-euclide.cfg found and used
(/usr/local/texlive/2023/texmf-dist/tex/latex/tkz-euclide/tkz-euclide.cfg
2023/02/03 5.02c tkz-euclide.cfg
)
(/usr/local/texlive/2023/texmf-dist/tex/latex/tkz-euclide/tkz-tools-eu-base.tex
2023/02/03 5.02c tkz-tools-eu-base.tex
)
(/usr/local/texlive/2023/texmf-dist/tex/latex/tkz-euclide/tkz-tools-eu-utilitie
s.tex
2023/02/03 5.02c tkz-tools-eu-utilities.tex
) (/usr/local/texlive/2023/texmf-dist/tex/latex/tkz-euclide/tkz-tools-eu-BB.tex
2023/02/03 5.02c tkz-obj-eu-BB.tex
)
(/usr/local/texlive/2023/texmf-dist/tex/latex/tkz-euclide/tkz-obj-eu-grids.tex
2023/02/03 5.02c tkz-obj-eu-grids.tex
)
(/usr/local/texlive/2023/texmf-dist/tex/latex/tkz-euclide/tkz-lib-eu-marks.tex
2023/02/03 5.02c tkz-lib-eu-marks.tex
)
(/usr/local/texlive/2023/texmf-dist/tex/latex/tkz-euclide/tkz-tools-eu-text.tex
2023/02/03 5.02c tkz-tools-eu-text.tex
)
(/usr/local/texlive/2023/texmf-dist/tex/latex/tkz-euclide/tkz-lib-eu-shape.tex
2023/02/03 5.02c tkz-lib-eu-shape.tex
)
(/usr/local/texlive/2023/texmf-dist/tex/latex/tkz-euclide/tkz-obj-eu-axesmin.te
x
2023/02/03 5.02c tkz-obj-eu-axesmin
)
(/usr/local/texlive/2023/texmf-dist/tex/latex/tkz-euclide/tkz-tools-eu-colors.t
ex
2023/02/03 5.02c tkz-tools-eu-colors
)
(/usr/local/texlive/2023/texmf-dist/tex/latex/tkz-euclide/tkz-obj-eu-points.tex
2023/02/03 5.02c tkz-obj-eu-points.tex
)
(/usr/local/texlive/2023/texmf-dist/tex/latex/tkz-euclide/tkz-draw-eu-points.te
x
2023/01/24 5.01c tkz-draw-points.tex
)
(/usr/local/texlive/2023/texmf-dist/tex/latex/tkz-euclide/tkz-obj-eu-points.tex
2023/02/03 5.02c tkz-obj-eu-points.tex
)
(/usr/local/texlive/2023/texmf-dist/tex/latex/tkz-euclide/tkz-obj-eu-points-by.
tex
2023/02/03 5.02c tkz-tools-eu-points-by.tex
)
(/usr/local/texlive/2023/texmf-dist/tex/latex/tkz-euclide/tkz-tools-eu-math.tex
2023/02/03 5.02c tkz-tools-eu-math.tex
)
(/usr/local/texlive/2023/texmf-dist/tex/latex/tkz-euclide/tkz-tools-eu-intersec
tions.tex
2023/02/03 5.02c tkz-tools-eu-intersections.tex
)
(/usr/local/texlive/2023/texmf-dist/tex/latex/tkz-euclide/tkz-obj-eu-points-wit
h.tex
2023/02/03 5.02c tkz-obj-eu-points-with.tex
)
(/usr/local/texlive/2023/texmf-dist/tex/latex/tkz-euclide/tkz-obj-eu-points-spc
.tex
2023/02/03 5.02c tkz-obj-el-points.tex
)
(/usr/local/texlive/2023/texmf-dist/tex/latex/tkz-euclide/tkz-tools-eu-angles.t
ex
2023/02/03 5.02c tkz-tools-eu-angles.tex
)
(/usr/local/texlive/2023/texmf-dist/tex/latex/tkz-euclide/tkz-obj-eu-points-rnd
.tex
2023/02/03 5.02c tkz-obj-eu-points-rnd.tex
)
(/usr/local/texlive/2023/texmf-dist/tex/latex/tkz-euclide/tkz-obj-eu-circles.te
x
2023/02/03 5.02c tkz-obj-eu-circles.tex
)
(/usr/local/texlive/2023/texmf-dist/tex/latex/tkz-euclide/tkz-obj-eu-circles-by
.tex
2023/02/03 5.02c tkz-obj-eu-circles.tex
)
(/usr/local/texlive/2023/texmf-dist/tex/latex/tkz-euclide/tkz-obj-eu-lines.tex
2023/02/03 5.02c tkz-obj-eu-lines.tex
)
(/usr/local/texlive/2023/texmf-dist/tex/latex/tkz-euclide/tkz-obj-eu-polygons.t
ex
2023/02/03 5.02c tkz-obj-eu-polygons.tex
)
(/usr/local/texlive/2023/texmf-dist/tex/latex/tkz-euclide/tkz-obj-eu-triangles.
tex
2023/02/03 5.02c tkz-obj-eu-triangles.tex
)
(/usr/local/texlive/2023/texmf-dist/tex/latex/tkz-euclide/tkz-draw-eu-lines.tex
2023/02/03 5.02c tkz-obj-eu-draw-lines.tex
)
(/usr/local/texlive/2023/texmf-dist/tex/latex/tkz-euclide/tkz-draw-eu-circles.t
ex
2023/02/03 5.02c tkz-obj-eu-draw-circles.tex
)
(/usr/local/texlive/2023/texmf-dist/tex/latex/tkz-euclide/tkz-draw-eu-polygons.
tex
2023/02/03 5.02c tkz-obj-eu-polygons.tex
)
(/usr/local/texlive/2023/texmf-dist/tex/latex/tkz-euclide/tkz-draw-eu-angles.te
x
2023/02/03 5.02c tkz-tool-eu-angles.tex
)
(/usr/local/texlive/2023/texmf-dist/tex/latex/tkz-euclide/tkz-draw-eu-sectors.t
ex
2023/02/03 5.02c tkz-obj-eu-sectors.tex
)
(/usr/local/texlive/2023/texmf-dist/tex/latex/tkz-euclide/tkz-draw-eu-compass.t
ex
2023/02/03 5.02c tkz-obj-eu-compass.tex
)
(/usr/local/texlive/2023/texmf-dist/tex/latex/tkz-euclide/tkz-draw-eu-show.tex
2023/02/03 5.02c tkz-obj-eu-show.tex
)
(/usr/local/texlive/2023/texmf-dist/tex/latex/tkz-euclide/tkz-draw-eu-protracto
r.tex
2023/02/03 5.02c tkz-obj-eu-protractor.tex
))
(/usr/local/texlive/2023/texmf-dist/tex/generic/pgfplots/libs/tikzlibrarypgfplo
ts.fillbetween.code.tex
(/usr/local/texlive/2023/texmf-dist/tex/generic/pgfplots/pgfcontrib/tikzlibrary
fillbetween.code.tex
(/usr/local/texlive/2023/texmf-dist/tex/generic/pgfplots/pgfcontrib/tikzlibrary
decorations.softclip.code.tex
(/usr/local/texlive/2023/texmf-dist/tex/generic/pgfplots/pgfcontrib/pgflibraryf
illbetween.code.tex)))
(/usr/local/texlive/2023/texmf-dist/tex/generic/pgfplots/libs/tikzlibrarypgfplo
ts.decorations.softclip.code.tex))
(/usr/local/texlive/2023/texmf-dist/tex/generic/pgf/frontendlayer/tikz/librarie
s/tikzlibraryshadows.code.tex
File: tikzlibraryshadows.code.tex 2023-01-15 v3.1.10 (3.1.10)

(/usr/local/texlive/2023/texmf-dist/tex/generic/pgf/frontendlayer/tikz/librarie
s/tikzlibraryfadings.code.tex
File: tikzlibraryfadings.code.tex 2023-01-15 v3.1.10 (3.1.10)

(/usr/local/texlive/2023/texmf-dist/tex/generic/pgf/libraries/pgflibraryfadings
.code.tex
File: pgflibraryfadings.code.tex 2023-01-15 v3.1.10 (3.1.10)
)))

Package fontspec Info: Could not resolve font "AvantGarde Italic/B" (it
(fontspec)             probably doesn't exist).


Package fontspec Info: Font family 'AvantGardeBkBT(0)' created for font
(fontspec)             'AvantGarde Bk BT' with options
(fontspec)             [Ligatures=TeX,ItalicFont = {AvantGarde Italic}].
(fontspec)              
(fontspec)              This font family consists of the following NFSS
(fontspec)             series/shapes:
(fontspec)              
(fontspec)             - 'normal' (m/n) with NFSS spec.: <->"AvantGarde Bk
(fontspec)             BT/AAT:mapping=tex-text;"
(fontspec)             - 'small caps'  (m/sc) with NFSS spec.: 
(fontspec)             - 'bold' (b/n) with NFSS spec.: <->"AvantGarde Bk
(fontspec)             BT/B/AAT:mapping=tex-text;"
(fontspec)             - 'bold small caps'  (b/sc) with NFSS spec.: 
(fontspec)             - 'italic' (m/it) with NFSS spec.: <->"AvantGarde
(fontspec)             Italic/AAT:mapping=tex-text;"
(fontspec)             - 'italic small caps'  (m/scit) with NFSS spec.: 
(fontspec)             - 'bold italic' (b/it) with NFSS spec.: <->"AvantGarde
(fontspec)             Bk BT/BI/AAT:mapping=tex-text;"
(fontspec)             - 'bold italic small caps'  (b/scit) with NFSS spec.: 


(/usr/local/texlive/2023/texmf-dist/tex/latex/floatflt/floatflt.sty
Package: floatflt 1997/07/16 v. 1.31
\c@OptionTest=\count381
\figbox=\box163
\tabbox=\box164
\pagebox=\box165
\ffigcount=\count382
\ftabcount=\count383
\fftest=\count384
\hangcount=\count385
\nosuccesstryfig=\count386
\nosuccesstrytab=\count387
\figgutter=\dimen338
\tabgutter=\dimen339
\htdone=\dimen340
\pageht=\dimen341
\startpageht=\dimen342
\tabbredd=\dimen343
\floatfltwidth=\dimen344
\fltitemwidth=\dimen345
\outputpretest=\toks54
)
(/usr/local/texlive/2023/texmf-dist/tex/latex/footmisc/footmisc.sty
Package: footmisc 2022/03/08 v6.0d a miscellany of footnote facilities
\FN@temptoken=\toks55
\footnotemargin=\dimen346
\@outputbox@depth=\dimen347
Package footmisc Info: Declaring symbol style bringhurst on input line 695.
Package footmisc Info: Declaring symbol style chicago on input line 703.
Package footmisc Info: Declaring symbol style wiley on input line 712.
Package footmisc Info: Declaring symbol style lamport-robust on input line 723.

Package footmisc Info: Declaring symbol style lamport* on input line 743.
Package footmisc Info: Declaring symbol style lamport*-robust on input line 764
.
)

Package fontspec Info: Could not resolve font "Symbola/BI" (it probably
(fontspec)             doesn't exist).


Package fontspec Info: Could not resolve font "Symbola/B" (it probably doesn't
(fontspec)             exist).


Package fontspec Info: Could not resolve font "Symbola/I" (it probably doesn't
(fontspec)             exist).


Package fontspec Info: Font family 'Symbola(0)' created for font 'Symbola'
(fontspec)             with options [].
(fontspec)              
(fontspec)              This font family consists of the following NFSS
(fontspec)             series/shapes:
(fontspec)              
(fontspec)             - 'normal' (m/n) with NFSS spec.:
(fontspec)             <->"Symbola/OT:script=latn;language=dflt;"
(fontspec)             - 'small caps'  (m/sc) with NFSS spec.: 


(/usr/local/texlive/2023/texmf-dist/tex/latex/newunicodechar/newunicodechar.sty
Package: newunicodechar 2018/04/08 v1.2 Defining Unicode characters
)
Package hyperref Info: Option `breaklinks' set `true' on input line 1203.
\Textw=\skip76
\Hshift=\skip77
\Mshift=\skip78
Package hyperref Info: Option `colorlinks' set `false' on input line 1285.
 (/usr/local/texlive/2023/texmf-dist/tex/latex/cancel/cancel.sty
Package: cancel 2013/04/12 v2.2 Cancel math terms
) (./orcca.aux
Package polyglossia Info: Option: english variant=american (with additional pat
terns).
Package polyglossia Info: Option: english variant=american (with additional pat
terns).
LaTeX Info: Redefining \rmfamily on input line 17.
LaTeX Info: Redefining \sffamily on input line 17.
LaTeX Info: Redefining \ttfamily on input line 17.
Package polyglossia Info: Option: english variant=american (with additional pat
terns).
Package polyglossia Info: Option: english variant=american (with additional pat
terns).
)
\openout1 = `orcca.aux'.

LaTeX Font Info:    Checking defaults for OML/cmm/m/it on input line 1328.
LaTeX Font Info:    ... okay on input line 1328.
LaTeX Font Info:    Checking defaults for OMS/cmsy/m/n on input line 1328.
LaTeX Font Info:    ... okay on input line 1328.
LaTeX Font Info:    Checking defaults for OT1/cmr/m/n on input line 1328.
LaTeX Font Info:    ... okay on input line 1328.
LaTeX Font Info:    Checking defaults for T1/cmr/m/n on input line 1328.
LaTeX Font Info:    ... okay on input line 1328.
LaTeX Font Info:    Checking defaults for TS1/cmr/m/n on input line 1328.
LaTeX Font Info:    Trying to load font information for TS1+cmr on input line 1
328.
 (/usr/local/texlive/2023/texmf-dist/tex/latex/base/ts1cmr.fd
File: ts1cmr.fd 2022/07/10 v2.5l Standard LaTeX font definitions
)
LaTeX Font Info:    ... okay on input line 1328.
LaTeX Font Info:    Checking defaults for TU/lmr/m/n on input line 1328.
LaTeX Font Info:    ... okay on input line 1328.
LaTeX Font Info:    Checking defaults for OMX/cmex/m/n on input line 1328.
LaTeX Font Info:    ... okay on input line 1328.
LaTeX Font Info:    Checking defaults for U/cmr/m/n on input line 1328.
LaTeX Font Info:    ... okay on input line 1328.
LaTeX Font Info:    Checking defaults for PD1/pdf/m/n on input line 1328.
LaTeX Font Info:    ... okay on input line 1328.
LaTeX Font Info:    Checking defaults for PU/pdf/m/n on input line 1328.
LaTeX Font Info:    ... okay on input line 1328.
LaTeX Font Info:    Redeclaring symbol font `operators' on input line 1328.
LaTeX Font Info:    Overwriting symbol font `operators' in version `normal'
(Font)                  OT1/cmr/m/n --> OT1/AvantGardeBkBT(0)/m/up on input lin
e 1328.
LaTeX Font Info:    Overwriting symbol font `operators' in version `bold'
(Font)                  OT1/cmr/bx/n --> OT1/AvantGardeBkBT(0)/m/up on input li
ne 1328.
LaTeX Font Info:    Overwriting symbol font `operators' in version `bold'
(Font)                  OT1/AvantGardeBkBT(0)/m/up --> OT1/AvantGardeBkBT(0)/b/
up on input line 1328.
LaTeX Font Info:    Redeclaring math alphabet \mathbf on input line 1328.
LaTeX Font Info:    Overwriting math alphabet `\mathbf' in version `normal'
(Font)                  OT1/cmr/bx/n --> OT1/AvantGardeBkBT(0)/b/up on input li
ne 1328.
LaTeX Font Info:    Overwriting math alphabet `\mathbf' in version `bold'
(Font)                  OT1/cmr/bx/n --> OT1/AvantGardeBkBT(0)/b/up on input li
ne 1328.
LaTeX Font Info:    Redeclaring math alphabet \mathsf on input line 1328.
LaTeX Font Info:    Overwriting math alphabet `\mathsf' in version `normal'
(Font)                  OT1/cmss/m/n --> OT1/lmss/m/up on input line 1328.
LaTeX Font Info:    Overwriting math alphabet `\mathsf' in version `bold'
(Font)                  OT1/cmss/bx/n --> OT1/lmss/m/up on input line 1328.
LaTeX Font Info:    Redeclaring math alphabet \mathit on input line 1328.
LaTeX Font Info:    Overwriting math alphabet `\mathit' in version `normal'
(Font)                  OT1/cmr/m/it --> OT1/AvantGardeBkBT(0)/m/it on input li
ne 1328.
LaTeX Font Info:    Overwriting math alphabet `\mathit' in version `bold'
(Font)                  OT1/cmr/bx/it --> OT1/AvantGardeBkBT(0)/m/it on input l
ine 1328.
LaTeX Font Info:    Redeclaring math alphabet \mathtt on input line 1328.
LaTeX Font Info:    Overwriting math alphabet `\mathtt' in version `normal'
(Font)                  OT1/cmtt/m/n --> OT1/Inconsolatazi4-Regular.otf(0)/m/up
 on input line 1328.
LaTeX Font Info:    Overwriting math alphabet `\mathtt' in version `bold'
(Font)                  OT1/cmtt/m/n --> OT1/Inconsolatazi4-Regular.otf(0)/m/up
 on input line 1328.
LaTeX Font Info:    Overwriting math alphabet `\mathsf' in version `bold'
(Font)                  OT1/lmss/m/up --> OT1/lmss/b/up on input line 1328.
LaTeX Font Info:    Overwriting math alphabet `\mathit' in version `bold'
(Font)                  OT1/AvantGardeBkBT(0)/m/it --> OT1/AvantGardeBkBT(0)/b/
it on input line 1328.

*geometry* driver: auto-detecting
*geometry* detected driver: xetex
*geometry* verbose mode - [ preamble ] result:
* driver: xetex
* paper: custom
* layout: <same size as paper>
* layoutoffset:(h,v)=(0.0pt,0.0pt)
* modes: twoside 
* h-part:(L,W,R)=(72.26999pt, 350.0pt, 201.05875pt)
* v-part:(T,H,B)=(93.95099pt, 578.15999pt, 140.92651pt)
* \paperwidth=623.32874pt
* \paperheight=813.03749pt
* \textwidth=350.0pt
* \textheight=578.15999pt
* \oddsidemargin=0.0pt
* \evensidemargin=128.78876pt
* \topmargin=-8.38649pt
* \headheight=12.0pt
* \headsep=18.06749pt
* \topskip=10.0pt
* \footskip=25.29494pt
* \marginparwidth=125.0pt
* \marginparsep=20.0pt
* \columnsep=10.0pt
* \skip\footins=9.0pt plus 4.0pt minus 2.0pt
* \hoffset=0.0pt
* \voffset=0.0pt
* \mag=1000
* \@twocolumnfalse
* \@twosidetrue
* \@mparswitchtrue
* \@reversemarginfalse
* (1in=72.27pt=25.4mm, 1cm=28.453pt)


Package fontspec Info: Adjusting the maths setup (use [no-math] to avoid
(fontspec)             this).

\symlegacymaths=\mathgroup10
LaTeX Font Info:    Overwriting symbol font `legacymaths' in version `bold'
(Font)                  OT1/cmr/m/n --> OT1/cmr/bx/n on input line 1328.
LaTeX Font Info:    Redeclaring math accent \acute on input line 1328.
LaTeX Font Info:    Redeclaring math accent \grave on input line 1328.
LaTeX Font Info:    Redeclaring math accent \ddot on input line 1328.
LaTeX Font Info:    Redeclaring math accent \tilde on input line 1328.
LaTeX Font Info:    Redeclaring math accent \bar on input line 1328.
LaTeX Font Info:    Redeclaring math accent \breve on input line 1328.
LaTeX Font Info:    Redeclaring math accent \check on input line 1328.
LaTeX Font Info:    Redeclaring math accent \hat on input line 1328.
LaTeX Font Info:    Redeclaring math accent \dot on input line 1328.
LaTeX Font Info:    Redeclaring math accent \mathring on input line 1328.
LaTeX Font Info:    Redeclaring symbol font `operators' on input line 1328.
LaTeX Font Info:    Encoding `OT1' has changed to `TU' for symbol font
(Font)              `operators' in the math version `normal' on input line 1328
.
LaTeX Font Info:    Overwriting symbol font `operators' in version `normal'
(Font)                  OT1/AvantGardeBkBT(0)/m/up --> TU/AvantGardeBkBT(0)/m/n
 on input line 1328.
LaTeX Font Info:    Encoding `OT1' has changed to `TU' for symbol font
(Font)              `operators' in the math version `bold' on input line 1328.
LaTeX Font Info:    Overwriting symbol font `operators' in version `bold'
(Font)                  OT1/AvantGardeBkBT(0)/b/up --> TU/AvantGardeBkBT(0)/m/n
 on input line 1328.
LaTeX Font Info:    Overwriting symbol font `operators' in version `normal'
(Font)                  TU/AvantGardeBkBT(0)/m/n --> TU/AvantGardeBkBT(0)/m/n o
n input line 1328.
LaTeX Font Info:    Overwriting math alphabet `\mathit' in version `normal'
(Font)                  OT1/AvantGardeBkBT(0)/m/it --> TU/AvantGardeBkBT(0)/m/i
t on input line 1328.
LaTeX Font Info:    Overwriting math alphabet `\mathbf' in version `normal'
(Font)                  OT1/AvantGardeBkBT(0)/b/up --> TU/AvantGardeBkBT(0)/b/n
 on input line 1328.
LaTeX Font Info:    Overwriting math alphabet `\mathsf' in version `normal'
(Font)                  OT1/lmss/m/up --> TU/lmss/m/n on input line 1328.
LaTeX Font Info:    Overwriting math alphabet `\mathtt' in version `normal'
(Font)                  OT1/Inconsolatazi4-Regular.otf(0)/m/up --> TU/Inconsola
tazi4-Regular.otf(0)/m/n on input line 1328.
LaTeX Font Info:    Overwriting symbol font `operators' in version `bold'
(Font)                  TU/AvantGardeBkBT(0)/m/n --> TU/AvantGardeBkBT(0)/b/n o
n input line 1328.
LaTeX Font Info:    Overwriting math alphabet `\mathit' in version `bold'
(Font)                  OT1/AvantGardeBkBT(0)/b/it --> TU/AvantGardeBkBT(0)/b/i
t on input line 1328.
LaTeX Font Info:    Overwriting math alphabet `\mathsf' in version `bold'
(Font)                  OT1/lmss/b/up --> TU/lmss/b/n on input line 1328.
LaTeX Font Info:    Overwriting math alphabet `\mathtt' in version `bold'
(Font)                  OT1/Inconsolatazi4-Regular.otf(0)/m/up --> TU/Inconsola
tazi4-Regular.otf(0)/b/n on input line 1328.
(/usr/local/texlive/2023/texmf-dist/tex/latex/upquote/upquote.sty
Package: upquote 2012/04/19 v1.3 upright-quote and grave-accent glyphs in verba
tim
)
The property list \__xpg_alias contains the pairs (without outer braces):
>  {latex/target}  =>  {latex}
>  {english/target}  =>  {english}
>  {en/target}  =>  {english}
>  {en-AU/target}  =>  {english}
>  {en-AU/variant}  =>  {australian}
>  {en-AU/options}  =>  {variant=australian}
>  {en-CA/target}  =>  {english}
>  {en-CA/variant}  =>  {canadian}
>  {en-CA/options}  =>  {variant=canadian}
>  {en-GB/target}  =>  {english}
>  {en-GB/variant}  =>  {british}
>  {en-GB/options}  =>  {variant=british}
>  {en-NZ/target}  =>  {english}
>  {en-NZ/variant}  =>  {newzealand}
>  {en-NZ/options}  =>  {variant=newzealand}
>  {en-US/target}  =>  {english}
>  {en-US/variant}  =>  {us}
>  {en-US/options}  =>  {variant=us}
>  {american/target}  =>  {english}
>  {american/variant}  =>  {us}
>  {american/options}  =>  {variant=us}
>  {australian/target}  =>  {english}
>  {australian/variant}  =>  {australian}
>  {australian/options}  =>  {variant=australian}
>  {british/target}  =>  {english}
>  {british/variant}  =>  {british}
>  {british/options}  =>  {variant=british}
>  {canadian/target}  =>  {english}
>  {canadian/variant}  =>  {canadian}
>  {canadian/options}  =>  {variant=canadian}
>  {newzealand/target}  =>  {english}
>  {newzealand/variant}  =>  {newzealand}
>  {newzealand/options}  =>  {variant=newzealand}.
LaTeX Info: Redefining \microtypecontext on input line 1328.
Package microtype Info: Applying patch `item' on input line 1328.
Package microtype Info: Applying patch `toc' on input line 1328.
Package microtype Info: Applying patch `eqnum' on input line 1328.
Package microtype Info: Applying patch `footnote' on input line 1328.
Package microtype Info: Applying patch `verbatim' on input line 1328.
Package microtype Info: Character protrusion enabled (level 2).
Package microtype Info: Using default protrusion set `alltext'.
Package microtype Info: No adjustment of tracking.
Package microtype Info: No adjustment of spacing.
Package microtype Info: No adjustment of kerning.
Package microtype Info: Loading generic protrusion settings for font family
(microtype)             `AvantGardeBkBT' (encoding: TU).
(microtype)             For optimal results, create family-specific settings.
(microtype)             See the microtype manual for details.


Package microtype Warning: Unknown slot number of character
(microtype)                `\k A'
(microtype)                in font encoding `TU' in inheritance list
(microtype)                `microtype.cfg/411(protrusion)'.


Package microtype Warning: Unknown slot number of character
(microtype)                `\u A'
(microtype)                in font encoding `TU' in inheritance list
(microtype)                `microtype.cfg/411(protrusion)'.


Package microtype Warning: Unknown slot number of character
(microtype)                `\k a'
(microtype)                in font encoding `TU' in inheritance list
(microtype)                `microtype.cfg/411(protrusion)'.


Package microtype Warning: Unknown slot number of character
(microtype)                `\u a'
(microtype)                in font encoding `TU' in inheritance list
(microtype)                `microtype.cfg/411(protrusion)'.


Package microtype Warning: Unknown slot number of character
(microtype)                `\v D'
(microtype)                in font encoding `TU' in inheritance list
(microtype)                `microtype.cfg/411(protrusion)'.


Package microtype Warning: Unknown slot number of character
(microtype)                `\v d'
(microtype)                in font encoding `TU' in inheritance list
(microtype)                `microtype.cfg/411(protrusion)'.


Package microtype Warning: Unknown slot number of character
(microtype)                `\k E'
(microtype)                in font encoding `TU' in inheritance list
(microtype)                `microtype.cfg/411(protrusion)'.


Package microtype Warning: Unknown slot number of character
(microtype)                `\v E'
(microtype)                in font encoding `TU' in inheritance list
(microtype)                `microtype.cfg/411(protrusion)'.


Package microtype Warning: Unknown slot number of character
(microtype)                `\k e'
(microtype)                in font encoding `TU' in inheritance list
(microtype)                `microtype.cfg/411(protrusion)'.


Package microtype Warning: Unknown slot number of character
(microtype)                `\v e'
(microtype)                in font encoding `TU' in inheritance list
(microtype)                `microtype.cfg/411(protrusion)'.


Package microtype Warning: Unknown slot number of character
(microtype)                `\'L'
(microtype)                in font encoding `TU' in inheritance list
(microtype)                `microtype.cfg/411(protrusion)'.


Package microtype Warning: Unknown slot number of character
(microtype)                `\v L'
(microtype)                in font encoding `TU' in inheritance list
(microtype)                `microtype.cfg/411(protrusion)'.


Package microtype Warning: Unknown slot number of character
(microtype)                `\'l'
(microtype)                in font encoding `TU' in inheritance list
(microtype)                `microtype.cfg/411(protrusion)'.


Package microtype Warning: Unknown slot number of character
(microtype)                `\v l'
(microtype)                in font encoding `TU' in inheritance list
(microtype)                `microtype.cfg/411(protrusion)'.


Package microtype Warning: Unknown slot number of character
(microtype)                `\'N'
(microtype)                in font encoding `TU' in inheritance list
(microtype)                `microtype.cfg/411(protrusion)'.


Package microtype Warning: Unknown slot number of character
(microtype)                `\v N'
(microtype)                in font encoding `TU' in inheritance list
(microtype)                `microtype.cfg/411(protrusion)'.


Package microtype Warning: Unknown slot number of character
(microtype)                `\'n'
(microtype)                in font encoding `TU' in inheritance list
(microtype)                `microtype.cfg/411(protrusion)'.


Package microtype Warning: Unknown slot number of character
(microtype)                `\v n'
(microtype)                in font encoding `TU' in inheritance list
(microtype)                `microtype.cfg/411(protrusion)'.


Package microtype Warning: Unknown slot number of character
(microtype)                `\H O'
(microtype)                in font encoding `TU' in inheritance list
(microtype)                `microtype.cfg/411(protrusion)'.


Package microtype Warning: Unknown slot number of character
(microtype)                `\H o'
(microtype)                in font encoding `TU' in inheritance list
(microtype)                `microtype.cfg/411(protrusion)'.


Package microtype Warning: Unknown slot number of character
(microtype)                `\'R'
(microtype)                in font encoding `TU' in inheritance list
(microtype)                `microtype.cfg/411(protrusion)'.


Package microtype Warning: Unknown slot number of character
(microtype)                `\v R'
(microtype)                in font encoding `TU' in inheritance list
(microtype)                `microtype.cfg/411(protrusion)'.


Package microtype Warning: Unknown slot number of character
(microtype)                `\'r'
(microtype)                in font encoding `TU' in inheritance list
(microtype)                `microtype.cfg/411(protrusion)'.


Package microtype Warning: Unknown slot number of character
(microtype)                `\v r'
(microtype)                in font encoding `TU' in inheritance list
(microtype)                `microtype.cfg/411(protrusion)'.


Package microtype Warning: Unknown slot number of character
(microtype)                `\'S'
(microtype)                in font encoding `TU' in inheritance list
(microtype)                `microtype.cfg/411(protrusion)'.


Package microtype Warning: Unknown slot number of character
(microtype)                `\'s'
(microtype)                in font encoding `TU' in inheritance list
(microtype)                `microtype.cfg/411(protrusion)'.


Package microtype Warning: Unknown slot number of character
(microtype)                `\c T'
(microtype)                in font encoding `TU' in inheritance list
(microtype)                `microtype.cfg/411(protrusion)'.


Package microtype Warning: Unknown slot number of character
(microtype)                `\v T'
(microtype)                in font encoding `TU' in inheritance list
(microtype)                `microtype.cfg/411(protrusion)'.


Package microtype Warning: Unknown slot number of character
(microtype)                `\c t'
(microtype)                in font encoding `TU' in inheritance list
(microtype)                `microtype.cfg/411(protrusion)'.


Package microtype Warning: Unknown slot number of character
(microtype)                `\v t'
(microtype)                in font encoding `TU' in inheritance list
(microtype)                `microtype.cfg/411(protrusion)'.


Package microtype Warning: Unknown slot number of character
(microtype)                `\H U'
(microtype)                in font encoding `TU' in inheritance list
(microtype)                `microtype.cfg/411(protrusion)'.


Package microtype Warning: Unknown slot number of character
(microtype)                `\r U'
(microtype)                in font encoding `TU' in inheritance list
(microtype)                `microtype.cfg/411(protrusion)'.


Package microtype Warning: Unknown slot number of character
(microtype)                `\H u'
(microtype)                in font encoding `TU' in inheritance list
(microtype)                `microtype.cfg/411(protrusion)'.


Package microtype Warning: Unknown slot number of character
(microtype)                `\r u'
(microtype)                in font encoding `TU' in inheritance list
(microtype)                `microtype.cfg/411(protrusion)'.


Package microtype Warning: Unknown slot number of character
(microtype)                `\'Z'
(microtype)                in font encoding `TU' in inheritance list
(microtype)                `microtype.cfg/411(protrusion)'.


Package microtype Warning: Unknown slot number of character
(microtype)                `\.Z'
(microtype)                in font encoding `TU' in inheritance list
(microtype)                `microtype.cfg/411(protrusion)'.


Package microtype Warning: Unknown slot number of character
(microtype)                `\'z'
(microtype)                in font encoding `TU' in inheritance list
(microtype)                `microtype.cfg/411(protrusion)'.


Package microtype Warning: Unknown slot number of character
(microtype)                `\.z'
(microtype)                in font encoding `TU' in inheritance list
(microtype)                `microtype.cfg/411(protrusion)'.


(/usr/local/texlive/2023/texmf-dist/tex/latex/translations/translations-basic-d
ictionary-english.trsl
File: translations-basic-dictionary-english.trsl (english translation file `tra
nslations-basic-dictionary')
)
Package translations Info: loading dictionary `translations-basic-dictionary' f
or `english'. on input line 1328.
Package hyperref Info: Link coloring OFF on input line 1328.
 (./orcca.out) (./orcca.out)
\@outlinefile=\write5
\openout5 = `orcca.out'.


Package pgfplots notification 'compat/show suggested version=true': document ha
s been generated with the most recent feature set (\pgfplotsset{compat=1.18}).

Package polyglossia Info: Option: english variant=american (with additional pat
terns).
Package polyglossia Info: Option: english variant=american (with additional pat
terns).
LaTeX Info: Redefining \rmfamily on input line 1328.
LaTeX Info: Redefining \sffamily on input line 1328.
LaTeX Info: Redefining \ttfamily on input line 1328.
Package polyglossia Info: Option: english variant=american (with additional pat
terns).
Package polyglossia Info: Option: english variant=american (with additional pat
terns).
[1


] [2

] [3

]
Package microtype Info: Loading generic protrusion settings for font family
(microtype)             `Inconsolatazi4-Regular.otf' (encoding: TU).
(microtype)             For optimal results, create family-specific settings.
(microtype)             See the microtype manual for details.
LaTeX Font Info:    Trying to load font information for U+eur on input line 136
8.
 (/usr/local/texlive/2023/texmf-dist/tex/latex/amsfonts/ueur.fd
File: ueur.fd 2013/01/14 v3.01 Euler Roman
)
(/usr/local/texlive/2023/texmf-dist/tex/latex/microtype/mt-eur.cfg
File: mt-eur.cfg 2006/07/31 v1.1 microtype config. file: AMS Euler Roman (RS)
)
LaTeX Font Info:    Trying to load font information for U+euf on input line 136
8.

(/usr/local/texlive/2023/texmf-dist/tex/latex/amsfonts/ueuf.fd
File: ueuf.fd 2013/01/14 v3.01 Euler Fraktur
)
(/usr/local/texlive/2023/texmf-dist/tex/latex/microtype/mt-euf.cfg
File: mt-euf.cfg 2006/07/03 v1.1 microtype config. file: AMS Euler Fraktur (RS)

)
LaTeX Font Info:    Trying to load font information for U+eus on input line 136
8.

(/usr/local/texlive/2023/texmf-dist/tex/latex/amsfonts/ueus.fd
File: ueus.fd 2013/01/14 v3.01 Euler Script
)
(/usr/local/texlive/2023/texmf-dist/tex/latex/microtype/mt-eus.cfg
File: mt-eus.cfg 2006/07/28 v1.2 microtype config. file: AMS Euler Script (RS)
)
LaTeX Font Info:    Trying to load font information for U+euex on input line 13
68.

(/usr/local/texlive/2023/texmf-dist/tex/latex/amsfonts/ueuex.fd
File: ueuex.fd 2013/01/14 v3.01 Euler extra symbols
)
LaTeX Font Info:    Trying to load font information for U+msa on input line 136
8.

(/usr/local/texlive/2023/texmf-dist/tex/latex/amsfonts/umsa.fd
File: umsa.fd 2013/01/14 v3.01 AMS symbols A
)
(/usr/local/texlive/2023/texmf-dist/tex/latex/microtype/mt-msa.cfg
File: mt-msa.cfg 2006/02/04 v1.1 microtype config. file: AMS symbols (a) (RS)
)
LaTeX Font Info:    Trying to load font information for U+msb on input line 136
8.

(/usr/local/texlive/2023/texmf-dist/tex/latex/amsfonts/umsb.fd
File: umsb.fd 2013/01/14 v3.01 AMS symbols B
)
(/usr/local/texlive/2023/texmf-dist/tex/latex/microtype/mt-msb.cfg
File: mt-msb.cfg 2005/06/01 v1.0 microtype config. file: AMS symbols (b) (RS)
)
(/usr/local/texlive/2023/texmf-dist/tex/latex/microtype/mt-cmr.cfg
File: mt-cmr.cfg 2013/05/19 v2.2 microtype config. file: Computer Modern Roman 
(RS)
) [4

]
************************************************
Acknowledgements Acknowledgements
************************************************
************************************************
Preface To All
************************************************
[5



] [6


] [7]
LaTeX Font Info:    Font shape `TU/AvantGardeBkBT(0)/m/sl' in size <10> not ava
ilable
(Font)              Font shape `TU/AvantGardeBkBT(0)/m/it' tried instead on inp
ut line 1418.

Overfull \hbox (12.72545pt too wide) in paragraph at lines 1433--1435
[] []\TU/AvantGardeBkBT(0)/b/n/10 Tablets and Smartphones.[] \TU/AvantGardeBkBT
(0)/m/n/10 PreTeXt documents like this book are “mobile-friendly”.
 []

[8] [9] [10] (./orcca.toc
Package polyglossia Info: Option: english variant=american (with additional pat
terns).
Package polyglossia Info: Option: english variant=american (with additional pat
terns).
LaTeX Info: Redefining \rmfamily on input line 1.
LaTeX Info: Redefining \sffamily on input line 1.
LaTeX Info: Redefining \ttfamily on input line 1.
Package polyglossia Info: Option: english variant=american (with additional pat
terns).
Package polyglossia Info: Option: english variant=american (with additional pat
terns).
)
\tf@toc=\write6
\openout6 = `orcca.toc'.

 [11


] [12

]
************************************************
Part I Linear Equations and Lines
************************************************
[1

] [2]
************************************************
Part II Preparation for STEM
************************************************
[3

] [4]
************************************************
Chapter 1 Solving Quadratic Equations
************************************************
Chapter 1.
************************************************
Section 1.1 Solving Quadratic Equations by Using a Square Root
************************************************
File: generated/qrcode/section-solving-quadratic-equations-by-using-a-square-ro
ot-3-2-2.png Graphic file (type bmp)
<generated/qrcode/section-solving-quadratic-equations-by-using-a-square-root-3-
2-2.png>

LaTeX Font Warning: Font shape `TU/AvantGardeBkBT(0)/m/sc' undefined
(Font)              using `TU/AvantGardeBkBT(0)/m/n' instead on input line 1520
.


Underfull \hbox (badness 10000) in paragraph at lines 1520--1521

 []


Overfull \hbox (10.0pt too wide) in paragraph at lines 1515--1523
 $[]$ 
 []

************************************************
Subsection 1.1.1 Solving Quadratic Equations Using the Square Root Property
************************************************
[5


]
File: external/images/webwork-logo-bw.pdf Graphic file (type pdf)
<use external/images/webwork-logo-bw.pdf>
 [6]
File: external/images/webwork-logo-bw.pdf Graphic file (type pdf)
<use external/images/webwork-logo-bw.pdf>
 [7]
Overfull \hbox (35.0pt too wide) in paragraph at lines 1659--1677
\TU/Inconsolatazi4-Regular.otf(0)/m/n/10 [cross-reference to target(s) []sectio
n-rationalizing-the-denominator[] missing
 []

[8]
************************************************
Subsection 1.1.2 The Pythagorean Theorem
************************************************
[9] [10]
************************************************
Reading Questions 1.1.3 Reading Questions
************************************************
************************************************
Exercises 1.1.4 Exercises
************************************************
[11] [12]
File: generated/webwork/images/webwork-53-image-1.pdf Graphic file (type pdf)
<use generated/webwork/images/webwork-53-image-1.pdf>
File: generated/webwork/images/webwork-54-image-1.pdf Graphic file (type pdf)
<use generated/webwork/images/webwork-54-image-1.pdf>
File: generated/webwork/images/webwork-55-image-1.pdf Graphic file (type pdf)
<use generated/webwork/images/webwork-55-image-1.pdf>
File: generated/webwork/images/webwork-56-image-1.pdf Graphic file (type pdf)
<use generated/webwork/images/webwork-56-image-1.pdf>
File: generated/webwork/images/webwork-57-image-1.pdf Graphic file (type pdf)
<use generated/webwork/images/webwork-57-image-1.pdf>
File: generated/webwork/images/webwork-58-image-1.pdf Graphic file (type pdf)
<use generated/webwork/images/webwork-58-image-1.pdf>
File: generated/webwork/images/webwork-59-image-1.pdf Graphic file (type pdf)
<use generated/webwork/images/webwork-59-image-1.pdf>
File: generated/webwork/images/webwork-60-image-1.pdf Graphic file (type pdf)
<use generated/webwork/images/webwork-60-image-1.pdf>
File: generated/webwork/images/webwork-61-image-1.pdf Graphic file (type pdf)
<use generated/webwork/images/webwork-61-image-1.pdf>
File: generated/webwork/images/webwork-62-image-1.pdf Graphic file (type pdf)
<use generated/webwork/images/webwork-62-image-1.pdf>
 [13]
File: generated/webwork/images/webwork-television-set-image-1.pdf Graphic file 
(type pdf)
<use generated/webwork/images/webwork-television-set-image-1.pdf>
File: generated/webwork/images/webwork-bench-image-1.pdf Graphic file (type pdf
)
<use generated/webwork/images/webwork-bench-image-1.pdf>
File: generated/webwork/images/webwork-bench-image-2.pdf Graphic file (type pdf
)
<use generated/webwork/images/webwork-bench-image-2.pdf>
 [14]
************************************************
Section 1.2 The Quadratic Formula
************************************************
[15]
File: generated/qrcode/section-the-quadratic-formula-3-2-2.png Graphic file (ty
pe bmp)
<generated/qrcode/section-the-quadratic-formula-3-2-2.png>

Underfull \hbox (badness 10000) in paragraph at lines 2105--2106

 []


Overfull \hbox (10.0pt too wide) in paragraph at lines 2100--2108
 $[]$ 
 []

************************************************
Subsection 1.2.1 Solving Quadratic Equations with the Quadratic Formula
************************************************
[16

] [17] [18]
************************************************
Subsection 1.2.2 Applications
************************************************

Underfull \hbox (badness 10000) in paragraph at lines 2247--2248

 []


Overfull \hbox (19.4pt too wide) in paragraph at lines 2237--2250
 $[]$ 
 []

[19]
File: external/images/webwork-logo-bw.pdf Graphic file (type pdf)
<use external/images/webwork-logo-bw.pdf>
 [20]
************************************************
Subsection 1.2.3 Radical Equations
************************************************
[21] [22]
************************************************
Reading Questions 1.2.4 Reading Questions
************************************************
************************************************
Exercises 1.2.5 Exercises
************************************************
[23] [24] [25]
File: generated/webwork/images/webwork-179-image-1.pdf Graphic file (type pdf)
<use generated/webwork/images/webwork-179-image-1.pdf>
File: generated/webwork/images/webwork-180-image-1.pdf Graphic file (type pdf)
<use generated/webwork/images/webwork-180-image-1.pdf>
 [26] [27] [28

] [29] [30]
************************************************
Appendix A Unit Conversions
************************************************
Appendix A.
Missing character: There is no   (U+202F) in font Avant Garde Book BT/AAT:mappi
ng=tex-text;!
Missing character: There is no   (U+202F) in font Avant Garde Book BT/AAT:mappi
ng=tex-text;!
Missing character: There is no   (U+202F) in font Avant Garde Book BT/AAT:mappi
ng=tex-text;!
[31


]
Package microtype Info: Loading generic protrusion settings for font family
(microtype)             `lmss' (encoding: TU).
(microtype)             For optimal results, create family-specific settings.
(microtype)             See the microtype manual for details.
 [32]
runsystem(makeindex orcca.idx)...executed safely (allowed).

 (./orcca.ind)
The property list \polyglossia@langsetup contains the pairs (without outer
braces):
>  {latex/script}  =>  {latin}
>  {latex/lcscript}  =>  {latin}
>  {latex/scripttag}  =>  {}
>  {latex/language}  =>  {Latex}
>  {latex/langtag}  =>  {ENG}
>  {latex/bcp47}  =>  {}
>  {latex/hyphennames}  =>  {english}
>  {latex/direction}  =>  {LR}
>  {latex/hyphenmins}  =>  {2,3}
>  {latex/frenchspacing}  =>  {false}
>  {latex/indentfirst}  =>  {false}
>  {latex/fontsetup}  =>  {true}
>  {latex/envname}  =>  {latex}
>  {latex/babelname}  =>  {latex}
>  {latex/localnumeral}  =>  {polyglossia@C@localnumeral}
>  {latex/Localnumeral}  =>  {polyglossia@C@localnumeral}
>  {latex/DefineCommandsCmd}  =>  {use_none:n}
>  {english/script}  =>  {latin}
>  {english/lcscript}  =>  {latin}
>  {english/scripttag}  =>  {}
>  {english/language}  =>  {English}
>  {english/langtag}  =>  {ENG}
>  {english/bcp47}  =>  {en-US}
>  {english/hyphennames}  =>  {english,american,usenglish,USenglish}
>  {english/direction}  =>  {LR}
>  {english/hyphenmins}  =>  {2,3}
>  {english/frenchspacing}  =>  {false}
>  {english/indentfirst}  =>  {false}
>  {english/fontsetup}  =>  {true}
>  {english/envname}  =>  {english}
>  {english/babelname}  =>  {american}
>  {english/localnumeral}  =>  {polyglossia@C@localnumeral}
>  {english/Localnumeral}  =>  {polyglossia@C@localnumeral}
>  {english/DefineCommandsCmd}  =>  {xpg_define_language_commands:e}.
The property list \__xpg_alias contains the pairs (without outer braces):
>  {latex/target}  =>  {latex}
>  {english/target}  =>  {english}
>  {en/target}  =>  {english}
>  {en-AU/target}  =>  {english}
>  {en-AU/variant}  =>  {australian}
>  {en-AU/options}  =>  {variant=australian}
>  {en-CA/target}  =>  {english}
>  {en-CA/variant}  =>  {canadian}
>  {en-CA/options}  =>  {variant=canadian}
>  {en-GB/target}  =>  {english}
>  {en-GB/variant}  =>  {british}
>  {en-GB/options}  =>  {variant=british}
>  {en-NZ/target}  =>  {english}
>  {en-NZ/variant}  =>  {newzealand}
>  {en-NZ/options}  =>  {variant=newzealand}
>  {en-US/target}  =>  {english}
>  {en-US/variant}  =>  {us}
>  {en-US/options}  =>  {variant=us}
>  {american/target}  =>  {english}
>  {american/variant}  =>  {us}
>  {american/options}  =>  {variant=us}
>  {australian/target}  =>  {english}
>  {australian/variant}  =>  {australian}
>  {australian/options}  =>  {variant=australian}
>  {british/target}  =>  {english}
>  {british/variant}  =>  {british}
>  {british/options}  =>  {variant=british}
>  {canadian/target}  =>  {english}
>  {canadian/variant}  =>  {canadian}
>  {canadian/options}  =>  {variant=canadian}
>  {newzealand/target}  =>  {english}
>  {newzealand/variant}  =>  {newzealand}
>  {newzealand/options}  =>  {variant=newzealand}.
 [1





] (./orcca.aux
Package polyglossia Info: Option: english variant=american (with additional pat
terns).
Package polyglossia Info: Option: english variant=american (with additional pat
terns).
LaTeX Info: Redefining \rmfamily on input line 17.
LaTeX Info: Redefining \sffamily on input line 17.
LaTeX Info: Redefining \ttfamily on input line 17.
Package polyglossia Info: Option: english variant=american (with additional pat
terns).
Package polyglossia Info: Option: english variant=american (with additional pat
terns).
)

LaTeX Font Warning: Some font shapes were not available, defaults substituted.

Package rerunfilecheck Info: File `orcca.out' has not changed.
(rerunfilecheck)             Checksum: EA9302FA0D81956C4126565DE1531CDB;1627.
 ) 
Here is how much of TeX's memory you used:
 54770 strings out of 476683
 1375017 string characters out of 5804047
 2012750 words of memory out of 5000000
 73938 multiletter control sequences out of 15000+600000
 522960 words of font info for 117 fonts, out of 8000000 for 9000
 1348 hyphenation exceptions out of 8191
 83i,25n,107p,1236b,2582s stack positions out of 10000i,1000n,20000p,200000b,200000s

Output written on orcca.pdf (45 pages).
