INFO    : PreTeXt-CLI version: 2.3.10.dev20240405

INFO    : PreTeXt project found in `/Users/alex.jordan/orcca`.
WARNING : Project's CLI version could not be detected from `requirements.txt`.
WARNING : Try `pretext init --refresh` to produce a compatible file.
INFO    : Since no target was supplied, we will use "html".

INFO    : string parameters passed to extraction stylesheet: {'publisher': '/Users/alex.jordan/orcca/publication/publication.xml'}
INFO    : discovering source file's directory name: /Users/alex.jordan/orcca/src
INFO    : verifying and expanding input directory: /Users/alex.jordan/orcca/src/../generated-assets
INFO    : input directory expanded to absolute path: /Users/alex.jordan/orcca/generated-assets
INFO    : verifying and expanding input directory: /Users/alex.jordan/orcca/src/../assets
INFO    : input directory expanded to absolute path: /Users/alex.jordan/orcca/assets
INFO    : XSL conversion of /Users/alex.jordan/orcca/src/orcca.ptx by /Users/alex.jordan/.ptx/xsl/extract-pg.xsl
INFO    : successful application of /Users/alex.jordan/.ptx/xsl/extract-pg.xsl
INFO    : validating, cleaning server URL: https://webwork.pcc.edu
INFO    : building representations of PTX-authored WeBWorK problem
INFO    : sending webwork-1 to server to save in /Users/alex.jordan/orcca/generated-assets/webwork/webwork-representations.xml: origin is 'ptx'
INFO    : building representations of PTX-authored WeBWorK problem
INFO    : sending webwork-2 to server to save in /Users/alex.jordan/orcca/generated-assets/webwork/webwork-representations.xml: origin is 'ptx'
INFO    : building representations of PTX-authored WeBWorK problem
INFO    : sending webwork-3 to server to save in /Users/alex.jordan/orcca/generated-assets/webwork/webwork-representations.xml: origin is 'ptx'
INFO    : building representations of PTX-authored WeBWorK problem
INFO    : sending webwork-4 to server to save in /Users/alex.jordan/orcca/generated-assets/webwork/webwork-representations.xml: origin is 'ptx'
INFO    : building representations of PTX-authored WeBWorK problem
INFO    : sending webwork-5 to server to save in /Users/alex.jordan/orcca/generated-assets/webwork/webwork-representations.xml: origin is 'ptx'
INFO    : saving image file webwork-5-image-1.tgz (contents) in /Users/alex.jordan/orcca/generated-assets/webwork/images
INFO    : building representations of PTX-authored WeBWorK problem
INFO    : sending webwork-6 to server to save in /Users/alex.jordan/orcca/generated-assets/webwork/webwork-representations.xml: origin is 'ptx'
INFO    : building representations of PTX-authored WeBWorK problem
INFO    : sending webwork-7 to server to save in /Users/alex.jordan/orcca/generated-assets/webwork/webwork-representations.xml: origin is 'ptx'
INFO    : building representations of PTX-authored WeBWorK problem
INFO    : sending webwork-naming-variables-depth-weight to server to save in /Users/alex.jordan/orcca/generated-assets/webwork/webwork-representations.xml: origin is 'ptx'
INFO    : building representations of PTX-authored WeBWorK problem
INFO    : sending webwork-naming-variables-time-area to server to save in /Users/alex.jordan/orcca/generated-assets/webwork/webwork-representations.xml: origin is 'ptx'
INFO    : building representations of PTX-authored WeBWorK problem
INFO    : sending webwork-evaluate-xplusm-positive to server to save in /Users/alex.jordan/orcca/generated-assets/webwork/webwork-representations.xml: origin is 'ptx'
INFO    : building representations of PTX-authored WeBWorK problem
INFO    : sending webwork-11 to server to save in /Users/alex.jordan/orcca/generated-assets/webwork/webwork-representations.xml: origin is 'ptx'
INFO    : building representations of PTX-authored WeBWorK problem
INFO    : sending webwork-evaluate-xminusm-positive to server to save in /Users/alex.jordan/orcca/generated-assets/webwork/webwork-representations.xml: origin is 'ptx'
INFO    : building representations of PTX-authored WeBWorK problem
INFO    : sending webwork-13 to server to save in /Users/alex.jordan/orcca/generated-assets/webwork/webwork-representations.xml: origin is 'ptx'
INFO    : building representations of PTX-authored WeBWorK problem
INFO    : sending webwork-evaluate-xplusm-negative to server to save in /Users/alex.jordan/orcca/generated-assets/webwork/webwork-representations.xml: origin is 'ptx'
INFO    : building representations of PTX-authored WeBWorK problem
INFO    : sending webwork-15 to server to save in /Users/alex.jordan/orcca/generated-assets/webwork/webwork-representations.xml: origin is 'ptx'
INFO    : building representations of PTX-authored WeBWorK problem
INFO    : sending webwork-evaluate-xminusm-negative to server to save in /Users/alex.jordan/orcca/generated-assets/webwork/webwork-representations.xml: origin is 'ptx'
INFO    : building representations of PTX-authored WeBWorK problem
INFO    : sending webwork-17 to server to save in /Users/alex.jordan/orcca/generated-assets/webwork/webwork-representations.xml: origin is 'ptx'
INFO    : building representations of PTX-authored WeBWorK problem
INFO    : sending webwork-evaluate-minusx-negative to server to save in /Users/alex.jordan/orcca/generated-assets/webwork/webwork-representations.xml: origin is 'ptx'
INFO    : building representations of PTX-authored WeBWorK problem
INFO    : sending webwork-19 to server to save in /Users/alex.jordan/orcca/generated-assets/webwork/webwork-representations.xml: origin is 'ptx'
INFO    : building representations of PTX-authored WeBWorK problem
INFO    : sending webwork-evaluate-mxplusb-positive to server to save in /Users/alex.jordan/orcca/generated-assets/webwork/webwork-representations.xml: origin is 'ptx'
INFO    : building representations of PTX-authored WeBWorK problem
INFO    : sending webwork-21 to server to save in /Users/alex.jordan/orcca/generated-assets/webwork/webwork-representations.xml: origin is 'ptx'
INFO    : building representations of PTX-authored WeBWorK problem
INFO    : sending webwork-evaluate-mxplusb-negative to server to save in /Users/alex.jordan/orcca/generated-assets/webwork/webwork-representations.xml: origin is 'ptx'
INFO    : building representations of PTX-authored WeBWorK problem
INFO    : sending webwork-23 to server to save in /Users/alex.jordan/orcca/generated-assets/webwork/webwork-representations.xml: origin is 'ptx'
INFO    : building representations of PTX-authored WeBWorK problem
INFO    : sending webwork-evaluate-xsquared-positive-negative to server to save in /Users/alex.jordan/orcca/generated-assets/webwork/webwork-representations.xml: origin is 'ptx'
INFO    : building representations of PTX-authored WeBWorK problem
INFO    : sending webwork-25 to server to save in /Users/alex.jordan/orcca/generated-assets/webwork/webwork-representations.xml: origin is 'ptx'
INFO    : building representations of PTX-authored WeBWorK problem
INFO    : sending webwork-evaluate-minusxsquared-positive-negative to server to save in /Users/alex.jordan/orcca/generated-assets/webwork/webwork-representations.xml: origin is 'ptx'
INFO    : building representations of PTX-authored WeBWorK problem
INFO    : sending webwork-27 to server to save in /Users/alex.jordan/orcca/generated-assets/webwork/webwork-representations.xml: origin is 'ptx'
INFO    : building representations of PTX-authored WeBWorK problem
INFO    : sending webwork-evaluate-xcubed-positive-negative to server to save in /Users/alex.jordan/orcca/generated-assets/webwork/webwork-representations.xml: origin is 'ptx'
INFO    : building representations of PTX-authored WeBWorK problem
INFO    : sending webwork-29 to server to save in /Users/alex.jordan/orcca/generated-assets/webwork/webwork-representations.xml: origin is 'ptx'
INFO    : building representations of PTX-authored WeBWorK problem
INFO    : sending webwork-evaluate-mxsquared to server to save in /Users/alex.jordan/orcca/generated-assets/webwork/webwork-representations.xml: origin is 'ptx'
INFO    : building representations of PTX-authored WeBWorK problem
INFO    : sending webwork-31 to server to save in /Users/alex.jordan/orcca/generated-assets/webwork/webwork-representations.xml: origin is 'ptx'
INFO    : building representations of PTX-authored WeBWorK problem
INFO    : sending webwork-evaluate-mgroupxplusb-positive to server to save in /Users/alex.jordan/orcca/generated-assets/webwork/webwork-representations.xml: origin is 'ptx'
INFO    : building representations of PTX-authored WeBWorK problem
INFO    : sending webwork-33 to server to save in /Users/alex.jordan/orcca/generated-assets/webwork/webwork-representations.xml: origin is 'ptx'
INFO    : building representations of PTX-authored WeBWorK problem
INFO    : sending webwork-evaluate-mgroupxminushplusk-positive to server to save in /Users/alex.jordan/orcca/generated-assets/webwork/webwork-representations.xml: origin is 'ptx'
INFO    : building representations of PTX-authored WeBWorK problem
INFO    : sending webwork-35 to server to save in /Users/alex.jordan/orcca/generated-assets/webwork/webwork-representations.xml: origin is 'ptx'
INFO    : building representations of PTX-authored WeBWorK problem
INFO    : sending webwork-evaluate-monomialdenominator to server to save in /Users/alex.jordan/orcca/generated-assets/webwork/webwork-representations.xml: origin is 'ptx'
INFO    : building representations of PTX-authored WeBWorK problem
INFO    : sending webwork-37 to server to save in /Users/alex.jordan/orcca/generated-assets/webwork/webwork-representations.xml: origin is 'ptx'
INFO    : building representations of PTX-authored WeBWorK problem
INFO    : sending webwork-evaluate-linearcombination to server to save in /Users/alex.jordan/orcca/generated-assets/webwork/webwork-representations.xml: origin is 'ptx'
INFO    : building representations of PTX-authored WeBWorK problem
INFO    : sending webwork-39 to server to save in /Users/alex.jordan/orcca/generated-assets/webwork/webwork-representations.xml: origin is 'ptx'
INFO    : building representations of PTX-authored WeBWorK problem
INFO    : sending webwork-evaluate-addfractions to server to save in /Users/alex.jordan/orcca/generated-assets/webwork/webwork-representations.xml: origin is 'ptx'
INFO    : building representations of PTX-authored WeBWorK problem
INFO    : sending webwork-41 to server to save in /Users/alex.jordan/orcca/generated-assets/webwork/webwork-representations.xml: origin is 'ptx'
INFO    : building representations of PTX-authored WeBWorK problem
INFO    : sending webwork-evaluate-vertex-form to server to save in /Users/alex.jordan/orcca/generated-assets/webwork/webwork-representations.xml: origin is 'ptx'
INFO    : building representations of PTX-authored WeBWorK problem
INFO    : sending webwork-43 to server to save in /Users/alex.jordan/orcca/generated-assets/webwork/webwork-representations.xml: origin is 'ptx'
INFO    : building representations of PTX-authored WeBWorK problem
INFO    : sending webwork-evaluate-quadratic-positive to server to save in /Users/alex.jordan/orcca/generated-assets/webwork/webwork-representations.xml: origin is 'ptx'
INFO    : building representations of PTX-authored WeBWorK problem
INFO    : sending webwork-45 to server to save in /Users/alex.jordan/orcca/generated-assets/webwork/webwork-representations.xml: origin is 'ptx'
INFO    : building representations of PTX-authored WeBWorK problem
INFO    : sending webwork-evaluate-quadratic-negative to server to save in /Users/alex.jordan/orcca/generated-assets/webwork/webwork-representations.xml: origin is 'ptx'
INFO    : building representations of PTX-authored WeBWorK problem
INFO    : sending webwork-47 to server to save in /Users/alex.jordan/orcca/generated-assets/webwork/webwork-representations.xml: origin is 'ptx'
INFO    : building representations of PTX-authored WeBWorK problem
INFO    : sending webwork-evaluate-power-expression-at-negative to server to save in /Users/alex.jordan/orcca/generated-assets/webwork/webwork-representations.xml: origin is 'ptx'
INFO    : building representations of PTX-authored WeBWorK problem
INFO    : sending webwork-49 to server to save in /Users/alex.jordan/orcca/generated-assets/webwork/webwork-representations.xml: origin is 'ptx'
INFO    : building representations of PTX-authored WeBWorK problem
INFO    : sending webwork-evaluate-power-expression-at-positive to server to save in /Users/alex.jordan/orcca/generated-assets/webwork/webwork-representations.xml: origin is 'ptx'
INFO    : building representations of PTX-authored WeBWorK problem
INFO    : sending webwork-51 to server to save in /Users/alex.jordan/orcca/generated-assets/webwork/webwork-representations.xml: origin is 'ptx'
INFO    : building representations of PTX-authored WeBWorK problem
INFO    : sending webwork-evaluate-sqrt-expression to server to save in /Users/alex.jordan/orcca/generated-assets/webwork/webwork-representations.xml: origin is 'ptx'
INFO    : building representations of PTX-authored WeBWorK problem
INFO    : sending webwork-53 to server to save in /Users/alex.jordan/orcca/generated-assets/webwork/webwork-representations.xml: origin is 'ptx'
INFO    : building representations of PTX-authored WeBWorK problem
INFO    : sending webwork-evaluate-sqrt-expression-2 to server to save in /Users/alex.jordan/orcca/generated-assets/webwork/webwork-representations.xml: origin is 'ptx'
INFO    : building representations of PTX-authored WeBWorK problem
INFO    : sending webwork-55 to server to save in /Users/alex.jordan/orcca/generated-assets/webwork/webwork-representations.xml: origin is 'ptx'
INFO    : building representations of PTX-authored WeBWorK problem
INFO    : sending webwork-evaluate-absolute-value-expression to server to save in /Users/alex.jordan/orcca/generated-assets/webwork/webwork-representations.xml: origin is 'ptx'
INFO    : building representations of PTX-authored WeBWorK problem
INFO    : sending webwork-57 to server to save in /Users/alex.jordan/orcca/generated-assets/webwork/webwork-representations.xml: origin is 'ptx'
INFO    : building representations of PTX-authored WeBWorK problem
INFO    : sending webwork-evaluate-absolute-value-expression-2 to server to save in /Users/alex.jordan/orcca/generated-assets/webwork/webwork-representations.xml: origin is 'ptx'
INFO    : building representations of PTX-authored WeBWorK problem
INFO    : sending webwork-59 to server to save in /Users/alex.jordan/orcca/generated-assets/webwork/webwork-representations.xml: origin is 'ptx'
INFO    : building representations of PTX-authored WeBWorK problem
INFO    : sending webwork-evaluate-slope-formula to server to save in /Users/alex.jordan/orcca/generated-assets/webwork/webwork-representations.xml: origin is 'ptx'
INFO    : building representations of PTX-authored WeBWorK problem
INFO    : sending webwork-61 to server to save in /Users/alex.jordan/orcca/generated-assets/webwork/webwork-representations.xml: origin is 'ptx'
INFO    : building representations of PTX-authored WeBWorK problem
INFO    : sending webwork-evaluate-distance-formula to server to save in /Users/alex.jordan/orcca/generated-assets/webwork/webwork-representations.xml: origin is 'ptx'
INFO    : building representations of PTX-authored WeBWorK problem
INFO    : sending webwork-63 to server to save in /Users/alex.jordan/orcca/generated-assets/webwork/webwork-representations.xml: origin is 'ptx'
INFO    : building representations of PTX-authored WeBWorK problem
INFO    : sending webwork-celsius-to-kelvin to server to save in /Users/alex.jordan/orcca/generated-assets/webwork/webwork-representations.xml: origin is 'ptx'
INFO    : building representations of PTX-authored WeBWorK problem
INFO    : sending webwork-65 to server to save in /Users/alex.jordan/orcca/generated-assets/webwork/webwork-representations.xml: origin is 'ptx'
INFO    : building representations of PTX-authored WeBWorK problem
INFO    : sending webwork-age-of-united-states to server to save in /Users/alex.jordan/orcca/generated-assets/webwork/webwork-representations.xml: origin is 'ptx'
INFO    : building representations of PTX-authored WeBWorK problem
INFO    : sending webwork-67 to server to save in /Users/alex.jordan/orcca/generated-assets/webwork/webwork-representations.xml: origin is 'ptx'
INFO    : building representations of PTX-authored WeBWorK problem
INFO    : sending webwork-portland-to-boise to server to save in /Users/alex.jordan/orcca/generated-assets/webwork/webwork-representations.xml: origin is 'ptx'
INFO    : building representations of PTX-authored WeBWorK problem
INFO    : sending webwork-69 to server to save in /Users/alex.jordan/orcca/generated-assets/webwork/webwork-representations.xml: origin is 'ptx'
INFO    : building representations of PTX-authored WeBWorK problem
INFO    : sending webwork-hours-to-seconds to server to save in /Users/alex.jordan/orcca/generated-assets/webwork/webwork-representations.xml: origin is 'ptx'
INFO    : building representations of PTX-authored WeBWorK problem
INFO    : sending webwork-71 to server to save in /Users/alex.jordan/orcca/generated-assets/webwork/webwork-representations.xml: origin is 'ptx'
INFO    : building representations of PTX-authored WeBWorK problem
INFO    : sending webwork-celsius-to-fahrenheit to server to save in /Users/alex.jordan/orcca/generated-assets/webwork/webwork-representations.xml: origin is 'ptx'
INFO    : building representations of PTX-authored WeBWorK problem
INFO    : sending webwork-73 to server to save in /Users/alex.jordan/orcca/generated-assets/webwork/webwork-representations.xml: origin is 'ptx'
INFO    : building representations of PTX-authored WeBWorK problem
INFO    : sending webwork-target-heart-rate to server to save in /Users/alex.jordan/orcca/generated-assets/webwork/webwork-representations.xml: origin is 'ptx'
INFO    : building representations of PTX-authored WeBWorK problem
INFO    : sending webwork-75 to server to save in /Users/alex.jordan/orcca/generated-assets/webwork/webwork-representations.xml: origin is 'ptx'
INFO    : building representations of PTX-authored WeBWorK problem
INFO    : sending webwork-wealth-distribution to server to save in /Users/alex.jordan/orcca/generated-assets/webwork/webwork-representations.xml: origin is 'ptx'
INFO    : building representations of PTX-authored WeBWorK problem
INFO    : sending webwork-77 to server to save in /Users/alex.jordan/orcca/generated-assets/webwork/webwork-representations.xml: origin is 'ptx'
INFO    : building representations of PTX-authored WeBWorK problem
INFO    : sending webwork-throw-baseball to server to save in /Users/alex.jordan/orcca/generated-assets/webwork/webwork-representations.xml: origin is 'ptx'
INFO    : building representations of PTX-authored WeBWorK problem
INFO    : sending webwork-79 to server to save in /Users/alex.jordan/orcca/generated-assets/webwork/webwork-representations.xml: origin is 'ptx'
INFO    : building representations of PTX-authored WeBWorK problem
INFO    : sending webwork-high-point to server to save in /Users/alex.jordan/orcca/generated-assets/webwork/webwork-representations.xml: origin is 'ptx'
INFO    : building representations of PTX-authored WeBWorK problem
INFO    : sending webwork-81 to server to save in /Users/alex.jordan/orcca/generated-assets/webwork/webwork-representations.xml: origin is 'ptx'
INFO    : building representations of PTX-authored WeBWorK problem
INFO    : sending webwork-ball-lands to server to save in /Users/alex.jordan/orcca/generated-assets/webwork/webwork-representations.xml: origin is 'ptx'
INFO    : building representations of PTX-authored WeBWorK problem
INFO    : sending webwork-83 to server to save in /Users/alex.jordan/orcca/generated-assets/webwork/webwork-representations.xml: origin is 'ptx'
INFO    : building representations of PTX-authored WeBWorK problem
INFO    : sending webwork-cesarean-delivery to server to save in /Users/alex.jordan/orcca/generated-assets/webwork/webwork-representations.xml: origin is 'ptx'
INFO    : building representations of PTX-authored WeBWorK problem
INFO    : sending webwork-85 to server to save in /Users/alex.jordan/orcca/generated-assets/webwork/webwork-representations.xml: origin is 'ptx'
INFO    : building representations of PTX-authored WeBWorK problem
INFO    : sending webwork-diagonal-of-rectangle to server to save in /Users/alex.jordan/orcca/generated-assets/webwork/webwork-representations.xml: origin is 'ptx'
INFO    : building representations of PTX-authored WeBWorK problem
INFO    : sending webwork-87 to server to save in /Users/alex.jordan/orcca/generated-assets/webwork/webwork-representations.xml: origin is 'ptx'
INFO    : building representations of PTX-authored WeBWorK problem
INFO    : sending webwork-tent-height to server to save in /Users/alex.jordan/orcca/generated-assets/webwork/webwork-representations.xml: origin is 'ptx'
INFO    : building representations of PTX-authored WeBWorK problem
INFO    : sending webwork-89 to server to save in /Users/alex.jordan/orcca/generated-assets/webwork/webwork-representations.xml: origin is 'ptx'
INFO    : building representations of PTX-authored WeBWorK problem
INFO    : sending webwork-time-conversion-expression to server to save in /Users/alex.jordan/orcca/generated-assets/webwork/webwork-representations.xml: origin is 'ptx'
INFO    : building representations of PTX-authored WeBWorK problem
INFO    : sending webwork-distance-conversion-expression to server to save in /Users/alex.jordan/orcca/generated-assets/webwork/webwork-representations.xml: origin is 'ptx'
INFO    : building representations of PTX-authored WeBWorK problem
INFO    : sending webwork-fish-population-expression to server to save in /Users/alex.jordan/orcca/generated-assets/webwork/webwork-representations.xml: origin is 'ptx'
INFO    : building representations of PTX-authored WeBWorK problem
INFO    : sending webwork-evaporation-expression to server to save in /Users/alex.jordan/orcca/generated-assets/webwork/webwork-representations.xml: origin is 'ptx'
INFO    : building representations of PTX-authored WeBWorK problem
INFO    : sending webwork-cousins-expression to server to save in /Users/alex.jordan/orcca/generated-assets/webwork/webwork-representations.xml: origin is 'ptx'
INFO    : building representations of PTX-authored WeBWorK problem
INFO    : sending webwork-eggs-expression to server to save in /Users/alex.jordan/orcca/generated-assets/webwork/webwork-representations.xml: origin is 'ptx'
INFO    : building representations of PTX-authored WeBWorK problem
INFO    : sending webwork-rental-fee-expression to server to save in /Users/alex.jordan/orcca/generated-assets/webwork/webwork-representations.xml: origin is 'ptx'
INFO    : building representations of PTX-authored WeBWorK problem
INFO    : sending webwork-classroom-area-expression to server to save in /Users/alex.jordan/orcca/generated-assets/webwork/webwork-representations.xml: origin is 'ptx'
INFO    : building representations of PTX-authored WeBWorK problem
INFO    : sending webwork-98 to server to save in /Users/alex.jordan/orcca/generated-assets/webwork/webwork-representations.xml: origin is 'ptx'
INFO    : building representations of PTX-authored WeBWorK problem
INFO    : sending webwork-combine-like-terms to server to save in /Users/alex.jordan/orcca/generated-assets/webwork/webwork-representations.xml: origin is 'ptx'
INFO    : building representations of PTX-authored WeBWorK problem
INFO    : sending webwork-100 to server to save in /Users/alex.jordan/orcca/generated-assets/webwork/webwork-representations.xml: origin is 'ptx'
INFO    : saving image file webwork-100-image-1.tgz (contents) in /Users/alex.jordan/orcca/generated-assets/webwork/images
INFO    : building representations of PTX-authored WeBWorK problem
INFO    : sending webwork-add-same-denominator-no-reduce to server to save in /Users/alex.jordan/orcca/generated-assets/webwork/webwork-representations.xml: origin is 'ptx'
INFO    : building representations of PTX-authored WeBWorK problem
INFO    : sending webwork-102 to server to save in /Users/alex.jordan/orcca/generated-assets/webwork/webwork-representations.xml: origin is 'ptx'
INFO    : building representations of PTX-authored WeBWorK problem
INFO    : sending webwork-subtract-same-denominator-no-reduce to server to save in /Users/alex.jordan/orcca/generated-assets/webwork/webwork-representations.xml: origin is 'ptx'
INFO    : building representations of PTX-authored WeBWorK problem
INFO    : sending webwork-104 to server to save in /Users/alex.jordan/orcca/generated-assets/webwork/webwork-representations.xml: origin is 'ptx'
INFO    : building representations of PTX-authored WeBWorK problem
INFO    : sending webwork-add-same-denominator-reduce to server to save in /Users/alex.jordan/orcca/generated-assets/webwork/webwork-representations.xml: origin is 'ptx'
INFO    : building representations of PTX-authored WeBWorK problem
INFO    : sending webwork-106 to server to save in /Users/alex.jordan/orcca/generated-assets/webwork/webwork-representations.xml: origin is 'ptx'
INFO    : building representations of PTX-authored WeBWorK problem
INFO    : sending webwork-subtract-same-denominator-reduce to server to save in /Users/alex.jordan/orcca/generated-assets/webwork/webwork-representations.xml: origin is 'ptx'
INFO    : building representations of PTX-authored WeBWorK problem
INFO    : sending webwork-108 to server to save in /Users/alex.jordan/orcca/generated-assets/webwork/webwork-representations.xml: origin is 'ptx'
INFO    : building representations of PTX-authored WeBWorK problem
INFO    : sending webwork-add-integer-fraction to server to save in /Users/alex.jordan/orcca/generated-assets/webwork/webwork-representations.xml: origin is 'ptx'
INFO    : building representations of PTX-authored WeBWorK problem
INFO    : sending webwork-110 to server to save in /Users/alex.jordan/orcca/generated-assets/webwork/webwork-representations.xml: origin is 'ptx'
INFO    : building representations of PTX-authored WeBWorK problem
INFO    : sending webwork-subtract-integer-fraction to server to save in /Users/alex.jordan/orcca/generated-assets/webwork/webwork-representations.xml: origin is 'ptx'
INFO    : building representations of PTX-authored WeBWorK problem
INFO    : sending webwork-112 to server to save in /Users/alex.jordan/orcca/generated-assets/webwork/webwork-representations.xml: origin is 'ptx'
INFO    : building representations of PTX-authored WeBWorK problem
INFO    : sending webwork-add-fractions-rel-prime-denoms to server to save in /Users/alex.jordan/orcca/generated-assets/webwork/webwork-representations.xml: origin is 'ptx'
INFO    : building representations of PTX-authored WeBWorK problem
INFO    : sending webwork-114 to server to save in /Users/alex.jordan/orcca/generated-assets/webwork/webwork-representations.xml: origin is 'ptx'
INFO    : building representations of PTX-authored WeBWorK problem
INFO    : sending webwork-subtract-fractions-rel-prime-denoms to server to save in /Users/alex.jordan/orcca/generated-assets/webwork/webwork-representations.xml: origin is 'ptx'
INFO    : building representations of PTX-authored WeBWorK problem
INFO    : sending webwork-116 to server to save in /Users/alex.jordan/orcca/generated-assets/webwork/webwork-representations.xml: origin is 'ptx'
INFO    : building representations of PTX-authored WeBWorK problem
INFO    : sending webwork-add-fractions-one-build-no-reduce to server to save in /Users/alex.jordan/orcca/generated-assets/webwork/webwork-representations.xml: origin is 'ptx'
INFO    : building representations of PTX-authored WeBWorK problem
INFO    : sending webwork-118 to server to save in /Users/alex.jordan/orcca/generated-assets/webwork/webwork-representations.xml: origin is 'ptx'
INFO    : building representations of PTX-authored WeBWorK problem
INFO    : sending webwork-subtract-fractions-one-build-no-reduce to server to save in /Users/alex.jordan/orcca/generated-assets/webwork/webwork-representations.xml: origin is 'ptx'
INFO    : building representations of PTX-authored WeBWorK problem
INFO    : sending webwork-120 to server to save in /Users/alex.jordan/orcca/generated-assets/webwork/webwork-representations.xml: origin is 'ptx'
INFO    : building representations of PTX-authored WeBWorK problem
INFO    : sending webwork-add-fractions-one-build-reduce to server to save in /Users/alex.jordan/orcca/generated-assets/webwork/webwork-representations.xml: origin is 'ptx'
INFO    : building representations of PTX-authored WeBWorK problem
INFO    : sending webwork-122 to server to save in /Users/alex.jordan/orcca/generated-assets/webwork/webwork-representations.xml: origin is 'ptx'
INFO    : building representations of PTX-authored WeBWorK problem
INFO    : sending webwork-subtract-fractions-one-build-reduce to server to save in /Users/alex.jordan/orcca/generated-assets/webwork/webwork-representations.xml: origin is 'ptx'
INFO    : building representations of PTX-authored WeBWorK problem
INFO    : sending webwork-124 to server to save in /Users/alex.jordan/orcca/generated-assets/webwork/webwork-representations.xml: origin is 'ptx'
INFO    : building representations of PTX-authored WeBWorK problem
INFO    : sending webwork-add-fractions-two-build-no-reduce to server to save in /Users/alex.jordan/orcca/generated-assets/webwork/webwork-representations.xml: origin is 'ptx'
INFO    : building representations of PTX-authored WeBWorK problem
INFO    : sending webwork-126 to server to save in /Users/alex.jordan/orcca/generated-assets/webwork/webwork-representations.xml: origin is 'ptx'
INFO    : building representations of PTX-authored WeBWorK problem
INFO    : sending webwork-subtract-fractions-two-build-no-reduce to server to save in /Users/alex.jordan/orcca/generated-assets/webwork/webwork-representations.xml: origin is 'ptx'
INFO    : building representations of PTX-authored WeBWorK problem
INFO    : sending webwork-128 to server to save in /Users/alex.jordan/orcca/generated-assets/webwork/webwork-representations.xml: origin is 'ptx'
INFO    : building representations of PTX-authored WeBWorK problem
INFO    : sending webwork-add-fractions-two-build-reduce to server to save in /Users/alex.jordan/orcca/generated-assets/webwork/webwork-representations.xml: origin is 'ptx'
INFO    : building representations of PTX-authored WeBWorK problem
INFO    : sending webwork-130 to server to save in /Users/alex.jordan/orcca/generated-assets/webwork/webwork-representations.xml: origin is 'ptx'
INFO    : building representations of PTX-authored WeBWorK problem
INFO    : sending webwork-subtract-fractions-two-build-reduce to server to save in /Users/alex.jordan/orcca/generated-assets/webwork/webwork-representations.xml: origin is 'ptx'
INFO    : building representations of PTX-authored WeBWorK problem
INFO    : sending webwork-132 to server to save in /Users/alex.jordan/orcca/generated-assets/webwork/webwork-representations.xml: origin is 'ptx'
INFO    : building representations of PTX-authored WeBWorK problem
INFO    : sending webwork-list-terms-distinct-variables to server to save in /Users/alex.jordan/orcca/generated-assets/webwork/webwork-representations.xml: origin is 'ptx'
INFO    : building representations of PTX-authored WeBWorK problem
INFO    : sending webwork-134 to server to save in /Users/alex.jordan/orcca/generated-assets/webwork/webwork-representations.xml: origin is 'ptx'
INFO    : building representations of PTX-authored WeBWorK problem
INFO    : sending webwork-list-terms-two-variables to server to save in /Users/alex.jordan/orcca/generated-assets/webwork/webwork-representations.xml: origin is 'ptx'
INFO    : building representations of PTX-authored WeBWorK problem
INFO    : sending webwork-136 to server to save in /Users/alex.jordan/orcca/generated-assets/webwork/webwork-representations.xml: origin is 'ptx'
INFO    : building representations of PTX-authored WeBWorK problem
INFO    : sending webwork-list-terms-distinct-powers to server to save in /Users/alex.jordan/orcca/generated-assets/webwork/webwork-representations.xml: origin is 'ptx'
INFO    : building representations of PTX-authored WeBWorK problem
INFO    : sending webwork-138 to server to save in /Users/alex.jordan/orcca/generated-assets/webwork/webwork-representations.xml: origin is 'ptx'
INFO    : building representations of PTX-authored WeBWorK problem
INFO    : sending webwork-list-terms-two-powers to server to save in /Users/alex.jordan/orcca/generated-assets/webwork/webwork-representations.xml: origin is 'ptx'
INFO    : building representations of PTX-authored WeBWorK problem
INFO    : sending webwork-140 to server to save in /Users/alex.jordan/orcca/generated-assets/webwork/webwork-representations.xml: origin is 'ptx'
INFO    : building representations of PTX-authored WeBWorK problem
INFO    : sending webwork-combine-two-terms-no-frac-one-or-two-decimal to server to save in /Users/alex.jordan/orcca/generated-assets/webwork/webwork-representations.xml: origin is 'ptx'
INFO    : building representations of PTX-authored WeBWorK problem
INFO    : sending webwork-142 to server to save in /Users/alex.jordan/orcca/generated-assets/webwork/webwork-representations.xml: origin is 'ptx'
INFO    : building representations of PTX-authored WeBWorK problem
INFO    : sending webwork-combine-two-terms-no-decimals-one-or-two-frac to server to save in /Users/alex.jordan/orcca/generated-assets/webwork/webwork-representations.xml: origin is 'ptx'
INFO    : building representations of PTX-authored WeBWorK problem
INFO    : sending webwork-144 to server to save in /Users/alex.jordan/orcca/generated-assets/webwork/webwork-representations.xml: origin is 'ptx'
INFO    : building representations of PTX-authored WeBWorK problem
INFO    : sending webwork-combine-two-terms-no-combine to server to save in /Users/alex.jordan/orcca/generated-assets/webwork/webwork-representations.xml: origin is 'ptx'
INFO    : building representations of PTX-authored WeBWorK problem
INFO    : sending webwork-146 to server to save in /Users/alex.jordan/orcca/generated-assets/webwork/webwork-representations.xml: origin is 'ptx'
INFO    : building representations of PTX-authored WeBWorK problem
INFO    : sending webwork-combine-three-terms-distinct-powers to server to save in /Users/alex.jordan/orcca/generated-assets/webwork/webwork-representations.xml: origin is 'ptx'
INFO    : building representations of PTX-authored WeBWorK problem
INFO    : sending webwork-148 to server to save in /Users/alex.jordan/orcca/generated-assets/webwork/webwork-representations.xml: origin is 'ptx'
INFO    : building representations of PTX-authored WeBWorK problem
INFO    : sending webwork-combine-three-terms-two-combine-distinct-variables-fractions to server to save in /Users/alex.jordan/orcca/generated-assets/webwork/webwork-representations.xml: origin is 'ptx'
INFO    : building representations of PTX-authored WeBWorK problem
INFO    : sending webwork-150 to server to save in /Users/alex.jordan/orcca/generated-assets/webwork/webwork-representations.xml: origin is 'ptx'
INFO    : building representations of PTX-authored WeBWorK problem
INFO    : sending webwork-combine-three-terms-two-combine-distinct-variables-decimals to server to save in /Users/alex.jordan/orcca/generated-assets/webwork/webwork-representations.xml: origin is 'ptx'
INFO    : building representations of PTX-authored WeBWorK problem
INFO    : sending webwork-152 to server to save in /Users/alex.jordan/orcca/generated-assets/webwork/webwork-representations.xml: origin is 'ptx'
INFO    : building representations of PTX-authored WeBWorK problem
INFO    : sending webwork-combine-three-terms-two-combine-distinct-powers-fractions to server to save in /Users/alex.jordan/orcca/generated-assets/webwork/webwork-representations.xml: origin is 'ptx'
INFO    : building representations of PTX-authored WeBWorK problem
INFO    : sending webwork-154 to server to save in /Users/alex.jordan/orcca/generated-assets/webwork/webwork-representations.xml: origin is 'ptx'
INFO    : building representations of PTX-authored WeBWorK problem
INFO    : sending webwork-combine-three-terms-two-combine-distinct-powers-decimals to server to save in /Users/alex.jordan/orcca/generated-assets/webwork/webwork-representations.xml: origin is 'ptx'
INFO    : building representations of PTX-authored WeBWorK problem
INFO    : sending webwork-156 to server to save in /Users/alex.jordan/orcca/generated-assets/webwork/webwork-representations.xml: origin is 'ptx'
INFO    : building representations of PTX-authored WeBWorK problem
INFO    : sending webwork-combine-three-terms-fractions to server to save in /Users/alex.jordan/orcca/generated-assets/webwork/webwork-representations.xml: origin is 'ptx'
INFO    : building representations of PTX-authored WeBWorK problem
INFO    : sending webwork-158 to server to save in /Users/alex.jordan/orcca/generated-assets/webwork/webwork-representations.xml: origin is 'ptx'
INFO    : building representations of PTX-authored WeBWorK problem
INFO    : sending webwork-combine-three-terms-decimals to server to save in /Users/alex.jordan/orcca/generated-assets/webwork/webwork-representations.xml: origin is 'ptx'
INFO    : building representations of PTX-authored WeBWorK problem
INFO    : sending webwork-160 to server to save in /Users/alex.jordan/orcca/generated-assets/webwork/webwork-representations.xml: origin is 'ptx'
INFO    : building representations of PTX-authored WeBWorK problem
INFO    : sending webwork-combine-four-terms-distinct-variables-fractions to server to save in /Users/alex.jordan/orcca/generated-assets/webwork/webwork-representations.xml: origin is 'ptx'
INFO    : building representations of PTX-authored WeBWorK problem
INFO    : sending webwork-162 to server to save in /Users/alex.jordan/orcca/generated-assets/webwork/webwork-representations.xml: origin is 'ptx'
INFO    : building representations of PTX-authored WeBWorK problem
INFO    : sending webwork-combine-four-terms-distinct-variables-decimals to server to save in /Users/alex.jordan/orcca/generated-assets/webwork/webwork-representations.xml: origin is 'ptx'
INFO    : building representations of PTX-authored WeBWorK problem
INFO    : sending webwork-164 to server to save in /Users/alex.jordan/orcca/generated-assets/webwork/webwork-representations.xml: origin is 'ptx'
INFO    : building representations of PTX-authored WeBWorK problem
INFO    : sending webwork-combine-four-terms-distinct-powers-decimals to server to save in /Users/alex.jordan/orcca/generated-assets/webwork/webwork-representations.xml: origin is 'ptx'
INFO    : building representations of PTX-authored WeBWorK problem
INFO    : sending webwork-166 to server to save in /Users/alex.jordan/orcca/generated-assets/webwork/webwork-representations.xml: origin is 'ptx'
INFO    : building representations of PTX-authored WeBWorK problem
INFO    : sending webwork-combine-four-terms-distinct-powers-fractions to server to save in /Users/alex.jordan/orcca/generated-assets/webwork/webwork-representations.xml: origin is 'ptx'
INFO    : building representations of PTX-authored WeBWorK problem
INFO    : sending webwork-168 to server to save in /Users/alex.jordan/orcca/generated-assets/webwork/webwork-representations.xml: origin is 'ptx'
INFO    : building representations of PTX-authored WeBWorK problem
INFO    : sending webwork-quadrilateral-perimeter-combine-like-terms to server to save in /Users/alex.jordan/orcca/generated-assets/webwork/webwork-representations.xml: origin is 'ptx'
INFO    : saving image file webwork-quadrilateral-perimeter-combine-like-terms-image-1.tgz (contents) in /Users/alex.jordan/orcca/generated-assets/webwork/images
INFO    : building representations of PTX-authored WeBWorK problem
INFO    : sending webwork-170 to server to save in /Users/alex.jordan/orcca/generated-assets/webwork/webwork-representations.xml: origin is 'ptx'
INFO    : saving image file webwork-170-image-1.tgz (contents) in /Users/alex.jordan/orcca/generated-assets/webwork/images
INFO    : building representations of PTX-authored WeBWorK problem
INFO    : sending webwork-hexagon-perimeter-combine-like-terms-decimals to server to save in /Users/alex.jordan/orcca/generated-assets/webwork/webwork-representations.xml: origin is 'ptx'
INFO    : saving image file webwork-hexagon-perimeter-combine-like-terms-decimals-image-1.tgz (contents) in /Users/alex.jordan/orcca/generated-assets/webwork/images
INFO    : building representations of PTX-authored WeBWorK problem
INFO    : sending webwork-172 to server to save in /Users/alex.jordan/orcca/generated-assets/webwork/webwork-representations.xml: origin is 'ptx'
INFO    : saving image file webwork-172-image-1.tgz (contents) in /Users/alex.jordan/orcca/generated-assets/webwork/images
INFO    : building representations of PTX-authored WeBWorK problem
INFO    : sending webwork-hexagon-perimeter-combine-like-terms-fractions to server to save in /Users/alex.jordan/orcca/generated-assets/webwork/webwork-representations.xml: origin is 'ptx'
INFO    : saving image file webwork-hexagon-perimeter-combine-like-terms-fractions-image-1.tgz (contents) in /Users/alex.jordan/orcca/generated-assets/webwork/images
INFO    : building representations of PTX-authored WeBWorK problem
INFO    : sending webwork-174 to server to save in /Users/alex.jordan/orcca/generated-assets/webwork/webwork-representations.xml: origin is 'ptx'
INFO    : saving image file webwork-174-image-1.tgz (contents) in /Users/alex.jordan/orcca/generated-assets/webwork/images
INFO    : building representations of PTX-authored WeBWorK problem
INFO    : sending webwork-175 to server to save in /Users/alex.jordan/orcca/generated-assets/webwork/webwork-representations.xml: origin is 'ptx'
INFO    : building representations of PTX-authored WeBWorK problem
INFO    : sending webwork-combine-like-terms-pies-and-cakes to server to save in /Users/alex.jordan/orcca/generated-assets/webwork/webwork-representations.xml: origin is 'ptx'
INFO    : building representations of PTX-authored WeBWorK problem
INFO    : sending webwork-177 to server to save in /Users/alex.jordan/orcca/generated-assets/webwork/webwork-representations.xml: origin is 'ptx'
INFO    : building representations of PTX-authored WeBWorK problem
INFO    : sending webwork-178 to server to save in /Users/alex.jordan/orcca/generated-assets/webwork/webwork-representations.xml: origin is 'ptx'
INFO    : building representations of PTX-authored WeBWorK problem
INFO    : sending webwork-179 to server to save in /Users/alex.jordan/orcca/generated-assets/webwork/webwork-representations.xml: origin is 'ptx'
INFO    : building representations of PTX-authored WeBWorK problem
INFO    : sending webwork-180 to server to save in /Users/alex.jordan/orcca/generated-assets/webwork/webwork-representations.xml: origin is 'ptx'
INFO    : saving image file webwork-180-image-1.tgz (contents) in /Users/alex.jordan/orcca/generated-assets/webwork/images
INFO    : saving image file webwork-180-image-2.tgz (contents) in /Users/alex.jordan/orcca/generated-assets/webwork/images
INFO    : building representations of PTX-authored WeBWorK problem
INFO    : sending webwork-181 to server to save in /Users/alex.jordan/orcca/generated-assets/webwork/webwork-representations.xml: origin is 'ptx'
INFO    : saving image file webwork-181-image-1.tgz (contents) in /Users/alex.jordan/orcca/generated-assets/webwork/images
INFO    : saving image file webwork-181-image-2.tgz (contents) in /Users/alex.jordan/orcca/generated-assets/webwork/images
INFO    : saving image file webwork-181-image-3.tgz (contents) in /Users/alex.jordan/orcca/generated-assets/webwork/images
INFO    : building representations of PTX-authored WeBWorK problem
INFO    : sending webwork-182 to server to save in /Users/alex.jordan/orcca/generated-assets/webwork/webwork-representations.xml: origin is 'ptx'
INFO    : saving image file webwork-182-image-1.tgz (contents) in /Users/alex.jordan/orcca/generated-assets/webwork/images
INFO    : saving image file webwork-182-image-2.tgz (contents) in /Users/alex.jordan/orcca/generated-assets/webwork/images
INFO    : saving image file webwork-182-image-3.tgz (contents) in /Users/alex.jordan/orcca/generated-assets/webwork/images
INFO    : building representations of PTX-authored WeBWorK problem
INFO    : sending webwork-convert-fraction-to-decimal-denominator-5 to server to save in /Users/alex.jordan/orcca/generated-assets/webwork/webwork-representations.xml: origin is 'ptx'
INFO    : building representations of PTX-authored WeBWorK problem
INFO    : sending webwork-184 to server to save in /Users/alex.jordan/orcca/generated-assets/webwork/webwork-representations.xml: origin is 'ptx'
INFO    : building representations of PTX-authored WeBWorK problem
INFO    : sending webwork-convert-fraction-to-decimal-denominator-4 to server to save in /Users/alex.jordan/orcca/generated-assets/webwork/webwork-representations.xml: origin is 'ptx'
INFO    : building representations of PTX-authored WeBWorK problem
INFO    : sending webwork-186 to server to save in /Users/alex.jordan/orcca/generated-assets/webwork/webwork-representations.xml: origin is 'ptx'
INFO    : building representations of PTX-authored WeBWorK problem
INFO    : sending webwork-convert-fraction-to-decimal-denominator-8 to server to save in /Users/alex.jordan/orcca/generated-assets/webwork/webwork-representations.xml: origin is 'ptx'
INFO    : building representations of PTX-authored WeBWorK problem
INFO    : sending webwork-188 to server to save in /Users/alex.jordan/orcca/generated-assets/webwork/webwork-representations.xml: origin is 'ptx'
INFO    : building representations of PTX-authored WeBWorK problem
INFO    : sending webwork-convert-fraction-to-decimal-denominator-20 to server to save in /Users/alex.jordan/orcca/generated-assets/webwork/webwork-representations.xml: origin is 'ptx'
INFO    : building representations of PTX-authored WeBWorK problem
INFO    : sending webwork-190 to server to save in /Users/alex.jordan/orcca/generated-assets/webwork/webwork-representations.xml: origin is 'ptx'
INFO    : building representations of PTX-authored WeBWorK problem
INFO    : sending webwork-convert-fraction-to-decimal-denominator-3 to server to save in /Users/alex.jordan/orcca/generated-assets/webwork/webwork-representations.xml: origin is 'ptx'
INFO    : building representations of PTX-authored WeBWorK problem
INFO    : sending webwork-192 to server to save in /Users/alex.jordan/orcca/generated-assets/webwork/webwork-representations.xml: origin is 'ptx'
INFO    : building representations of PTX-authored WeBWorK problem
INFO    : sending webwork-convert-fraction-to-decimal-denominator-6 to server to save in /Users/alex.jordan/orcca/generated-assets/webwork/webwork-representations.xml: origin is 'ptx'
INFO    : building representations of PTX-authored WeBWorK problem
INFO    : sending webwork-194 to server to save in /Users/alex.jordan/orcca/generated-assets/webwork/webwork-representations.xml: origin is 'ptx'
INFO    : building representations of PTX-authored WeBWorK problem
INFO    : sending webwork-convert-fraction-to-decimal-denominator-7or11 to server to save in /Users/alex.jordan/orcca/generated-assets/webwork/webwork-representations.xml: origin is 'ptx'
INFO    : building representations of PTX-authored WeBWorK problem
INFO    : sending webwork-196 to server to save in /Users/alex.jordan/orcca/generated-assets/webwork/webwork-representations.xml: origin is 'ptx'
INFO    : building representations of PTX-authored WeBWorK problem
INFO    : sending webwork-convert-fraction-to-decimal-denominator-9or12 to server to save in /Users/alex.jordan/orcca/generated-assets/webwork/webwork-representations.xml: origin is 'ptx'
INFO    : building representations of PTX-authored WeBWorK problem
INFO    : sending webwork-198 to server to save in /Users/alex.jordan/orcca/generated-assets/webwork/webwork-representations.xml: origin is 'ptx'
INFO    : building representations of PTX-authored WeBWorK problem
INFO    : sending webwork-true-false-compare-negative-integers to server to save in /Users/alex.jordan/orcca/generated-assets/webwork/webwork-representations.xml: origin is 'ptx'
INFO    : building representations of PTX-authored WeBWorK problem
INFO    : sending webwork-200 to server to save in /Users/alex.jordan/orcca/generated-assets/webwork/webwork-representations.xml: origin is 'ptx'
INFO    : building representations of PTX-authored WeBWorK problem
INFO    : sending webwork-true-false-compare-negative-decimals to server to save in /Users/alex.jordan/orcca/generated-assets/webwork/webwork-representations.xml: origin is 'ptx'
INFO    : building representations of PTX-authored WeBWorK problem
INFO    : sending webwork-202 to server to save in /Users/alex.jordan/orcca/generated-assets/webwork/webwork-representations.xml: origin is 'ptx'
INFO    : building representations of PTX-authored WeBWorK problem
INFO    : sending webwork-true-false-compare-fractions to server to save in /Users/alex.jordan/orcca/generated-assets/webwork/webwork-representations.xml: origin is 'ptx'
INFO    : building representations of PTX-authored WeBWorK problem
INFO    : sending webwork-204 to server to save in /Users/alex.jordan/orcca/generated-assets/webwork/webwork-representations.xml: origin is 'ptx'
INFO    : building representations of PTX-authored WeBWorK problem
INFO    : sending webwork-true-false-compare-fraction-to-decimal to server to save in /Users/alex.jordan/orcca/generated-assets/webwork/webwork-representations.xml: origin is 'ptx'
INFO    : building representations of PTX-authored WeBWorK problem
INFO    : sending webwork-206 to server to save in /Users/alex.jordan/orcca/generated-assets/webwork/webwork-representations.xml: origin is 'ptx'
INFO    : building representations of PTX-authored WeBWorK problem
INFO    : sending webwork-207 to server to save in /Users/alex.jordan/orcca/generated-assets/webwork/webwork-representations.xml: origin is 'ptx'
INFO    : building representations of PTX-authored WeBWorK problem
INFO    : sending webwork-208 to server to save in /Users/alex.jordan/orcca/generated-assets/webwork/webwork-representations.xml: origin is 'ptx'
INFO    : building representations of PTX-authored WeBWorK problem
INFO    : sending webwork-compare-negative-decimals to server to save in /Users/alex.jordan/orcca/generated-assets/webwork/webwork-representations.xml: origin is 'ptx'
INFO    : building representations of PTX-authored WeBWorK problem
INFO    : sending webwork-210 to server to save in /Users/alex.jordan/orcca/generated-assets/webwork/webwork-representations.xml: origin is 'ptx'
INFO    : building representations of PTX-authored WeBWorK problem
INFO    : sending webwork-compare-positive-fractions to server to save in /Users/alex.jordan/orcca/generated-assets/webwork/webwork-representations.xml: origin is 'ptx'
INFO    : building representations of PTX-authored WeBWorK problem
INFO    : sending webwork-212 to server to save in /Users/alex.jordan/orcca/generated-assets/webwork/webwork-representations.xml: origin is 'ptx'
INFO    : building representations of PTX-authored WeBWorK problem
INFO    : sending webwork-compare-negative-fractions to server to save in /Users/alex.jordan/orcca/generated-assets/webwork/webwork-representations.xml: origin is 'ptx'
INFO    : building representations of PTX-authored WeBWorK problem
INFO    : sending webwork-214 to server to save in /Users/alex.jordan/orcca/generated-assets/webwork/webwork-representations.xml: origin is 'ptx'
INFO    : building representations of PTX-authored WeBWorK problem
INFO    : sending webwork-compare-fraction-with-decimal to server to save in /Users/alex.jordan/orcca/generated-assets/webwork/webwork-representations.xml: origin is 'ptx'
INFO    : building representations of PTX-authored WeBWorK problem
INFO    : sending webwork-216 to server to save in /Users/alex.jordan/orcca/generated-assets/webwork/webwork-representations.xml: origin is 'ptx'
INFO    : building representations of PTX-authored WeBWorK problem
INFO    : sending webwork-compare-fraction-to-decimal to server to save in /Users/alex.jordan/orcca/generated-assets/webwork/webwork-representations.xml: origin is 'ptx'
INFO    : building representations of PTX-authored WeBWorK problem
INFO    : sending webwork-218 to server to save in /Users/alex.jordan/orcca/generated-assets/webwork/webwork-representations.xml: origin is 'ptx'
INFO    : building representations of PTX-authored WeBWorK problem
INFO    : sending webwork-ordering-integers to server to save in /Users/alex.jordan/orcca/generated-assets/webwork/webwork-representations.xml: origin is 'ptx'
INFO    : building representations of PTX-authored WeBWorK problem
INFO    : sending webwork-220 to server to save in /Users/alex.jordan/orcca/generated-assets/webwork/webwork-representations.xml: origin is 'ptx'
INFO    : building representations of PTX-authored WeBWorK problem
INFO    : sending webwork-ordering-decimals to server to save in /Users/alex.jordan/orcca/generated-assets/webwork/webwork-representations.xml: origin is 'ptx'
INFO    : building representations of PTX-authored WeBWorK problem
INFO    : sending webwork-222 to server to save in /Users/alex.jordan/orcca/generated-assets/webwork/webwork-representations.xml: origin is 'ptx'
INFO    : building representations of PTX-authored WeBWorK problem
INFO    : sending webwork-ordering-fractions to server to save in /Users/alex.jordan/orcca/generated-assets/webwork/webwork-representations.xml: origin is 'ptx'
INFO    : building representations of PTX-authored WeBWorK problem
INFO    : sending webwork-224 to server to save in /Users/alex.jordan/orcca/generated-assets/webwork/webwork-representations.xml: origin is 'ptx'
INFO    : building representations of PTX-authored WeBWorK problem
INFO    : sending webwork-ordering-specials to server to save in /Users/alex.jordan/orcca/generated-assets/webwork/webwork-representations.xml: origin is 'ptx'
INFO    : building representations of PTX-authored WeBWorK problem
INFO    : sending webwork-226 to server to save in /Users/alex.jordan/orcca/generated-assets/webwork/webwork-representations.xml: origin is 'ptx'
INFO    : building representations of PTX-authored WeBWorK problem
INFO    : sending webwork-interval-graph-to-set-builder-and-interval-notation-infinite-open to server to save in /Users/alex.jordan/orcca/generated-assets/webwork/webwork-representations.xml: origin is 'ptx'
INFO    : saving image file webwork-interval-graph-to-set-builder-and-interval-notation-infinite-open-image-1.tgz (contents) in /Users/alex.jordan/orcca/generated-assets/webwork/images
INFO    : building representations of PTX-authored WeBWorK problem
INFO    : sending webwork-228 to server to save in /Users/alex.jordan/orcca/generated-assets/webwork/webwork-representations.xml: origin is 'ptx'
INFO    : saving image file webwork-228-image-1.tgz (contents) in /Users/alex.jordan/orcca/generated-assets/webwork/images
INFO    : building representations of PTX-authored WeBWorK problem
INFO    : sending webwork-interval-graph-to-set-builder-and-interval-notation-infinite-closed to server to save in /Users/alex.jordan/orcca/generated-assets/webwork/webwork-representations.xml: origin is 'ptx'
INFO    : saving image file webwork-interval-graph-to-set-builder-and-interval-notation-infinite-closed-image-1.tgz (contents) in /Users/alex.jordan/orcca/generated-assets/webwork/images
INFO    : building representations of PTX-authored WeBWorK problem
INFO    : sending webwork-230 to server to save in /Users/alex.jordan/orcca/generated-assets/webwork/webwork-representations.xml: origin is 'ptx'
INFO    : saving image file webwork-230-image-1.tgz (contents) in /Users/alex.jordan/orcca/generated-assets/webwork/images
INFO    : building representations of PTX-authored WeBWorK problem
INFO    : sending webwork-interval-graph-to-set-builder-and-interval-notation-closed-infinite to server to save in /Users/alex.jordan/orcca/generated-assets/webwork/webwork-representations.xml: origin is 'ptx'
INFO    : saving image file webwork-interval-graph-to-set-builder-and-interval-notation-closed-infinite-image-1.tgz (contents) in /Users/alex.jordan/orcca/generated-assets/webwork/images
INFO    : building representations of PTX-authored WeBWorK problem
INFO    : sending webwork-232 to server to save in /Users/alex.jordan/orcca/generated-assets/webwork/webwork-representations.xml: origin is 'ptx'
INFO    : saving image file webwork-232-image-1.tgz (contents) in /Users/alex.jordan/orcca/generated-assets/webwork/images
INFO    : building representations of PTX-authored WeBWorK problem
INFO    : sending webwork-interval-graph-to-set-builder-and-interval-notation-open-infinite to server to save in /Users/alex.jordan/orcca/generated-assets/webwork/webwork-representations.xml: origin is 'ptx'
INFO    : saving image file webwork-interval-graph-to-set-builder-and-interval-notation-open-infinite-image-1.tgz (contents) in /Users/alex.jordan/orcca/generated-assets/webwork/images
INFO    : building representations of PTX-authored WeBWorK problem
INFO    : sending webwork-234 to server to save in /Users/alex.jordan/orcca/generated-assets/webwork/webwork-representations.xml: origin is 'ptx'
INFO    : saving image file webwork-234-image-1.tgz (contents) in /Users/alex.jordan/orcca/generated-assets/webwork/images
INFO    : building representations of PTX-authored WeBWorK problem
INFO    : sending webwork-set-builder-notation-to-graph-and-interval-notation-closed-infinite to server to save in /Users/alex.jordan/orcca/generated-assets/webwork/webwork-representations.xml: origin is 'ptx'
INFO    : building representations of PTX-authored WeBWorK problem
INFO    : sending webwork-236 to server to save in /Users/alex.jordan/orcca/generated-assets/webwork/webwork-representations.xml: origin is 'ptx'
INFO    : building representations of PTX-authored WeBWorK problem
INFO    : sending webwork-set-builder-notation-to-graph-and-interval-notation-infinite-open to server to save in /Users/alex.jordan/orcca/generated-assets/webwork/webwork-representations.xml: origin is 'ptx'
INFO    : building representations of PTX-authored WeBWorK problem
INFO    : sending webwork-238 to server to save in /Users/alex.jordan/orcca/generated-assets/webwork/webwork-representations.xml: origin is 'ptx'
INFO    : building representations of PTX-authored WeBWorK problem
INFO    : sending webwork-set-builder-notation-to-graph-and-interval-notation-infinite-closed to server to save in /Users/alex.jordan/orcca/generated-assets/webwork/webwork-representations.xml: origin is 'ptx'
INFO    : building representations of PTX-authored WeBWorK problem
INFO    : sending webwork-240 to server to save in /Users/alex.jordan/orcca/generated-assets/webwork/webwork-representations.xml: origin is 'ptx'
INFO    : building representations of PTX-authored WeBWorK problem
INFO    : sending webwork-set-builder-notation-to-graph-and-interval-notation-open-infinite to server to save in /Users/alex.jordan/orcca/generated-assets/webwork/webwork-representations.xml: origin is 'ptx'
INFO    : building representations of PTX-authored WeBWorK problem
INFO    : sending webwork-242 to server to save in /Users/alex.jordan/orcca/generated-assets/webwork/webwork-representations.xml: origin is 'ptx'
INFO    : building representations of PTX-authored WeBWorK problem
INFO    : sending webwork-interval-notation-to-graph-and-set-builder-notation-closed-infinite to server to save in /Users/alex.jordan/orcca/generated-assets/webwork/webwork-representations.xml: origin is 'ptx'
INFO    : building representations of PTX-authored WeBWorK problem
INFO    : sending webwork-244 to server to save in /Users/alex.jordan/orcca/generated-assets/webwork/webwork-representations.xml: origin is 'ptx'
INFO    : building representations of PTX-authored WeBWorK problem
INFO    : sending webwork-interval-notation-to-graph-and-set-builder-notation-open-infinite to server to save in /Users/alex.jordan/orcca/generated-assets/webwork/webwork-representations.xml: origin is 'ptx'
INFO    : building representations of PTX-authored WeBWorK problem
INFO    : sending webwork-246 to server to save in /Users/alex.jordan/orcca/generated-assets/webwork/webwork-representations.xml: origin is 'ptx'
INFO    : building representations of PTX-authored WeBWorK problem
INFO    : sending webwork-interval-notation-to-graph-and-set-builder-notation-infinite-open to server to save in /Users/alex.jordan/orcca/generated-assets/webwork/webwork-representations.xml: origin is 'ptx'
INFO    : building representations of PTX-authored WeBWorK problem
INFO    : sending webwork-248 to server to save in /Users/alex.jordan/orcca/generated-assets/webwork/webwork-representations.xml: origin is 'ptx'
INFO    : building representations of PTX-authored WeBWorK problem
INFO    : sending webwork-interval-notation-to-graph-and-set-builder-notation-infinite-closed to server to save in /Users/alex.jordan/orcca/generated-assets/webwork/webwork-representations.xml: origin is 'ptx'
INFO    : building representations of PTX-authored WeBWorK problem
INFO    : sending webwork-250 to server to save in /Users/alex.jordan/orcca/generated-assets/webwork/webwork-representations.xml: origin is 'ptx'
INFO    : building representations of PTX-authored WeBWorK problem
INFO    : sending webwork-rent-a-car to server to save in /Users/alex.jordan/orcca/generated-assets/webwork/webwork-representations.xml: origin is 'ptx'
INFO    : building representations of PTX-authored WeBWorK problem
INFO    : sending webwork-anode-charge to server to save in /Users/alex.jordan/orcca/generated-assets/webwork/webwork-representations.xml: origin is 'ptx'
INFO    : building representations of PTX-authored WeBWorK problem
INFO    : sending webwork-minimum-deposit to server to save in /Users/alex.jordan/orcca/generated-assets/webwork/webwork-representations.xml: origin is 'ptx'
INFO    : building representations of PTX-authored WeBWorK problem
INFO    : sending webwork-world-record-hammer-throw to server to save in /Users/alex.jordan/orcca/generated-assets/webwork/webwork-representations.xml: origin is 'ptx'
INFO    : building representations of PTX-authored WeBWorK problem
INFO    : sending webwork-base-pH to server to save in /Users/alex.jordan/orcca/generated-assets/webwork/webwork-representations.xml: origin is 'ptx'
INFO    : building representations of PTX-authored WeBWorK problem
INFO    : sending webwork-acid-pH to server to save in /Users/alex.jordan/orcca/generated-assets/webwork/webwork-representations.xml: origin is 'ptx'
INFO    : building representations of PTX-authored WeBWorK problem
INFO    : sending webwork-257 to server to save in /Users/alex.jordan/orcca/generated-assets/webwork/webwork-representations.xml: origin is 'ptx'
INFO    : building representations of PTX-authored WeBWorK problem
INFO    : sending webwork-258 to server to save in /Users/alex.jordan/orcca/generated-assets/webwork/webwork-representations.xml: origin is 'ptx'
INFO    : building representations of PTX-authored WeBWorK problem
INFO    : sending webwork-259 to server to save in /Users/alex.jordan/orcca/generated-assets/webwork/webwork-representations.xml: origin is 'ptx'
INFO    : building representations of PTX-authored WeBWorK problem
INFO    : sending webwork-260 to server to save in /Users/alex.jordan/orcca/generated-assets/webwork/webwork-representations.xml: origin is 'ptx'
INFO    : building representations of PTX-authored WeBWorK problem
INFO    : sending webwork-square-root-integer to server to save in /Users/alex.jordan/orcca/generated-assets/webwork/webwork-representations.xml: origin is 'ptx'
INFO    : building representations of PTX-authored WeBWorK problem
INFO    : sending webwork-262 to server to save in /Users/alex.jordan/orcca/generated-assets/webwork/webwork-representations.xml: origin is 'ptx'
INFO    : building representations of PTX-authored WeBWorK problem
INFO    : sending webwork-square-root-fraction to server to save in /Users/alex.jordan/orcca/generated-assets/webwork/webwork-representations.xml: origin is 'ptx'
INFO    : building representations of PTX-authored WeBWorK problem
INFO    : sending webwork-264 to server to save in /Users/alex.jordan/orcca/generated-assets/webwork/webwork-representations.xml: origin is 'ptx'
INFO    : building representations of PTX-authored WeBWorK problem
INFO    : sending webwork-absolute-value-positive-integer to server to save in /Users/alex.jordan/orcca/generated-assets/webwork/webwork-representations.xml: origin is 'ptx'
INFO    : building representations of PTX-authored WeBWorK problem
INFO    : sending webwork-266 to server to save in /Users/alex.jordan/orcca/generated-assets/webwork/webwork-representations.xml: origin is 'ptx'
INFO    : building representations of PTX-authored WeBWorK problem
INFO    : sending webwork-absolute-value-negative-integer to server to save in /Users/alex.jordan/orcca/generated-assets/webwork/webwork-representations.xml: origin is 'ptx'
INFO    : building representations of PTX-authored WeBWorK problem
INFO    : sending webwork-268 to server to save in /Users/alex.jordan/orcca/generated-assets/webwork/webwork-representations.xml: origin is 'ptx'
INFO    : building representations of PTX-authored WeBWorK problem
INFO    : sending webwork-check-solution-linear-equation-integer to server to save in /Users/alex.jordan/orcca/generated-assets/webwork/webwork-representations.xml: origin is 'ptx'
INFO    : building representations of PTX-authored WeBWorK problem
INFO    : sending webwork-270 to server to save in /Users/alex.jordan/orcca/generated-assets/webwork/webwork-representations.xml: origin is 'ptx'
INFO    : building representations of PTX-authored WeBWorK problem
INFO    : sending webwork-check-solution-linear-equation-decimal to server to save in /Users/alex.jordan/orcca/generated-assets/webwork/webwork-representations.xml: origin is 'ptx'
INFO    : building representations of PTX-authored WeBWorK problem
INFO    : sending webwork-272 to server to save in /Users/alex.jordan/orcca/generated-assets/webwork/webwork-representations.xml: origin is 'ptx'
INFO    : building representations of PTX-authored WeBWorK problem
INFO    : sending webwork-check-solution-linear-equation-fraction to server to save in /Users/alex.jordan/orcca/generated-assets/webwork/webwork-representations.xml: origin is 'ptx'
INFO    : building representations of PTX-authored WeBWorK problem
INFO    : sending webwork-274 to server to save in /Users/alex.jordan/orcca/generated-assets/webwork/webwork-representations.xml: origin is 'ptx'
INFO    : building representations of PTX-authored WeBWorK problem
INFO    : sending webwork-check-solution-linear-equation-two-variable-instances-integer to server to save in /Users/alex.jordan/orcca/generated-assets/webwork/webwork-representations.xml: origin is 'ptx'
INFO    : building representations of PTX-authored WeBWorK problem
INFO    : sending webwork-276 to server to save in /Users/alex.jordan/orcca/generated-assets/webwork/webwork-representations.xml: origin is 'ptx'
INFO    : building representations of PTX-authored WeBWorK problem
INFO    : sending webwork-check-solution-linear-equation-two-variable-instances-fraction to server to save in /Users/alex.jordan/orcca/generated-assets/webwork/webwork-representations.xml: origin is 'ptx'
INFO    : building representations of PTX-authored WeBWorK problem
INFO    : sending webwork-278 to server to save in /Users/alex.jordan/orcca/generated-assets/webwork/webwork-representations.xml: origin is 'ptx'
INFO    : building representations of PTX-authored WeBWorK problem
INFO    : sending webwork-check-solution-quadratic-negative-integer to server to save in /Users/alex.jordan/orcca/generated-assets/webwork/webwork-representations.xml: origin is 'ptx'
INFO    : building representations of PTX-authored WeBWorK problem
INFO    : sending webwork-280 to server to save in /Users/alex.jordan/orcca/generated-assets/webwork/webwork-representations.xml: origin is 'ptx'
INFO    : building representations of PTX-authored WeBWorK problem
INFO    : sending webwork-check-solution-quadratic-positive-integer to server to save in /Users/alex.jordan/orcca/generated-assets/webwork/webwork-representations.xml: origin is 'ptx'
INFO    : building representations of PTX-authored WeBWorK problem
INFO    : sending webwork-282 to server to save in /Users/alex.jordan/orcca/generated-assets/webwork/webwork-representations.xml: origin is 'ptx'
INFO    : building representations of PTX-authored WeBWorK problem
INFO    : sending webwork-check-solution-quadratic-fraction to server to save in /Users/alex.jordan/orcca/generated-assets/webwork/webwork-representations.xml: origin is 'ptx'
INFO    : building representations of PTX-authored WeBWorK problem
INFO    : sending webwork-284 to server to save in /Users/alex.jordan/orcca/generated-assets/webwork/webwork-representations.xml: origin is 'ptx'
INFO    : building representations of PTX-authored WeBWorK problem
INFO    : sending webwork-check-solution-radical-integer to server to save in /Users/alex.jordan/orcca/generated-assets/webwork/webwork-representations.xml: origin is 'ptx'
INFO    : building representations of PTX-authored WeBWorK problem
INFO    : sending webwork-286 to server to save in /Users/alex.jordan/orcca/generated-assets/webwork/webwork-representations.xml: origin is 'ptx'
INFO    : building representations of PTX-authored WeBWorK problem
INFO    : sending webwork-check-solution-two-radicals to server to save in /Users/alex.jordan/orcca/generated-assets/webwork/webwork-representations.xml: origin is 'ptx'
INFO    : building representations of PTX-authored WeBWorK problem
INFO    : sending webwork-288 to server to save in /Users/alex.jordan/orcca/generated-assets/webwork/webwork-representations.xml: origin is 'ptx'
INFO    : building representations of PTX-authored WeBWorK problem
INFO    : sending webwork-check-solution-absolute-value-integer to server to save in /Users/alex.jordan/orcca/generated-assets/webwork/webwork-representations.xml: origin is 'ptx'
INFO    : building representations of PTX-authored WeBWorK problem
INFO    : sending webwork-290 to server to save in /Users/alex.jordan/orcca/generated-assets/webwork/webwork-representations.xml: origin is 'ptx'
INFO    : building representations of PTX-authored WeBWorK problem
INFO    : sending webwork-check-solution-absolute-value-two-variable-instances-decimal to server to save in /Users/alex.jordan/orcca/generated-assets/webwork/webwork-representations.xml: origin is 'ptx'
INFO    : building representations of PTX-authored WeBWorK problem
INFO    : sending webwork-292 to server to save in /Users/alex.jordan/orcca/generated-assets/webwork/webwork-representations.xml: origin is 'ptx'
INFO    : building representations of PTX-authored WeBWorK problem
INFO    : sending webwork-check-solution-absolute-value-two-variable-instances-fraction to server to save in /Users/alex.jordan/orcca/generated-assets/webwork/webwork-representations.xml: origin is 'ptx'
INFO    : building representations of PTX-authored WeBWorK problem
INFO    : sending webwork-294 to server to save in /Users/alex.jordan/orcca/generated-assets/webwork/webwork-representations.xml: origin is 'ptx'
INFO    : building representations of PTX-authored WeBWorK problem
INFO    : sending webwork-check-inequality-solution-linear-equation-integer to server to save in /Users/alex.jordan/orcca/generated-assets/webwork/webwork-representations.xml: origin is 'ptx'
INFO    : building representations of PTX-authored WeBWorK problem
INFO    : sending webwork-296 to server to save in /Users/alex.jordan/orcca/generated-assets/webwork/webwork-representations.xml: origin is 'ptx'
INFO    : building representations of PTX-authored WeBWorK problem
INFO    : sending webwork-check-inequality-solution-linear-equation-decimal to server to save in /Users/alex.jordan/orcca/generated-assets/webwork/webwork-representations.xml: origin is 'ptx'
INFO    : building representations of PTX-authored WeBWorK problem
INFO    : sending webwork-298 to server to save in /Users/alex.jordan/orcca/generated-assets/webwork/webwork-representations.xml: origin is 'ptx'
INFO    : building representations of PTX-authored WeBWorK problem
INFO    : sending webwork-check-inequality-solution-linear-equation-fraction to server to save in /Users/alex.jordan/orcca/generated-assets/webwork/webwork-representations.xml: origin is 'ptx'
INFO    : building representations of PTX-authored WeBWorK problem
INFO    : sending webwork-300 to server to save in /Users/alex.jordan/orcca/generated-assets/webwork/webwork-representations.xml: origin is 'ptx'
INFO    : building representations of PTX-authored WeBWorK problem
INFO    : sending webwork-check-inequality-solution-linear-equation-two-variable-instances-integer to server to save in /Users/alex.jordan/orcca/generated-assets/webwork/webwork-representations.xml: origin is 'ptx'
INFO    : building representations of PTX-authored WeBWorK problem
INFO    : sending webwork-302 to server to save in /Users/alex.jordan/orcca/generated-assets/webwork/webwork-representations.xml: origin is 'ptx'
INFO    : building representations of PTX-authored WeBWorK problem
INFO    : sending webwork-check-inequality-solution-linear-equation-two-variable-instances-fraction to server to save in /Users/alex.jordan/orcca/generated-assets/webwork/webwork-representations.xml: origin is 'ptx'
INFO    : building representations of PTX-authored WeBWorK problem
INFO    : sending webwork-304 to server to save in /Users/alex.jordan/orcca/generated-assets/webwork/webwork-representations.xml: origin is 'ptx'
INFO    : building representations of PTX-authored WeBWorK problem
INFO    : sending webwork-check-inequality-solution-quadratic-negative-integer to server to save in /Users/alex.jordan/orcca/generated-assets/webwork/webwork-representations.xml: origin is 'ptx'
INFO    : building representations of PTX-authored WeBWorK problem
INFO    : sending webwork-306 to server to save in /Users/alex.jordan/orcca/generated-assets/webwork/webwork-representations.xml: origin is 'ptx'
INFO    : building representations of PTX-authored WeBWorK problem
INFO    : sending webwork-check-inequality-solution-quadratic-positive-integer to server to save in /Users/alex.jordan/orcca/generated-assets/webwork/webwork-representations.xml: origin is 'ptx'
INFO    : building representations of PTX-authored WeBWorK problem
INFO    : sending webwork-308 to server to save in /Users/alex.jordan/orcca/generated-assets/webwork/webwork-representations.xml: origin is 'ptx'
INFO    : building representations of PTX-authored WeBWorK problem
INFO    : sending webwork-check-inequality-solution-quadratic-fraction to server to save in /Users/alex.jordan/orcca/generated-assets/webwork/webwork-representations.xml: origin is 'ptx'
INFO    : building representations of PTX-authored WeBWorK problem
INFO    : sending webwork-310 to server to save in /Users/alex.jordan/orcca/generated-assets/webwork/webwork-representations.xml: origin is 'ptx'
INFO    : building representations of PTX-authored WeBWorK problem
INFO    : sending webwork-check-inequality-solution-radical-integer to server to save in /Users/alex.jordan/orcca/generated-assets/webwork/webwork-representations.xml: origin is 'ptx'
INFO    : building representations of PTX-authored WeBWorK problem
INFO    : sending webwork-312 to server to save in /Users/alex.jordan/orcca/generated-assets/webwork/webwork-representations.xml: origin is 'ptx'
INFO    : building representations of PTX-authored WeBWorK problem
INFO    : sending webwork-check-inequality-solution-two-radicals to server to save in /Users/alex.jordan/orcca/generated-assets/webwork/webwork-representations.xml: origin is 'ptx'
INFO    : building representations of PTX-authored WeBWorK problem
INFO    : sending webwork-314 to server to save in /Users/alex.jordan/orcca/generated-assets/webwork/webwork-representations.xml: origin is 'ptx'
INFO    : building representations of PTX-authored WeBWorK problem
INFO    : sending webwork-check-inequality-solution-absolute-value-integer to server to save in /Users/alex.jordan/orcca/generated-assets/webwork/webwork-representations.xml: origin is 'ptx'
INFO    : building representations of PTX-authored WeBWorK problem
INFO    : sending webwork-316 to server to save in /Users/alex.jordan/orcca/generated-assets/webwork/webwork-representations.xml: origin is 'ptx'
INFO    : building representations of PTX-authored WeBWorK problem
INFO    : sending webwork-check-inequality-solution-absolute-value-two-variable-instances-decimal to server to save in /Users/alex.jordan/orcca/generated-assets/webwork/webwork-representations.xml: origin is 'ptx'
INFO    : building representations of PTX-authored WeBWorK problem
INFO    : sending webwork-318 to server to save in /Users/alex.jordan/orcca/generated-assets/webwork/webwork-representations.xml: origin is 'ptx'
INFO    : building representations of PTX-authored WeBWorK problem
INFO    : sending webwork-check-inequality-solution-absolute-value-two-variable-instances-fraction to server to save in /Users/alex.jordan/orcca/generated-assets/webwork/webwork-representations.xml: origin is 'ptx'
INFO    : building representations of PTX-authored WeBWorK problem
INFO    : sending webwork-320 to server to save in /Users/alex.jordan/orcca/generated-assets/webwork/webwork-representations.xml: origin is 'ptx'
INFO    : building representations of PTX-authored WeBWorK problem
INFO    : sending webwork-identify-linear-equations to server to save in /Users/alex.jordan/orcca/generated-assets/webwork/webwork-representations.xml: origin is 'ptx'
INFO    : building representations of PTX-authored WeBWorK problem
INFO    : sending webwork-322 to server to save in /Users/alex.jordan/orcca/generated-assets/webwork/webwork-representations.xml: origin is 'ptx'
INFO    : building representations of PTX-authored WeBWorK problem
INFO    : sending webwork-identify-linear-equations-2 to server to save in /Users/alex.jordan/orcca/generated-assets/webwork/webwork-representations.xml: origin is 'ptx'
INFO    : building representations of PTX-authored WeBWorK problem
INFO    : sending webwork-324 to server to save in /Users/alex.jordan/orcca/generated-assets/webwork/webwork-representations.xml: origin is 'ptx'
INFO    : building representations of PTX-authored WeBWorK problem
INFO    : sending webwork-identify-linear-equations-3 to server to save in /Users/alex.jordan/orcca/generated-assets/webwork/webwork-representations.xml: origin is 'ptx'
INFO    : building representations of PTX-authored WeBWorK problem
INFO    : sending webwork-326 to server to save in /Users/alex.jordan/orcca/generated-assets/webwork/webwork-representations.xml: origin is 'ptx'
INFO    : building representations of PTX-authored WeBWorK problem
INFO    : sending webwork-restauraunt-bill-check-solution to server to save in /Users/alex.jordan/orcca/generated-assets/webwork/webwork-representations.xml: origin is 'ptx'
INFO    : building representations of PTX-authored WeBWorK problem
INFO    : sending webwork-rental-fee-check-solution to server to save in /Users/alex.jordan/orcca/generated-assets/webwork/webwork-representations.xml: origin is 'ptx'
INFO    : building representations of PTX-authored WeBWorK problem
INFO    : sending webwork-classroom-area-check-solution to server to save in /Users/alex.jordan/orcca/generated-assets/webwork/webwork-representations.xml: origin is 'ptx'
INFO    : building representations of PTX-authored WeBWorK problem
INFO    : sending webwork-bed-bugs-check-solution to server to save in /Users/alex.jordan/orcca/generated-assets/webwork/webwork-representations.xml: origin is 'ptx'
INFO    : building representations of PTX-authored WeBWorK problem
INFO    : sending webwork-plant-height-check-solution to server to save in /Users/alex.jordan/orcca/generated-assets/webwork/webwork-representations.xml: origin is 'ptx'
INFO    : building representations of PTX-authored WeBWorK problem
INFO    : sending webwork-wealth-distribution-check-solution to server to save in /Users/alex.jordan/orcca/generated-assets/webwork/webwork-representations.xml: origin is 'ptx'
INFO    : building representations of PTX-authored WeBWorK problem
INFO    : sending webwork-pythagorean-theorem-check-solution to server to save in /Users/alex.jordan/orcca/generated-assets/webwork/webwork-representations.xml: origin is 'ptx'
INFO    : building representations of PTX-authored WeBWorK problem
INFO    : sending webwork-pythagorean-theorem-check-solution-2 to server to save in /Users/alex.jordan/orcca/generated-assets/webwork/webwork-representations.xml: origin is 'ptx'
INFO    : building representations of PTX-authored WeBWorK problem
INFO    : sending webwork-cylinder-volume-check-solution to server to save in /Users/alex.jordan/orcca/generated-assets/webwork/webwork-representations.xml: origin is 'ptx'
INFO    : building representations of PTX-authored WeBWorK problem
INFO    : sending webwork-sphere-volume-check-solution to server to save in /Users/alex.jordan/orcca/generated-assets/webwork/webwork-representations.xml: origin is 'ptx'
INFO    : building representations of PTX-authored WeBWorK problem
INFO    : sending webwork-337 to server to save in /Users/alex.jordan/orcca/generated-assets/webwork/webwork-representations.xml: origin is 'ptx'
INFO    : building representations of PTX-authored WeBWorK problem
INFO    : sending webwork-338 to server to save in /Users/alex.jordan/orcca/generated-assets/webwork/webwork-representations.xml: origin is 'ptx'
INFO    : building representations of PTX-authored WeBWorK problem
INFO    : sending webwork-339 to server to save in /Users/alex.jordan/orcca/generated-assets/webwork/webwork-representations.xml: origin is 'ptx'
INFO    : building representations of PTX-authored WeBWorK problem
INFO    : sending webwork-340 to server to save in /Users/alex.jordan/orcca/generated-assets/webwork/webwork-representations.xml: origin is 'ptx'
INFO    : building representations of PTX-authored WeBWorK problem
INFO    : sending webwork-341 to server to save in /Users/alex.jordan/orcca/generated-assets/webwork/webwork-representations.xml: origin is 'ptx'
INFO    : building representations of PTX-authored WeBWorK problem
INFO    : sending webwork-342 to server to save in /Users/alex.jordan/orcca/generated-assets/webwork/webwork-representations.xml: origin is 'ptx'
INFO    : building representations of PTX-authored WeBWorK problem
INFO    : sending webwork-multiply-fractions-no-reduce to server to save in /Users/alex.jordan/orcca/generated-assets/webwork/webwork-representations.xml: origin is 'ptx'
INFO    : building representations of PTX-authored WeBWorK problem
INFO    : sending webwork-344 to server to save in /Users/alex.jordan/orcca/generated-assets/webwork/webwork-representations.xml: origin is 'ptx'
INFO    : building representations of PTX-authored WeBWorK problem
INFO    : sending webwork-multiply-fractions-reduce to server to save in /Users/alex.jordan/orcca/generated-assets/webwork/webwork-representations.xml: origin is 'ptx'
INFO    : building representations of PTX-authored WeBWorK problem
INFO    : sending webwork-346 to server to save in /Users/alex.jordan/orcca/generated-assets/webwork/webwork-representations.xml: origin is 'ptx'
INFO    : building representations of PTX-authored WeBWorK problem
INFO    : sending webwork-multiply-fraction-integer-no-reduce to server to save in /Users/alex.jordan/orcca/generated-assets/webwork/webwork-representations.xml: origin is 'ptx'
INFO    : building representations of PTX-authored WeBWorK problem
INFO    : sending webwork-348 to server to save in /Users/alex.jordan/orcca/generated-assets/webwork/webwork-representations.xml: origin is 'ptx'
INFO    : building representations of PTX-authored WeBWorK problem
INFO    : sending webwork-multiply-fraction-integer-reduce to server to save in /Users/alex.jordan/orcca/generated-assets/webwork/webwork-representations.xml: origin is 'ptx'
INFO    : building representations of PTX-authored WeBWorK problem
INFO    : sending webwork-350 to server to save in /Users/alex.jordan/orcca/generated-assets/webwork/webwork-representations.xml: origin is 'ptx'
INFO    : building representations of PTX-authored WeBWorK problem
INFO    : sending webwork-351 to server to save in /Users/alex.jordan/orcca/generated-assets/webwork/webwork-representations.xml: origin is 'ptx'
INFO    : building representations of PTX-authored WeBWorK problem
INFO    : sending webwork-352 to server to save in /Users/alex.jordan/orcca/generated-assets/webwork/webwork-representations.xml: origin is 'ptx'
INFO    : building representations of PTX-authored WeBWorK problem
INFO    : sending webwork-353 to server to save in /Users/alex.jordan/orcca/generated-assets/webwork/webwork-representations.xml: origin is 'ptx'
INFO    : building representations of PTX-authored WeBWorK problem
INFO    : sending webwork-354 to server to save in /Users/alex.jordan/orcca/generated-assets/webwork/webwork-representations.xml: origin is 'ptx'
INFO    : building representations of PTX-authored WeBWorK problem
INFO    : sending webwork-355 to server to save in /Users/alex.jordan/orcca/generated-assets/webwork/webwork-representations.xml: origin is 'ptx'
INFO    : building representations of PTX-authored WeBWorK problem
INFO    : sending webwork-356 to server to save in /Users/alex.jordan/orcca/generated-assets/webwork/webwork-representations.xml: origin is 'ptx'
INFO    : building representations of PTX-authored WeBWorK problem
INFO    : sending webwork-357 to server to save in /Users/alex.jordan/orcca/generated-assets/webwork/webwork-representations.xml: origin is 'ptx'
INFO    : building representations of PTX-authored WeBWorK problem
INFO    : sending webwork-358 to server to save in /Users/alex.jordan/orcca/generated-assets/webwork/webwork-representations.xml: origin is 'ptx'
INFO    : building representations of PTX-authored WeBWorK problem
INFO    : sending webwork-359 to server to save in /Users/alex.jordan/orcca/generated-assets/webwork/webwork-representations.xml: origin is 'ptx'
INFO    : building representations of PTX-authored WeBWorK problem
INFO    : sending webwork-360 to server to save in /Users/alex.jordan/orcca/generated-assets/webwork/webwork-representations.xml: origin is 'ptx'
INFO    : building representations of PTX-authored WeBWorK problem
INFO    : sending webwork-361 to server to save in /Users/alex.jordan/orcca/generated-assets/webwork/webwork-representations.xml: origin is 'ptx'
INFO    : building representations of PTX-authored WeBWorK problem
INFO    : sending webwork-362 to server to save in /Users/alex.jordan/orcca/generated-assets/webwork/webwork-representations.xml: origin is 'ptx'
INFO    : building representations of PTX-authored WeBWorK problem
INFO    : sending webwork-363 to server to save in /Users/alex.jordan/orcca/generated-assets/webwork/webwork-representations.xml: origin is 'ptx'
INFO    : building representations of PTX-authored WeBWorK problem
INFO    : sending webwork-364 to server to save in /Users/alex.jordan/orcca/generated-assets/webwork/webwork-representations.xml: origin is 'ptx'
INFO    : building representations of PTX-authored WeBWorK problem
INFO    : sending webwork-solve-equation-add-right-integer to server to save in /Users/alex.jordan/orcca/generated-assets/webwork/webwork-representations.xml: origin is 'ptx'
INFO    : building representations of PTX-authored WeBWorK problem
INFO    : sending webwork-366 to server to save in /Users/alex.jordan/orcca/generated-assets/webwork/webwork-representations.xml: origin is 'ptx'
INFO    : building representations of PTX-authored WeBWorK problem
INFO    : sending webwork-solve-equation-add-left-integer to server to save in /Users/alex.jordan/orcca/generated-assets/webwork/webwork-representations.xml: origin is 'ptx'
INFO    : building representations of PTX-authored WeBWorK problem
INFO    : sending webwork-368 to server to save in /Users/alex.jordan/orcca/generated-assets/webwork/webwork-representations.xml: origin is 'ptx'
INFO    : building representations of PTX-authored WeBWorK problem
INFO    : sending webwork-solve-equation-subtract-integer to server to save in /Users/alex.jordan/orcca/generated-assets/webwork/webwork-representations.xml: origin is 'ptx'
INFO    : building representations of PTX-authored WeBWorK problem
INFO    : sending webwork-370 to server to save in /Users/alex.jordan/orcca/generated-assets/webwork/webwork-representations.xml: origin is 'ptx'
INFO    : building representations of PTX-authored WeBWorK problem
INFO    : sending webwork-solve-equation-divide-integer to server to save in /Users/alex.jordan/orcca/generated-assets/webwork/webwork-representations.xml: origin is 'ptx'
INFO    : building representations of PTX-authored WeBWorK problem
INFO    : sending webwork-372 to server to save in /Users/alex.jordan/orcca/generated-assets/webwork/webwork-representations.xml: origin is 'ptx'
INFO    : building representations of PTX-authored WeBWorK problem
INFO    : sending webwork-solve-equation-multiply-integer-integer-solution to server to save in /Users/alex.jordan/orcca/generated-assets/webwork/webwork-representations.xml: origin is 'ptx'
INFO    : building representations of PTX-authored WeBWorK problem
INFO    : sending webwork-374 to server to save in /Users/alex.jordan/orcca/generated-assets/webwork/webwork-representations.xml: origin is 'ptx'
INFO    : building representations of PTX-authored WeBWorK problem
INFO    : sending webwork-solve-equation-multiply-integer-noninteger-solution to server to save in /Users/alex.jordan/orcca/generated-assets/webwork/webwork-representations.xml: origin is 'ptx'
INFO    : building representations of PTX-authored WeBWorK problem
INFO    : sending webwork-376 to server to save in /Users/alex.jordan/orcca/generated-assets/webwork/webwork-representations.xml: origin is 'ptx'
INFO    : building representations of PTX-authored WeBWorK problem
INFO    : sending webwork-solve-equation-negate-integer to server to save in /Users/alex.jordan/orcca/generated-assets/webwork/webwork-representations.xml: origin is 'ptx'
INFO    : building representations of PTX-authored WeBWorK problem
INFO    : sending webwork-378 to server to save in /Users/alex.jordan/orcca/generated-assets/webwork/webwork-representations.xml: origin is 'ptx'
INFO    : building representations of PTX-authored WeBWorK problem
INFO    : sending webwork-solve-equation-variable-in-numerator-integer-solution to server to save in /Users/alex.jordan/orcca/generated-assets/webwork/webwork-representations.xml: origin is 'ptx'
INFO    : building representations of PTX-authored WeBWorK problem
INFO    : sending webwork-380 to server to save in /Users/alex.jordan/orcca/generated-assets/webwork/webwork-representations.xml: origin is 'ptx'
INFO    : building representations of PTX-authored WeBWorK problem
INFO    : sending webwork-solve-equation-add-right-fraction to server to save in /Users/alex.jordan/orcca/generated-assets/webwork/webwork-representations.xml: origin is 'ptx'
INFO    : building representations of PTX-authored WeBWorK problem
INFO    : sending webwork-382 to server to save in /Users/alex.jordan/orcca/generated-assets/webwork/webwork-representations.xml: origin is 'ptx'
INFO    : building representations of PTX-authored WeBWorK problem
INFO    : sending webwork-solve-equation-add-left-fraction to server to save in /Users/alex.jordan/orcca/generated-assets/webwork/webwork-representations.xml: origin is 'ptx'
INFO    : building representations of PTX-authored WeBWorK problem
INFO    : sending webwork-384 to server to save in /Users/alex.jordan/orcca/generated-assets/webwork/webwork-representations.xml: origin is 'ptx'
INFO    : building representations of PTX-authored WeBWorK problem
INFO    : sending webwork-solve-equation-subtract-fraction to server to save in /Users/alex.jordan/orcca/generated-assets/webwork/webwork-representations.xml: origin is 'ptx'
INFO    : building representations of PTX-authored WeBWorK problem
INFO    : sending webwork-386 to server to save in /Users/alex.jordan/orcca/generated-assets/webwork/webwork-representations.xml: origin is 'ptx'
INFO    : building representations of PTX-authored WeBWorK problem
INFO    : sending webwork-solve-equation-multiply-fraction to server to save in /Users/alex.jordan/orcca/generated-assets/webwork/webwork-representations.xml: origin is 'ptx'
INFO    : building representations of PTX-authored WeBWorK problem
INFO    : sending webwork-388 to server to save in /Users/alex.jordan/orcca/generated-assets/webwork/webwork-representations.xml: origin is 'ptx'
INFO    : building representations of PTX-authored WeBWorK problem
INFO    : sending webwork-solve-equation-negate-fraction to server to save in /Users/alex.jordan/orcca/generated-assets/webwork/webwork-representations.xml: origin is 'ptx'
INFO    : building representations of PTX-authored WeBWorK problem
INFO    : sending webwork-390 to server to save in /Users/alex.jordan/orcca/generated-assets/webwork/webwork-representations.xml: origin is 'ptx'
INFO    : building representations of PTX-authored WeBWorK problem
INFO    : sending webwork-solve-equation-variable-in-numerator-fraction to server to save in /Users/alex.jordan/orcca/generated-assets/webwork/webwork-representations.xml: origin is 'ptx'
INFO    : building representations of PTX-authored WeBWorK problem
INFO    : sending webwork-392 to server to save in /Users/alex.jordan/orcca/generated-assets/webwork/webwork-representations.xml: origin is 'ptx'
INFO    : building representations of PTX-authored WeBWorK problem
INFO    : sending webwork-solve-equation-add-right-decimal to server to save in /Users/alex.jordan/orcca/generated-assets/webwork/webwork-representations.xml: origin is 'ptx'
INFO    : building representations of PTX-authored WeBWorK problem
INFO    : sending webwork-394 to server to save in /Users/alex.jordan/orcca/generated-assets/webwork/webwork-representations.xml: origin is 'ptx'
INFO    : building representations of PTX-authored WeBWorK problem
INFO    : sending webwork-solve-equation-add-left-decimal to server to save in /Users/alex.jordan/orcca/generated-assets/webwork/webwork-representations.xml: origin is 'ptx'
INFO    : building representations of PTX-authored WeBWorK problem
INFO    : sending webwork-396 to server to save in /Users/alex.jordan/orcca/generated-assets/webwork/webwork-representations.xml: origin is 'ptx'
INFO    : building representations of PTX-authored WeBWorK problem
INFO    : sending webwork-solve-equation-subtract-decimal to server to save in /Users/alex.jordan/orcca/generated-assets/webwork/webwork-representations.xml: origin is 'ptx'
INFO    : building representations of PTX-authored WeBWorK problem
INFO    : sending webwork-398 to server to save in /Users/alex.jordan/orcca/generated-assets/webwork/webwork-representations.xml: origin is 'ptx'
INFO    : building representations of PTX-authored WeBWorK problem
INFO    : sending webwork-solve-equation-divide-decimal to server to save in /Users/alex.jordan/orcca/generated-assets/webwork/webwork-representations.xml: origin is 'ptx'
INFO    : building representations of PTX-authored WeBWorK problem
INFO    : sending webwork-400 to server to save in /Users/alex.jordan/orcca/generated-assets/webwork/webwork-representations.xml: origin is 'ptx'
INFO    : building representations of PTX-authored WeBWorK problem
INFO    : sending webwork-solve-equation-multiply-decimal to server to save in /Users/alex.jordan/orcca/generated-assets/webwork/webwork-representations.xml: origin is 'ptx'
INFO    : building representations of PTX-authored WeBWorK problem
INFO    : sending webwork-402 to server to save in /Users/alex.jordan/orcca/generated-assets/webwork/webwork-representations.xml: origin is 'ptx'
INFO    : building representations of PTX-authored WeBWorK problem
INFO    : sending webwork-find-celsius-kelvin-temperature to server to save in /Users/alex.jordan/orcca/generated-assets/webwork/webwork-representations.xml: origin is 'ptx'
INFO    : building representations of PTX-authored WeBWorK problem
INFO    : sending webwork-404 to server to save in /Users/alex.jordan/orcca/generated-assets/webwork/webwork-representations.xml: origin is 'ptx'
INFO    : building representations of PTX-authored WeBWorK problem
INFO    : sending webwork-find-step-run to server to save in /Users/alex.jordan/orcca/generated-assets/webwork/webwork-representations.xml: origin is 'ptx'
INFO    : building representations of PTX-authored WeBWorK problem
INFO    : sending webwork-406 to server to save in /Users/alex.jordan/orcca/generated-assets/webwork/webwork-representations.xml: origin is 'ptx'
INFO    : building representations of PTX-authored WeBWorK problem
INFO    : sending webwork-find-shelf-price to server to save in /Users/alex.jordan/orcca/generated-assets/webwork/webwork-representations.xml: origin is 'ptx'
INFO    : building representations of PTX-authored WeBWorK problem
INFO    : sending webwork-408 to server to save in /Users/alex.jordan/orcca/generated-assets/webwork/webwork-representations.xml: origin is 'ptx'
INFO    : building representations of PTX-authored WeBWorK problem
INFO    : sending webwork-find-diameter to server to save in /Users/alex.jordan/orcca/generated-assets/webwork/webwork-representations.xml: origin is 'ptx'
INFO    : building representations of PTX-authored WeBWorK problem
INFO    : sending webwork-410 to server to save in /Users/alex.jordan/orcca/generated-assets/webwork/webwork-representations.xml: origin is 'ptx'
INFO    : building representations of PTX-authored WeBWorK problem
INFO    : sending webwork-find-initial-speed-of-baseball to server to save in /Users/alex.jordan/orcca/generated-assets/webwork/webwork-representations.xml: origin is 'ptx'
INFO    : building representations of PTX-authored WeBWorK problem
INFO    : sending webwork-412 to server to save in /Users/alex.jordan/orcca/generated-assets/webwork/webwork-representations.xml: origin is 'ptx'
INFO    : building representations of PTX-authored WeBWorK problem
INFO    : sending webwork-413 to server to save in /Users/alex.jordan/orcca/generated-assets/webwork/webwork-representations.xml: origin is 'ptx'
INFO    : building representations of PTX-authored WeBWorK problem
INFO    : sending webwork-414 to server to save in /Users/alex.jordan/orcca/generated-assets/webwork/webwork-representations.xml: origin is 'ptx'
INFO    : building representations of PTX-authored WeBWorK problem
INFO    : sending webwork-415 to server to save in /Users/alex.jordan/orcca/generated-assets/webwork/webwork-representations.xml: origin is 'ptx'
INFO    : saving image file webwork-415-image-1.tgz (contents) in /Users/alex.jordan/orcca/generated-assets/webwork/images
INFO    : building representations of PTX-authored WeBWorK problem
INFO    : sending webwork-416 to server to save in /Users/alex.jordan/orcca/generated-assets/webwork/webwork-representations.xml: origin is 'ptx'
INFO    : saving image file webwork-416-image-1.tgz (contents) in /Users/alex.jordan/orcca/generated-assets/webwork/images
WARNING : /Users/alex.jordan/orcca/generated-assets/webwork/images/webwork-416-image-1.tgz did not contain a .svg file
WARNING : /Users/alex.jordan/orcca/generated-assets/webwork/images/webwork-416-image-1.tgz did not contain a .png file
INFO    : building representations of PTX-authored WeBWorK problem
INFO    : sending webwork-417 to server to save in /Users/alex.jordan/orcca/generated-assets/webwork/webwork-representations.xml: origin is 'ptx'
INFO    : saving image file webwork-417-image-1.tgz (contents) in /Users/alex.jordan/orcca/generated-assets/webwork/images
INFO    : building representations of PTX-authored WeBWorK problem
INFO    : sending webwork-solve-inequality-add-right-integer to server to save in /Users/alex.jordan/orcca/generated-assets/webwork/webwork-representations.xml: origin is 'ptx'
INFO    : building representations of PTX-authored WeBWorK problem
INFO    : sending webwork-419 to server to save in /Users/alex.jordan/orcca/generated-assets/webwork/webwork-representations.xml: origin is 'ptx'
INFO    : building representations of PTX-authored WeBWorK problem
INFO    : sending webwork-solve-inequality-add-left-integer to server to save in /Users/alex.jordan/orcca/generated-assets/webwork/webwork-representations.xml: origin is 'ptx'
INFO    : building representations of PTX-authored WeBWorK problem
INFO    : sending webwork-421 to server to save in /Users/alex.jordan/orcca/generated-assets/webwork/webwork-representations.xml: origin is 'ptx'
INFO    : building representations of PTX-authored WeBWorK problem
INFO    : sending webwork-solve-inequality-subtract-integer to server to save in /Users/alex.jordan/orcca/generated-assets/webwork/webwork-representations.xml: origin is 'ptx'
INFO    : building representations of PTX-authored WeBWorK problem
INFO    : sending webwork-423 to server to save in /Users/alex.jordan/orcca/generated-assets/webwork/webwork-representations.xml: origin is 'ptx'
INFO    : building representations of PTX-authored WeBWorK problem
INFO    : sending webwork-solve-inequality-multiply-integer to server to save in /Users/alex.jordan/orcca/generated-assets/webwork/webwork-representations.xml: origin is 'ptx'
INFO    : building representations of PTX-authored WeBWorK problem
INFO    : sending webwork-425 to server to save in /Users/alex.jordan/orcca/generated-assets/webwork/webwork-representations.xml: origin is 'ptx'
INFO    : building representations of PTX-authored WeBWorK problem
INFO    : sending webwork-solve-inequality-divide-by-integer to server to save in /Users/alex.jordan/orcca/generated-assets/webwork/webwork-representations.xml: origin is 'ptx'
INFO    : building representations of PTX-authored WeBWorK problem
INFO    : sending webwork-427 to server to save in /Users/alex.jordan/orcca/generated-assets/webwork/webwork-representations.xml: origin is 'ptx'
INFO    : building representations of PTX-authored WeBWorK problem
INFO    : sending webwork-solve-inequality-negative-divide-by-integer to server to save in /Users/alex.jordan/orcca/generated-assets/webwork/webwork-representations.xml: origin is 'ptx'
INFO    : building representations of PTX-authored WeBWorK problem
INFO    : sending webwork-429 to server to save in /Users/alex.jordan/orcca/generated-assets/webwork/webwork-representations.xml: origin is 'ptx'
INFO    : building representations of PTX-authored WeBWorK problem
INFO    : sending webwork-solve-inequality-multiply-negative-integer to server to save in /Users/alex.jordan/orcca/generated-assets/webwork/webwork-representations.xml: origin is 'ptx'
INFO    : building representations of PTX-authored WeBWorK problem
INFO    : sending webwork-431 to server to save in /Users/alex.jordan/orcca/generated-assets/webwork/webwork-representations.xml: origin is 'ptx'
INFO    : building representations of PTX-authored WeBWorK problem
INFO    : sending webwork-solve-inequality-negate to server to save in /Users/alex.jordan/orcca/generated-assets/webwork/webwork-representations.xml: origin is 'ptx'
INFO    : building representations of PTX-authored WeBWorK problem
INFO    : sending webwork-433 to server to save in /Users/alex.jordan/orcca/generated-assets/webwork/webwork-representations.xml: origin is 'ptx'
INFO    : building representations of PTX-authored WeBWorK problem
INFO    : sending webwork-solve-inequality-multiply-fraction to server to save in /Users/alex.jordan/orcca/generated-assets/webwork/webwork-representations.xml: origin is 'ptx'
INFO    : building representations of PTX-authored WeBWorK problem
INFO    : sending webwork-435 to server to save in /Users/alex.jordan/orcca/generated-assets/webwork/webwork-representations.xml: origin is 'ptx'
INFO    : building representations of PTX-authored WeBWorK problem
INFO    : sending webwork-solve-inequality-multiply-negative-fraction to server to save in /Users/alex.jordan/orcca/generated-assets/webwork/webwork-representations.xml: origin is 'ptx'
INFO    : building representations of PTX-authored WeBWorK problem
INFO    : sending webwork-437 to server to save in /Users/alex.jordan/orcca/generated-assets/webwork/webwork-representations.xml: origin is 'ptx'
INFO    : building representations of PTX-authored WeBWorK problem
INFO    : sending webwork-438 to server to save in /Users/alex.jordan/orcca/generated-assets/webwork/webwork-representations.xml: origin is 'ptx'
INFO    : building representations of PTX-authored WeBWorK problem
INFO    : sending webwork-439 to server to save in /Users/alex.jordan/orcca/generated-assets/webwork/webwork-representations.xml: origin is 'ptx'
INFO    : building representations of PTX-authored WeBWorK problem
INFO    : sending webwork-440 to server to save in /Users/alex.jordan/orcca/generated-assets/webwork/webwork-representations.xml: origin is 'ptx'
INFO    : building representations of PTX-authored WeBWorK problem
INFO    : sending webwork-441 to server to save in /Users/alex.jordan/orcca/generated-assets/webwork/webwork-representations.xml: origin is 'ptx'
INFO    : building representations of PTX-authored WeBWorK problem
INFO    : sending webwork-additive-inverse-of-integer to server to save in /Users/alex.jordan/orcca/generated-assets/webwork/webwork-representations.xml: origin is 'ptx'
INFO    : building representations of PTX-authored WeBWorK problem
INFO    : sending webwork-443 to server to save in /Users/alex.jordan/orcca/generated-assets/webwork/webwork-representations.xml: origin is 'ptx'
INFO    : building representations of PTX-authored WeBWorK problem
INFO    : sending webwork-multiplicative-inverse-of-integer to server to save in /Users/alex.jordan/orcca/generated-assets/webwork/webwork-representations.xml: origin is 'ptx'
INFO    : building representations of PTX-authored WeBWorK problem
INFO    : sending webwork-445 to server to save in /Users/alex.jordan/orcca/generated-assets/webwork/webwork-representations.xml: origin is 'ptx'
INFO    : building representations of PTX-authored WeBWorK problem
INFO    : sending webwork-additive-inverse-of-decimal to server to save in /Users/alex.jordan/orcca/generated-assets/webwork/webwork-representations.xml: origin is 'ptx'
INFO    : building representations of PTX-authored WeBWorK problem
INFO    : sending webwork-447 to server to save in /Users/alex.jordan/orcca/generated-assets/webwork/webwork-representations.xml: origin is 'ptx'
INFO    : building representations of PTX-authored WeBWorK problem
INFO    : sending webwork-multiplicative-inverse-of-positive-fraction to server to save in /Users/alex.jordan/orcca/generated-assets/webwork/webwork-representations.xml: origin is 'ptx'
INFO    : building representations of PTX-authored WeBWorK problem
INFO    : sending webwork-449 to server to save in /Users/alex.jordan/orcca/generated-assets/webwork/webwork-representations.xml: origin is 'ptx'
INFO    : building representations of PTX-authored WeBWorK problem
INFO    : sending webwork-multiplicative-inverse-of-negative-fraction to server to save in /Users/alex.jordan/orcca/generated-assets/webwork/webwork-representations.xml: origin is 'ptx'
INFO    : building representations of PTX-authored WeBWorK problem
INFO    : sending webwork-451 to server to save in /Users/alex.jordan/orcca/generated-assets/webwork/webwork-representations.xml: origin is 'ptx'
INFO    : building representations of PTX-authored WeBWorK problem
INFO    : sending webwork-452 to server to save in /Users/alex.jordan/orcca/generated-assets/webwork/webwork-representations.xml: origin is 'ptx'
INFO    : building representations of PTX-authored WeBWorK problem
INFO    : sending webwork-453 to server to save in /Users/alex.jordan/orcca/generated-assets/webwork/webwork-representations.xml: origin is 'ptx'
INFO    : building representations of PTX-authored WeBWorK problem
INFO    : sending webwork-use-additive-associativity to server to save in /Users/alex.jordan/orcca/generated-assets/webwork/webwork-representations.xml: origin is 'ptx'
INFO    : building representations of PTX-authored WeBWorK problem
INFO    : sending webwork-455 to server to save in /Users/alex.jordan/orcca/generated-assets/webwork/webwork-representations.xml: origin is 'ptx'
INFO    : building representations of PTX-authored WeBWorK problem
INFO    : sending webwork-use-additive-associativity-one-var to server to save in /Users/alex.jordan/orcca/generated-assets/webwork/webwork-representations.xml: origin is 'ptx'
INFO    : building representations of PTX-authored WeBWorK problem
INFO    : sending webwork-457 to server to save in /Users/alex.jordan/orcca/generated-assets/webwork/webwork-representations.xml: origin is 'ptx'
INFO    : building representations of PTX-authored WeBWorK problem
INFO    : sending webwork-use-multiplicative-associativity to server to save in /Users/alex.jordan/orcca/generated-assets/webwork/webwork-representations.xml: origin is 'ptx'
INFO    : building representations of PTX-authored WeBWorK problem
INFO    : sending webwork-459 to server to save in /Users/alex.jordan/orcca/generated-assets/webwork/webwork-representations.xml: origin is 'ptx'
INFO    : building representations of PTX-authored WeBWorK problem
INFO    : sending webwork-use-additive-commutativity to server to save in /Users/alex.jordan/orcca/generated-assets/webwork/webwork-representations.xml: origin is 'ptx'
INFO    : building representations of PTX-authored WeBWorK problem
INFO    : sending webwork-461 to server to save in /Users/alex.jordan/orcca/generated-assets/webwork/webwork-representations.xml: origin is 'ptx'
INFO    : building representations of PTX-authored WeBWorK problem
INFO    : sending webwork-use-additive-commutativity-with-coefficient to server to save in /Users/alex.jordan/orcca/generated-assets/webwork/webwork-representations.xml: origin is 'ptx'
INFO    : building representations of PTX-authored WeBWorK problem
INFO    : sending webwork-463 to server to save in /Users/alex.jordan/orcca/generated-assets/webwork/webwork-representations.xml: origin is 'ptx'
INFO    : building representations of PTX-authored WeBWorK problem
INFO    : sending webwork-use-multiplicative-commutativity-with-coefficient to server to save in /Users/alex.jordan/orcca/generated-assets/webwork/webwork-representations.xml: origin is 'ptx'
INFO    : building representations of PTX-authored WeBWorK problem
INFO    : sending webwork-465 to server to save in /Users/alex.jordan/orcca/generated-assets/webwork/webwork-representations.xml: origin is 'ptx'
INFO    : building representations of PTX-authored WeBWorK problem
INFO    : sending webwork-use-multiplicative-commutativity-with-factored to server to save in /Users/alex.jordan/orcca/generated-assets/webwork/webwork-representations.xml: origin is 'ptx'
INFO    : building representations of PTX-authored WeBWorK problem
INFO    : sending webwork-467 to server to save in /Users/alex.jordan/orcca/generated-assets/webwork/webwork-representations.xml: origin is 'ptx'
INFO    : building representations of PTX-authored WeBWorK problem
INFO    : sending webwork-use-additive-commutativity-with-factored to server to save in /Users/alex.jordan/orcca/generated-assets/webwork/webwork-representations.xml: origin is 'ptx'
INFO    : building representations of PTX-authored WeBWorK problem
INFO    : sending webwork-469 to server to save in /Users/alex.jordan/orcca/generated-assets/webwork/webwork-representations.xml: origin is 'ptx'
INFO    : building representations of PTX-authored WeBWorK problem
INFO    : sending webwork-use-distributive-property to server to save in /Users/alex.jordan/orcca/generated-assets/webwork/webwork-representations.xml: origin is 'ptx'
INFO    : building representations of PTX-authored WeBWorK problem
INFO    : sending webwork-471 to server to save in /Users/alex.jordan/orcca/generated-assets/webwork/webwork-representations.xml: origin is 'ptx'
INFO    : building representations of PTX-authored WeBWorK problem
INFO    : sending webwork-use-distributive-property-subtraction to server to save in /Users/alex.jordan/orcca/generated-assets/webwork/webwork-representations.xml: origin is 'ptx'
INFO    : building representations of PTX-authored WeBWorK problem
INFO    : sending webwork-473 to server to save in /Users/alex.jordan/orcca/generated-assets/webwork/webwork-representations.xml: origin is 'ptx'
INFO    : building representations of PTX-authored WeBWorK problem
INFO    : sending webwork-use-distributive-property-fraction to server to save in /Users/alex.jordan/orcca/generated-assets/webwork/webwork-representations.xml: origin is 'ptx'
INFO    : building representations of PTX-authored WeBWorK problem
INFO    : sending webwork-475 to server to save in /Users/alex.jordan/orcca/generated-assets/webwork/webwork-representations.xml: origin is 'ptx'
INFO    : building representations of PTX-authored WeBWorK problem
INFO    : sending webwork-use-distributive-property-negate to server to save in /Users/alex.jordan/orcca/generated-assets/webwork/webwork-representations.xml: origin is 'ptx'
INFO    : building representations of PTX-authored WeBWorK problem
INFO    : sending webwork-477 to server to save in /Users/alex.jordan/orcca/generated-assets/webwork/webwork-representations.xml: origin is 'ptx'
INFO    : building representations of PTX-authored WeBWorK problem
INFO    : sending webwork-simplify-combine-two-terms to server to save in /Users/alex.jordan/orcca/generated-assets/webwork/webwork-representations.xml: origin is 'ptx'
INFO    : building representations of PTX-authored WeBWorK problem
INFO    : sending webwork-479 to server to save in /Users/alex.jordan/orcca/generated-assets/webwork/webwork-representations.xml: origin is 'ptx'
INFO    : building representations of PTX-authored WeBWorK problem
INFO    : sending webwork-simplify-combine-two-terms-subtract-fractions to server to save in /Users/alex.jordan/orcca/generated-assets/webwork/webwork-representations.xml: origin is 'ptx'
INFO    : building representations of PTX-authored WeBWorK problem
INFO    : sending webwork-481 to server to save in /Users/alex.jordan/orcca/generated-assets/webwork/webwork-representations.xml: origin is 'ptx'
INFO    : building representations of PTX-authored WeBWorK problem
INFO    : sending webwork-simplify-combine-two-numbers-var-in-between to server to save in /Users/alex.jordan/orcca/generated-assets/webwork/webwork-representations.xml: origin is 'ptx'
INFO    : building representations of PTX-authored WeBWorK problem
INFO    : sending webwork-483 to server to save in /Users/alex.jordan/orcca/generated-assets/webwork/webwork-representations.xml: origin is 'ptx'
INFO    : building representations of PTX-authored WeBWorK problem
INFO    : sending webwork-simplify-combine-two-terms-number-in-between to server to save in /Users/alex.jordan/orcca/generated-assets/webwork/webwork-representations.xml: origin is 'ptx'
INFO    : building representations of PTX-authored WeBWorK problem
INFO    : sending webwork-485 to server to save in /Users/alex.jordan/orcca/generated-assets/webwork/webwork-representations.xml: origin is 'ptx'
INFO    : building representations of PTX-authored WeBWorK problem
INFO    : sending webwork-simplify-with-distributive-subtract-number to server to save in /Users/alex.jordan/orcca/generated-assets/webwork/webwork-representations.xml: origin is 'ptx'
INFO    : building representations of PTX-authored WeBWorK problem
INFO    : sending webwork-487 to server to save in /Users/alex.jordan/orcca/generated-assets/webwork/webwork-representations.xml: origin is 'ptx'
INFO    : building representations of PTX-authored WeBWorK problem
INFO    : sending webwork-simplify-with-distributive-add-number to server to save in /Users/alex.jordan/orcca/generated-assets/webwork/webwork-representations.xml: origin is 'ptx'
INFO    : building representations of PTX-authored WeBWorK problem
INFO    : sending webwork-489 to server to save in /Users/alex.jordan/orcca/generated-assets/webwork/webwork-representations.xml: origin is 'ptx'
INFO    : building representations of PTX-authored WeBWorK problem
INFO    : sending webwork-simplify-add-two-distributions to server to save in /Users/alex.jordan/orcca/generated-assets/webwork/webwork-representations.xml: origin is 'ptx'
INFO    : building representations of PTX-authored WeBWorK problem
INFO    : sending webwork-491 to server to save in /Users/alex.jordan/orcca/generated-assets/webwork/webwork-representations.xml: origin is 'ptx'
INFO    : building representations of PTX-authored WeBWorK problem
INFO    : sending webwork-simplify-add-two-distributions-double-negative to server to save in /Users/alex.jordan/orcca/generated-assets/webwork/webwork-representations.xml: origin is 'ptx'
INFO    : building representations of PTX-authored WeBWorK problem
INFO    : sending webwork-493 to server to save in /Users/alex.jordan/orcca/generated-assets/webwork/webwork-representations.xml: origin is 'ptx'
INFO    : building representations of PTX-authored WeBWorK problem
INFO    : sending webwork-simplify-subtract-two-distributions to server to save in /Users/alex.jordan/orcca/generated-assets/webwork/webwork-representations.xml: origin is 'ptx'
INFO    : building representations of PTX-authored WeBWorK problem
INFO    : sending webwork-495 to server to save in /Users/alex.jordan/orcca/generated-assets/webwork/webwork-representations.xml: origin is 'ptx'
INFO    : building representations of PTX-authored WeBWorK problem
INFO    : sending webwork-simplify-distribute-subtract-biinomial to server to save in /Users/alex.jordan/orcca/generated-assets/webwork/webwork-representations.xml: origin is 'ptx'
INFO    : building representations of PTX-authored WeBWorK problem
INFO    : sending webwork-497 to server to save in /Users/alex.jordan/orcca/generated-assets/webwork/webwork-representations.xml: origin is 'ptx'
INFO    : building representations of PTX-authored WeBWorK problem
INFO    : sending webwork-simplify-add-two-distributions-fractions to server to save in /Users/alex.jordan/orcca/generated-assets/webwork/webwork-representations.xml: origin is 'ptx'
INFO    : building representations of PTX-authored WeBWorK problem
INFO    : sending webwork-499 to server to save in /Users/alex.jordan/orcca/generated-assets/webwork/webwork-representations.xml: origin is 'ptx'
INFO    : building representations of PTX-authored WeBWorK problem
INFO    : sending webwork-simplify-double-negative-decimals to server to save in /Users/alex.jordan/orcca/generated-assets/webwork/webwork-representations.xml: origin is 'ptx'
INFO    : building representations of PTX-authored WeBWorK problem
INFO    : sending webwork-501 to server to save in /Users/alex.jordan/orcca/generated-assets/webwork/webwork-representations.xml: origin is 'ptx'
INFO    : building representations of PTX-authored WeBWorK problem
INFO    : sending webwork-502 to server to save in /Users/alex.jordan/orcca/generated-assets/webwork/webwork-representations.xml: origin is 'ptx'
INFO    : building representations of PTX-authored WeBWorK problem
INFO    : sending webwork-503 to server to save in /Users/alex.jordan/orcca/generated-assets/webwork/webwork-representations.xml: origin is 'ptx'
INFO    : building representations of PTX-authored WeBWorK problem
INFO    : sending webwork-504 to server to save in /Users/alex.jordan/orcca/generated-assets/webwork/webwork-representations.xml: origin is 'ptx'
INFO    : building representations of PTX-authored WeBWorK problem
INFO    : sending webwork-world-population-linear-model to server to save in /Users/alex.jordan/orcca/generated-assets/webwork/webwork-representations.xml: origin is 'ptx'
INFO    : building representations of PTX-authored WeBWorK problem
INFO    : sending webwork-bulgaria-population-linear-model to server to save in /Users/alex.jordan/orcca/generated-assets/webwork/webwork-representations.xml: origin is 'ptx'
INFO    : building representations of PTX-authored WeBWorK problem
INFO    : sending webwork-507 to server to save in /Users/alex.jordan/orcca/generated-assets/webwork/webwork-representations.xml: origin is 'ptx'
INFO    : building representations of PTX-authored WeBWorK problem
INFO    : sending webwork-508 to server to save in /Users/alex.jordan/orcca/generated-assets/webwork/webwork-representations.xml: origin is 'ptx'
INFO    : building representations of PTX-authored WeBWorK problem
INFO    : sending webwork-enrollment-decline to server to save in /Users/alex.jordan/orcca/generated-assets/webwork/webwork-representations.xml: origin is 'ptx'
INFO    : building representations of PTX-authored WeBWorK problem
INFO    : sending webwork-naming-variables-area-age-time to server to save in /Users/alex.jordan/orcca/generated-assets/webwork/webwork-representations.xml: origin is 'ptx'
INFO    : building representations of PTX-authored WeBWorK problem
INFO    : sending webwork-naming-variables-age-distance-area to server to save in /Users/alex.jordan/orcca/generated-assets/webwork/webwork-representations.xml: origin is 'ptx'
INFO    : building representations of PTX-authored WeBWorK problem
INFO    : sending webwork-a-more-than-a-number to server to save in /Users/alex.jordan/orcca/generated-assets/webwork/webwork-representations.xml: origin is 'ptx'
INFO    : building representations of PTX-authored WeBWorK problem
INFO    : sending webwork-a-less-than-a-number to server to save in /Users/alex.jordan/orcca/generated-assets/webwork/webwork-representations.xml: origin is 'ptx'
INFO    : building representations of PTX-authored WeBWorK problem
INFO    : sending webwork-the-sum-of-a-and-a-number to server to save in /Users/alex.jordan/orcca/generated-assets/webwork/webwork-representations.xml: origin is 'ptx'
INFO    : building representations of PTX-authored WeBWorK problem
INFO    : sending webwork-the-differencee-between-a-number-and-a to server to save in /Users/alex.jordan/orcca/generated-assets/webwork/webwork-representations.xml: origin is 'ptx'
INFO    : building representations of PTX-authored WeBWorK problem
INFO    : sending webwork-a-subtracted-from-a-number to server to save in /Users/alex.jordan/orcca/generated-assets/webwork/webwork-representations.xml: origin is 'ptx'
INFO    : building representations of PTX-authored WeBWorK problem
INFO    : sending webwork-a-increased-by-a-number to server to save in /Users/alex.jordan/orcca/generated-assets/webwork/webwork-representations.xml: origin is 'ptx'
INFO    : building representations of PTX-authored WeBWorK problem
INFO    : sending webwork-a-decreased-by-a-number to server to save in /Users/alex.jordan/orcca/generated-assets/webwork/webwork-representations.xml: origin is 'ptx'
INFO    : building representations of PTX-authored WeBWorK problem
INFO    : sending webwork-a-times-a-number-then-decreased-by-b to server to save in /Users/alex.jordan/orcca/generated-assets/webwork/webwork-representations.xml: origin is 'ptx'
INFO    : building representations of PTX-authored WeBWorK problem
INFO    : sending webwork-a-times-a-number-then-increased-by-b to server to save in /Users/alex.jordan/orcca/generated-assets/webwork/webwork-representations.xml: origin is 'ptx'
INFO    : building representations of PTX-authored WeBWorK problem
INFO    : sending webwork-a-times-a-number-decreased-by-b to server to save in /Users/alex.jordan/orcca/generated-assets/webwork/webwork-representations.xml: origin is 'ptx'
INFO    : building representations of PTX-authored WeBWorK problem
INFO    : sending webwork-a-times-a-number-increased-by-b to server to save in /Users/alex.jordan/orcca/generated-assets/webwork/webwork-representations.xml: origin is 'ptx'
INFO    : building representations of PTX-authored WeBWorK problem
INFO    : sending webwork-a-more-than-the-product-of-b-and-a-number to server to save in /Users/alex.jordan/orcca/generated-assets/webwork/webwork-representations.xml: origin is 'ptx'
INFO    : building representations of PTX-authored WeBWorK problem
INFO    : sending webwork-a-less-than-the-product-of-b-and-a-number to server to save in /Users/alex.jordan/orcca/generated-assets/webwork/webwork-representations.xml: origin is 'ptx'
INFO    : building representations of PTX-authored WeBWorK problem
INFO    : sending webwork-a-more-than-the-quotient-of-a-number-and-b to server to save in /Users/alex.jordan/orcca/generated-assets/webwork/webwork-representations.xml: origin is 'ptx'
INFO    : building representations of PTX-authored WeBWorK problem
INFO    : sending webwork-a-less-than-the-quotient-of-a-number-and-b to server to save in /Users/alex.jordan/orcca/generated-assets/webwork/webwork-representations.xml: origin is 'ptx'
INFO    : building representations of PTX-authored WeBWorK problem
INFO    : sending webwork-f-of-a-number to server to save in /Users/alex.jordan/orcca/generated-assets/webwork/webwork-representations.xml: origin is 'ptx'
INFO    : building representations of PTX-authored WeBWorK problem
INFO    : sending webwork-528 to server to save in /Users/alex.jordan/orcca/generated-assets/webwork/webwork-representations.xml: origin is 'ptx'
INFO    : building representations of PTX-authored WeBWorK problem
INFO    : sending webwork-a-number-increased-by-f-of-itself to server to save in /Users/alex.jordan/orcca/generated-assets/webwork/webwork-representations.xml: origin is 'ptx'
INFO    : building representations of PTX-authored WeBWorK problem
INFO    : sending webwork-a-number-decreased-by-f-of-itself to server to save in /Users/alex.jordan/orcca/generated-assets/webwork/webwork-representations.xml: origin is 'ptx'
INFO    : building representations of PTX-authored WeBWorK problem
INFO    : sending webwork-a-less-than-b-times-a-number to server to save in /Users/alex.jordan/orcca/generated-assets/webwork/webwork-representations.xml: origin is 'ptx'
INFO    : building representations of PTX-authored WeBWorK problem
INFO    : sending webwork-a-more-than-b-times-a-number to server to save in /Users/alex.jordan/orcca/generated-assets/webwork/webwork-representations.xml: origin is 'ptx'
INFO    : building representations of PTX-authored WeBWorK problem
INFO    : sending webwork-a-more-than-a-number-is-b to server to save in /Users/alex.jordan/orcca/generated-assets/webwork/webwork-representations.xml: origin is 'ptx'
INFO    : building representations of PTX-authored WeBWorK problem
INFO    : sending webwork-a-less-than-a-number-is-b to server to save in /Users/alex.jordan/orcca/generated-assets/webwork/webwork-representations.xml: origin is 'ptx'
INFO    : building representations of PTX-authored WeBWorK problem
INFO    : sending webwork-a-times-a-number-is-b to server to save in /Users/alex.jordan/orcca/generated-assets/webwork/webwork-representations.xml: origin is 'ptx'
INFO    : building representations of PTX-authored WeBWorK problem
INFO    : sending webwork-a-number-divided-by-a-is-b to server to save in /Users/alex.jordan/orcca/generated-assets/webwork/webwork-representations.xml: origin is 'ptx'
INFO    : building representations of PTX-authored WeBWorK problem
INFO    : sending webwork-the-sum-of-a-and-a-number-is-b to server to save in /Users/alex.jordan/orcca/generated-assets/webwork/webwork-representations.xml: origin is 'ptx'
INFO    : building representations of PTX-authored WeBWorK problem
INFO    : sending webwork-the-difference-between-a-number-and-a-is-b to server to save in /Users/alex.jordan/orcca/generated-assets/webwork/webwork-representations.xml: origin is 'ptx'
INFO    : building representations of PTX-authored WeBWorK problem
INFO    : sending webwork-the-product-of-a-and-a-number-is-b to server to save in /Users/alex.jordan/orcca/generated-assets/webwork/webwork-representations.xml: origin is 'ptx'
INFO    : building representations of PTX-authored WeBWorK problem
INFO    : sending webwork-the-quotient-of-a-number-and-a-is-b to server to save in /Users/alex.jordan/orcca/generated-assets/webwork/webwork-representations.xml: origin is 'ptx'
INFO    : building representations of PTX-authored WeBWorK problem
INFO    : sending webwork-a-more-than-c-times-a-number-is-b to server to save in /Users/alex.jordan/orcca/generated-assets/webwork/webwork-representations.xml: origin is 'ptx'
INFO    : building representations of PTX-authored WeBWorK problem
INFO    : sending webwork-a-less-than-c-times-a-number-is-b to server to save in /Users/alex.jordan/orcca/generated-assets/webwork/webwork-representations.xml: origin is 'ptx'
INFO    : building representations of PTX-authored WeBWorK problem
INFO    : sending webwork-a-is-the-product-of-b-and-c-less-than-a-number to server to save in /Users/alex.jordan/orcca/generated-assets/webwork/webwork-representations.xml: origin is 'ptx'
INFO    : building representations of PTX-authored WeBWorK problem
INFO    : sending webwork-the-product-of-a-and-b-more-than-a-number-is-c to server to save in /Users/alex.jordan/orcca/generated-assets/webwork/webwork-representations.xml: origin is 'ptx'
INFO    : building representations of PTX-authored WeBWorK problem
INFO    : sending webwork-the-sum-of-a-and-a-number-is-the-same-as-b-times-that-number to server to save in /Users/alex.jordan/orcca/generated-assets/webwork/webwork-representations.xml: origin is 'ptx'
INFO    : building representations of PTX-authored WeBWorK problem
INFO    : sending webwork-a-times-a-number-is-the-same-as-b-less-than-twice-that-number to server to save in /Users/alex.jordan/orcca/generated-assets/webwork/webwork-representations.xml: origin is 'ptx'
INFO    : building representations of PTX-authored WeBWorK problem
INFO    : sending webwork-a-less-than-the-quotient-of-a-number-and-b-is-the-same-as-the-quotient-of-that-number-and-c to server to save in /Users/alex.jordan/orcca/generated-assets/webwork/webwork-representations.xml: origin is 'ptx'
INFO    : building representations of PTX-authored WeBWorK problem
INFO    : sending webwork-oil-tank-linear-model to server to save in /Users/alex.jordan/orcca/generated-assets/webwork/webwork-representations.xml: origin is 'ptx'
INFO    : building representations of PTX-authored WeBWorK problem
INFO    : sending webwork-pool-linear-model to server to save in /Users/alex.jordan/orcca/generated-assets/webwork/webwork-representations.xml: origin is 'ptx'
INFO    : building representations of PTX-authored WeBWorK problem
INFO    : sending webwork-mile-marker-linear-model to server to save in /Users/alex.jordan/orcca/generated-assets/webwork/webwork-representations.xml: origin is 'ptx'
INFO    : building representations of PTX-authored WeBWorK problem
INFO    : sending webwork-gas-mileage-linear-model to server to save in /Users/alex.jordan/orcca/generated-assets/webwork/webwork-representations.xml: origin is 'ptx'
INFO    : building representations of PTX-authored WeBWorK problem
INFO    : sending webwork-tree-height-linear-model to server to save in /Users/alex.jordan/orcca/generated-assets/webwork/webwork-representations.xml: origin is 'ptx'
INFO    : building representations of PTX-authored WeBWorK problem
INFO    : sending webwork-tire-pressure-linear-model to server to save in /Users/alex.jordan/orcca/generated-assets/webwork/webwork-representations.xml: origin is 'ptx'
INFO    : building representations of PTX-authored WeBWorK problem
INFO    : sending webwork-savings-account-linear-model to server to save in /Users/alex.jordan/orcca/generated-assets/webwork/webwork-representations.xml: origin is 'ptx'
INFO    : building representations of PTX-authored WeBWorK problem
INFO    : sending webwork-water-treatment-cost-linear-model to server to save in /Users/alex.jordan/orcca/generated-assets/webwork/webwork-representations.xml: origin is 'ptx'
INFO    : building representations of PTX-authored WeBWorK problem
INFO    : sending webwork-boil-water-fahrenheit-linear-model to server to save in /Users/alex.jordan/orcca/generated-assets/webwork/webwork-representations.xml: origin is 'ptx'
INFO    : building representations of PTX-authored WeBWorK problem
INFO    : sending webwork-boil-water-celsius-linear-model to server to save in /Users/alex.jordan/orcca/generated-assets/webwork/webwork-representations.xml: origin is 'ptx'
INFO    : building representations of PTX-authored WeBWorK problem
INFO    : sending webwork-cooling-pie-linear-model to server to save in /Users/alex.jordan/orcca/generated-assets/webwork/webwork-representations.xml: origin is 'ptx'
INFO    : building representations of PTX-authored WeBWorK problem
INFO    : sending webwork-heat-goes-out-linear-model to server to save in /Users/alex.jordan/orcca/generated-assets/webwork/webwork-representations.xml: origin is 'ptx'
INFO    : building representations of PTX-authored WeBWorK problem
INFO    : sending webwork-restaurant-onions-linear-model to server to save in /Users/alex.jordan/orcca/generated-assets/webwork/webwork-representations.xml: origin is 'ptx'
INFO    : building representations of PTX-authored WeBWorK problem
INFO    : sending webwork-casino-linear-model to server to save in /Users/alex.jordan/orcca/generated-assets/webwork/webwork-representations.xml: origin is 'ptx'
INFO    : building representations of PTX-authored WeBWorK problem
INFO    : sending webwork-kids-birthday-venue-linear-model to server to save in /Users/alex.jordan/orcca/generated-assets/webwork/webwork-representations.xml: origin is 'ptx'
INFO    : building representations of PTX-authored WeBWorK problem
INFO    : sending webwork-property-tax-linear-model to server to save in /Users/alex.jordan/orcca/generated-assets/webwork/webwork-representations.xml: origin is 'ptx'
INFO    : building representations of PTX-authored WeBWorK problem
INFO    : sending webwork-salary-linear-model to server to save in /Users/alex.jordan/orcca/generated-assets/webwork/webwork-representations.xml: origin is 'ptx'
INFO    : building representations of PTX-authored WeBWorK problem
INFO    : sending webwork-565 to server to save in /Users/alex.jordan/orcca/generated-assets/webwork/webwork-representations.xml: origin is 'ptx'
INFO    : building representations of PTX-authored WeBWorK problem
INFO    : sending webwork-sales-tax-linear-model to server to save in /Users/alex.jordan/orcca/generated-assets/webwork/webwork-representations.xml: origin is 'ptx'
INFO    : building representations of PTX-authored WeBWorK problem
INFO    : sending webwork-567 to server to save in /Users/alex.jordan/orcca/generated-assets/webwork/webwork-representations.xml: origin is 'ptx'
INFO    : building representations of PTX-authored WeBWorK problem
INFO    : sending webwork-discount-linear-model to server to save in /Users/alex.jordan/orcca/generated-assets/webwork/webwork-representations.xml: origin is 'ptx'
INFO    : building representations of PTX-authored WeBWorK problem
INFO    : sending webwork-569 to server to save in /Users/alex.jordan/orcca/generated-assets/webwork/webwork-representations.xml: origin is 'ptx'
INFO    : building representations of PTX-authored WeBWorK problem
INFO    : sending webwork-restaurant-bill-linear-model to server to save in /Users/alex.jordan/orcca/generated-assets/webwork/webwork-representations.xml: origin is 'ptx'
INFO    : building representations of PTX-authored WeBWorK problem
INFO    : sending webwork-571 to server to save in /Users/alex.jordan/orcca/generated-assets/webwork/webwork-representations.xml: origin is 'ptx'
INFO    : building representations of PTX-authored WeBWorK problem
INFO    : sending webwork-median-rent-linear-model to server to save in /Users/alex.jordan/orcca/generated-assets/webwork/webwork-representations.xml: origin is 'ptx'
INFO    : building representations of PTX-authored WeBWorK problem
INFO    : sending webwork-573 to server to save in /Users/alex.jordan/orcca/generated-assets/webwork/webwork-representations.xml: origin is 'ptx'
INFO    : building representations of PTX-authored WeBWorK problem
INFO    : sending webwork-water-truck-linear-model to server to save in /Users/alex.jordan/orcca/generated-assets/webwork/webwork-representations.xml: origin is 'ptx'
INFO    : building representations of PTX-authored WeBWorK problem
INFO    : sending webwork-garden-hose-pool-linear-model to server to save in /Users/alex.jordan/orcca/generated-assets/webwork/webwork-representations.xml: origin is 'ptx'
INFO    : building representations of PTX-authored WeBWorK problem
INFO    : sending webwork-lung-capacity-linear-model to server to save in /Users/alex.jordan/orcca/generated-assets/webwork/webwork-representations.xml: origin is 'ptx'
INFO    : building representations of PTX-authored WeBWorK problem
INFO    : sending webwork-airplane-descent-linear-model to server to save in /Users/alex.jordan/orcca/generated-assets/webwork/webwork-representations.xml: origin is 'ptx'
INFO    : building representations of PTX-authored WeBWorK problem
INFO    : sending webwork-salary-linear-inequality-model to server to save in /Users/alex.jordan/orcca/generated-assets/webwork/webwork-representations.xml: origin is 'ptx'
INFO    : building representations of PTX-authored WeBWorK problem
INFO    : sending webwork-discount-linear-ineequality-model to server to save in /Users/alex.jordan/orcca/generated-assets/webwork/webwork-representations.xml: origin is 'ptx'
INFO    : building representations of PTX-authored WeBWorK problem
INFO    : sending webwork-restaurant-bill-linear-inequality-model to server to save in /Users/alex.jordan/orcca/generated-assets/webwork/webwork-representations.xml: origin is 'ptx'
INFO    : building representations of PTX-authored WeBWorK problem
INFO    : sending webwork-median-rent-linear-inequality-model to server to save in /Users/alex.jordan/orcca/generated-assets/webwork/webwork-representations.xml: origin is 'ptx'
INFO    : building representations of PTX-authored WeBWorK problem
INFO    : sending webwork-582 to server to save in /Users/alex.jordan/orcca/generated-assets/webwork/webwork-representations.xml: origin is 'ptx'
INFO    : building representations of PTX-authored WeBWorK problem
INFO    : sending webwork-583 to server to save in /Users/alex.jordan/orcca/generated-assets/webwork/webwork-representations.xml: origin is 'ptx'
INFO    : building representations of PTX-authored WeBWorK problem
INFO    : sending webwork-584 to server to save in /Users/alex.jordan/orcca/generated-assets/webwork/webwork-representations.xml: origin is 'ptx'
INFO    : building representations of PTX-authored WeBWorK problem
INFO    : sending webwork-585 to server to save in /Users/alex.jordan/orcca/generated-assets/webwork/webwork-representations.xml: origin is 'ptx'
INFO    : building representations of PTX-authored WeBWorK problem
INFO    : sending webwork-586 to server to save in /Users/alex.jordan/orcca/generated-assets/webwork/webwork-representations.xml: origin is 'ptx'
INFO    : building representations of PTX-authored WeBWorK problem
INFO    : sending webwork-587 to server to save in /Users/alex.jordan/orcca/generated-assets/webwork/webwork-representations.xml: origin is 'ptx'
INFO    : building representations of PTX-authored WeBWorK problem
INFO    : sending webwork-588 to server to save in /Users/alex.jordan/orcca/generated-assets/webwork/webwork-representations.xml: origin is 'ptx'
INFO    : saving image file webwork-588-image-1.tgz (contents) in /Users/alex.jordan/orcca/generated-assets/webwork/images
INFO    : building representations of PTX-authored WeBWorK problem
INFO    : sending webwork-589 to server to save in /Users/alex.jordan/orcca/generated-assets/webwork/webwork-representations.xml: origin is 'ptx'
INFO    : saving image file webwork-589-image-1.tgz (contents) in /Users/alex.jordan/orcca/generated-assets/webwork/images
INFO    : building representations of PTX-authored WeBWorK problem
INFO    : sending webwork-590 to server to save in /Users/alex.jordan/orcca/generated-assets/webwork/webwork-representations.xml: origin is 'ptx'
INFO    : saving image file webwork-590-image-1.tgz (contents) in /Users/alex.jordan/orcca/generated-assets/webwork/images
INFO    : building representations of PTX-authored WeBWorK problem
INFO    : sending webwork-591 to server to save in /Users/alex.jordan/orcca/generated-assets/webwork/webwork-representations.xml: origin is 'ptx'
INFO    : building representations of PTX-authored WeBWorK problem
INFO    : sending webwork-592 to server to save in /Users/alex.jordan/orcca/generated-assets/webwork/webwork-representations.xml: origin is 'ptx'
INFO    : building representations of PTX-authored WeBWorK problem
INFO    : sending webwork-593 to server to save in /Users/alex.jordan/orcca/generated-assets/webwork/webwork-representations.xml: origin is 'ptx'
INFO    : building representations of PTX-authored WeBWorK problem
INFO    : sending webwork-594 to server to save in /Users/alex.jordan/orcca/generated-assets/webwork/webwork-representations.xml: origin is 'ptx'
INFO    : building representations of PTX-authored WeBWorK problem
INFO    : sending webwork-595 to server to save in /Users/alex.jordan/orcca/generated-assets/webwork/webwork-representations.xml: origin is 'ptx'
INFO    : building representations of PTX-authored WeBWorK problem
INFO    : sending webwork-596 to server to save in /Users/alex.jordan/orcca/generated-assets/webwork/webwork-representations.xml: origin is 'ptx'
INFO    : building representations of PTX-authored WeBWorK problem
INFO    : sending webwork-597 to server to save in /Users/alex.jordan/orcca/generated-assets/webwork/webwork-representations.xml: origin is 'ptx'
INFO    : building representations of PTX-authored WeBWorK problem
INFO    : sending webwork-598 to server to save in /Users/alex.jordan/orcca/generated-assets/webwork/webwork-representations.xml: origin is 'ptx'
INFO    : building representations of PTX-authored WeBWorK problem
INFO    : sending webwork-599 to server to save in /Users/alex.jordan/orcca/generated-assets/webwork/webwork-representations.xml: origin is 'ptx'
INFO    : building representations of PTX-authored WeBWorK problem
INFO    : sending webwork-600 to server to save in /Users/alex.jordan/orcca/generated-assets/webwork/webwork-representations.xml: origin is 'ptx'
INFO    : building representations of PTX-authored WeBWorK problem
INFO    : sending webwork-601 to server to save in /Users/alex.jordan/orcca/generated-assets/webwork/webwork-representations.xml: origin is 'ptx'
INFO    : building representations of PTX-authored WeBWorK problem
INFO    : sending webwork-602 to server to save in /Users/alex.jordan/orcca/generated-assets/webwork/webwork-representations.xml: origin is 'ptx'
INFO    : building representations of PTX-authored WeBWorK problem
INFO    : sending webwork-603 to server to save in /Users/alex.jordan/orcca/generated-assets/webwork/webwork-representations.xml: origin is 'ptx'
INFO    : building representations of PTX-authored WeBWorK problem
INFO    : sending webwork-604 to server to save in /Users/alex.jordan/orcca/generated-assets/webwork/webwork-representations.xml: origin is 'ptx'
INFO    : building representations of PTX-authored WeBWorK problem
INFO    : sending webwork-605 to server to save in /Users/alex.jordan/orcca/generated-assets/webwork/webwork-representations.xml: origin is 'ptx'
INFO    : building representations of PTX-authored WeBWorK problem
INFO    : sending webwork-606 to server to save in /Users/alex.jordan/orcca/generated-assets/webwork/webwork-representations.xml: origin is 'ptx'
INFO    : building representations of PTX-authored WeBWorK problem
INFO    : sending webwork-607 to server to save in /Users/alex.jordan/orcca/generated-assets/webwork/webwork-representations.xml: origin is 'ptx'
INFO    : building representations of PTX-authored WeBWorK problem
INFO    : sending webwork-608 to server to save in /Users/alex.jordan/orcca/generated-assets/webwork/webwork-representations.xml: origin is 'ptx'
INFO    : building representations of PTX-authored WeBWorK problem
INFO    : sending webwork-609 to server to save in /Users/alex.jordan/orcca/generated-assets/webwork/webwork-representations.xml: origin is 'ptx'
INFO    : building representations of PTX-authored WeBWorK problem
INFO    : sending webwork-610 to server to save in /Users/alex.jordan/orcca/generated-assets/webwork/webwork-representations.xml: origin is 'ptx'
INFO    : building representations of PTX-authored WeBWorK problem
INFO    : sending webwork-611 to server to save in /Users/alex.jordan/orcca/generated-assets/webwork/webwork-representations.xml: origin is 'ptx'
INFO    : building representations of PTX-authored WeBWorK problem
INFO    : sending webwork-612 to server to save in /Users/alex.jordan/orcca/generated-assets/webwork/webwork-representations.xml: origin is 'ptx'
INFO    : building representations of PTX-authored WeBWorK problem
INFO    : sending webwork-613 to server to save in /Users/alex.jordan/orcca/generated-assets/webwork/webwork-representations.xml: origin is 'ptx'
INFO    : building representations of PTX-authored WeBWorK problem
INFO    : sending webwork-614 to server to save in /Users/alex.jordan/orcca/generated-assets/webwork/webwork-representations.xml: origin is 'ptx'
INFO    : building representations of PTX-authored WeBWorK problem
INFO    : sending webwork-615 to server to save in /Users/alex.jordan/orcca/generated-assets/webwork/webwork-representations.xml: origin is 'ptx'
INFO    : building representations of PTX-authored WeBWorK problem
INFO    : sending webwork-616 to server to save in /Users/alex.jordan/orcca/generated-assets/webwork/webwork-representations.xml: origin is 'ptx'
INFO    : building representations of PTX-authored WeBWorK problem
INFO    : sending webwork-617 to server to save in /Users/alex.jordan/orcca/generated-assets/webwork/webwork-representations.xml: origin is 'ptx'
INFO    : building representations of PTX-authored WeBWorK problem
INFO    : sending webwork-618 to server to save in /Users/alex.jordan/orcca/generated-assets/webwork/webwork-representations.xml: origin is 'ptx'
INFO    : building representations of PTX-authored WeBWorK problem
INFO    : sending webwork-619 to server to save in /Users/alex.jordan/orcca/generated-assets/webwork/webwork-representations.xml: origin is 'ptx'
INFO    : building representations of PTX-authored WeBWorK problem
INFO    : sending webwork-620 to server to save in /Users/alex.jordan/orcca/generated-assets/webwork/webwork-representations.xml: origin is 'ptx'
INFO    : building representations of PTX-authored WeBWorK problem
INFO    : sending webwork-621 to server to save in /Users/alex.jordan/orcca/generated-assets/webwork/webwork-representations.xml: origin is 'ptx'
INFO    : building representations of PTX-authored WeBWorK problem
INFO    : sending webwork-622 to server to save in /Users/alex.jordan/orcca/generated-assets/webwork/webwork-representations.xml: origin is 'ptx'
INFO    : building representations of PTX-authored WeBWorK problem
INFO    : sending webwork-623 to server to save in /Users/alex.jordan/orcca/generated-assets/webwork/webwork-representations.xml: origin is 'ptx'
INFO    : building representations of PTX-authored WeBWorK problem
INFO    : sending webwork-624 to server to save in /Users/alex.jordan/orcca/generated-assets/webwork/webwork-representations.xml: origin is 'ptx'
INFO    : building representations of PTX-authored WeBWorK problem
INFO    : sending webwork-625 to server to save in /Users/alex.jordan/orcca/generated-assets/webwork/webwork-representations.xml: origin is 'ptx'
INFO    : building representations of PTX-authored WeBWorK problem
INFO    : sending webwork-626 to server to save in /Users/alex.jordan/orcca/generated-assets/webwork/webwork-representations.xml: origin is 'ptx'
INFO    : building representations of PTX-authored WeBWorK problem
INFO    : sending webwork-627 to server to save in /Users/alex.jordan/orcca/generated-assets/webwork/webwork-representations.xml: origin is 'ptx'
INFO    : building representations of PTX-authored WeBWorK problem
INFO    : sending webwork-628 to server to save in /Users/alex.jordan/orcca/generated-assets/webwork/webwork-representations.xml: origin is 'ptx'
INFO    : building representations of PTX-authored WeBWorK problem
INFO    : sending webwork-629 to server to save in /Users/alex.jordan/orcca/generated-assets/webwork/webwork-representations.xml: origin is 'ptx'
INFO    : building representations of PTX-authored WeBWorK problem
INFO    : sending webwork-630 to server to save in /Users/alex.jordan/orcca/generated-assets/webwork/webwork-representations.xml: origin is 'ptx'
INFO    : building representations of PTX-authored WeBWorK problem
INFO    : sending webwork-631 to server to save in /Users/alex.jordan/orcca/generated-assets/webwork/webwork-representations.xml: origin is 'ptx'
INFO    : building representations of PTX-authored WeBWorK problem
INFO    : sending webwork-632 to server to save in /Users/alex.jordan/orcca/generated-assets/webwork/webwork-representations.xml: origin is 'ptx'
INFO    : building representations of PTX-authored WeBWorK problem
INFO    : sending webwork-633 to server to save in /Users/alex.jordan/orcca/generated-assets/webwork/webwork-representations.xml: origin is 'ptx'
INFO    : building representations of PTX-authored WeBWorK problem
INFO    : sending webwork-634 to server to save in /Users/alex.jordan/orcca/generated-assets/webwork/webwork-representations.xml: origin is 'ptx'
INFO    : building representations of PTX-authored WeBWorK problem
INFO    : sending webwork-635 to server to save in /Users/alex.jordan/orcca/generated-assets/webwork/webwork-representations.xml: origin is 'ptx'
INFO    : building representations of PTX-authored WeBWorK problem
INFO    : sending webwork-636 to server to save in /Users/alex.jordan/orcca/generated-assets/webwork/webwork-representations.xml: origin is 'ptx'
INFO    : saving image file webwork-636-image-1.tgz (contents) in /Users/alex.jordan/orcca/generated-assets/webwork/images
INFO    : building representations of PTX-authored WeBWorK problem
INFO    : sending webwork-637 to server to save in /Users/alex.jordan/orcca/generated-assets/webwork/webwork-representations.xml: origin is 'ptx'
INFO    : building representations of PTX-authored WeBWorK problem
INFO    : sending webwork-638 to server to save in /Users/alex.jordan/orcca/generated-assets/webwork/webwork-representations.xml: origin is 'ptx'
INFO    : building representations of PTX-authored WeBWorK problem
INFO    : sending webwork-639 to server to save in /Users/alex.jordan/orcca/generated-assets/webwork/webwork-representations.xml: origin is 'ptx'
INFO    : building representations of PTX-authored WeBWorK problem
INFO    : sending webwork-640 to server to save in /Users/alex.jordan/orcca/generated-assets/webwork/webwork-representations.xml: origin is 'ptx'
INFO    : building representations of PTX-authored WeBWorK problem
INFO    : sending webwork-641 to server to save in /Users/alex.jordan/orcca/generated-assets/webwork/webwork-representations.xml: origin is 'ptx'
INFO    : building representations of PTX-authored WeBWorK problem
INFO    : sending webwork-642 to server to save in /Users/alex.jordan/orcca/generated-assets/webwork/webwork-representations.xml: origin is 'ptx'
INFO    : saving image file webwork-642-image-1.tgz (contents) in /Users/alex.jordan/orcca/generated-assets/webwork/images
INFO    : building representations of PTX-authored WeBWorK problem
INFO    : sending webwork-643 to server to save in /Users/alex.jordan/orcca/generated-assets/webwork/webwork-representations.xml: origin is 'ptx'
INFO    : building representations of PTX-authored WeBWorK problem
INFO    : sending webwork-644 to server to save in /Users/alex.jordan/orcca/generated-assets/webwork/webwork-representations.xml: origin is 'ptx'
INFO    : building representations of PTX-authored WeBWorK problem
INFO    : sending webwork-645 to server to save in /Users/alex.jordan/orcca/generated-assets/webwork/webwork-representations.xml: origin is 'ptx'
INFO    : building representations of PTX-authored WeBWorK problem
INFO    : sending webwork-646 to server to save in /Users/alex.jordan/orcca/generated-assets/webwork/webwork-representations.xml: origin is 'ptx'
INFO    : building representations of PTX-authored WeBWorK problem
INFO    : sending webwork-647 to server to save in /Users/alex.jordan/orcca/generated-assets/webwork/webwork-representations.xml: origin is 'ptx'
INFO    : building representations of PTX-authored WeBWorK problem
INFO    : sending webwork-648 to server to save in /Users/alex.jordan/orcca/generated-assets/webwork/webwork-representations.xml: origin is 'ptx'
INFO    : building representations of PTX-authored WeBWorK problem
INFO    : sending webwork-649 to server to save in /Users/alex.jordan/orcca/generated-assets/webwork/webwork-representations.xml: origin is 'ptx'
INFO    : building representations of PTX-authored WeBWorK problem
INFO    : sending webwork-650 to server to save in /Users/alex.jordan/orcca/generated-assets/webwork/webwork-representations.xml: origin is 'ptx'
INFO    : building representations of PTX-authored WeBWorK problem
INFO    : sending webwork-651 to server to save in /Users/alex.jordan/orcca/generated-assets/webwork/webwork-representations.xml: origin is 'ptx'
INFO    : building representations of PTX-authored WeBWorK problem
INFO    : sending webwork-652 to server to save in /Users/alex.jordan/orcca/generated-assets/webwork/webwork-representations.xml: origin is 'ptx'
INFO    : building representations of PTX-authored WeBWorK problem
INFO    : sending webwork-653 to server to save in /Users/alex.jordan/orcca/generated-assets/webwork/webwork-representations.xml: origin is 'ptx'
INFO    : building representations of PTX-authored WeBWorK problem
INFO    : sending webwork-654 to server to save in /Users/alex.jordan/orcca/generated-assets/webwork/webwork-representations.xml: origin is 'ptx'
INFO    : building representations of PTX-authored WeBWorK problem
INFO    : sending webwork-655 to server to save in /Users/alex.jordan/orcca/generated-assets/webwork/webwork-representations.xml: origin is 'ptx'
INFO    : building representations of PTX-authored WeBWorK problem
INFO    : sending webwork-656 to server to save in /Users/alex.jordan/orcca/generated-assets/webwork/webwork-representations.xml: origin is 'ptx'
INFO    : building representations of PTX-authored WeBWorK problem
INFO    : sending webwork-657 to server to save in /Users/alex.jordan/orcca/generated-assets/webwork/webwork-representations.xml: origin is 'ptx'
INFO    : building representations of PTX-authored WeBWorK problem
INFO    : sending webwork-658 to server to save in /Users/alex.jordan/orcca/generated-assets/webwork/webwork-representations.xml: origin is 'ptx'
INFO    : building representations of PTX-authored WeBWorK problem
INFO    : sending webwork-659 to server to save in /Users/alex.jordan/orcca/generated-assets/webwork/webwork-representations.xml: origin is 'ptx'
INFO    : building representations of PTX-authored WeBWorK problem
INFO    : sending webwork-660 to server to save in /Users/alex.jordan/orcca/generated-assets/webwork/webwork-representations.xml: origin is 'ptx'
INFO    : building representations of PTX-authored WeBWorK problem
INFO    : sending webwork-661 to server to save in /Users/alex.jordan/orcca/generated-assets/webwork/webwork-representations.xml: origin is 'ptx'
INFO    : building representations of PTX-authored WeBWorK problem
INFO    : sending webwork-662 to server to save in /Users/alex.jordan/orcca/generated-assets/webwork/webwork-representations.xml: origin is 'ptx'
INFO    : building representations of PTX-authored WeBWorK problem
INFO    : sending webwork-663 to server to save in /Users/alex.jordan/orcca/generated-assets/webwork/webwork-representations.xml: origin is 'ptx'
INFO    : building representations of PTX-authored WeBWorK problem
INFO    : sending webwork-664 to server to save in /Users/alex.jordan/orcca/generated-assets/webwork/webwork-representations.xml: origin is 'ptx'
INFO    : building representations of PTX-authored WeBWorK problem
INFO    : sending webwork-665 to server to save in /Users/alex.jordan/orcca/generated-assets/webwork/webwork-representations.xml: origin is 'ptx'
INFO    : building representations of PTX-authored WeBWorK problem
INFO    : sending webwork-666 to server to save in /Users/alex.jordan/orcca/generated-assets/webwork/webwork-representations.xml: origin is 'ptx'
INFO    : building representations of PTX-authored WeBWorK problem
INFO    : sending webwork-667 to server to save in /Users/alex.jordan/orcca/generated-assets/webwork/webwork-representations.xml: origin is 'ptx'
INFO    : building representations of PTX-authored WeBWorK problem
INFO    : sending webwork-668 to server to save in /Users/alex.jordan/orcca/generated-assets/webwork/webwork-representations.xml: origin is 'ptx'
INFO    : building representations of PTX-authored WeBWorK problem
INFO    : sending webwork-669 to server to save in /Users/alex.jordan/orcca/generated-assets/webwork/webwork-representations.xml: origin is 'ptx'
INFO    : building representations of PTX-authored WeBWorK problem
INFO    : sending webwork-670 to server to save in /Users/alex.jordan/orcca/generated-assets/webwork/webwork-representations.xml: origin is 'ptx'
INFO    : building representations of PTX-authored WeBWorK problem
INFO    : sending webwork-671 to server to save in /Users/alex.jordan/orcca/generated-assets/webwork/webwork-representations.xml: origin is 'ptx'
INFO    : building representations of PTX-authored WeBWorK problem
INFO    : sending webwork-672 to server to save in /Users/alex.jordan/orcca/generated-assets/webwork/webwork-representations.xml: origin is 'ptx'
INFO    : building representations of PTX-authored WeBWorK problem
INFO    : sending webwork-673 to server to save in /Users/alex.jordan/orcca/generated-assets/webwork/webwork-representations.xml: origin is 'ptx'
INFO    : building representations of PTX-authored WeBWorK problem
INFO    : sending webwork-674 to server to save in /Users/alex.jordan/orcca/generated-assets/webwork/webwork-representations.xml: origin is 'ptx'
INFO    : building representations of PTX-authored WeBWorK problem
INFO    : sending webwork-675 to server to save in /Users/alex.jordan/orcca/generated-assets/webwork/webwork-representations.xml: origin is 'ptx'
INFO    : building representations of PTX-authored WeBWorK problem
INFO    : sending webwork-676 to server to save in /Users/alex.jordan/orcca/generated-assets/webwork/webwork-representations.xml: origin is 'ptx'
INFO    : building representations of PTX-authored WeBWorK problem
INFO    : sending webwork-677 to server to save in /Users/alex.jordan/orcca/generated-assets/webwork/webwork-representations.xml: origin is 'ptx'
INFO    : building representations of PTX-authored WeBWorK problem
INFO    : sending webwork-678 to server to save in /Users/alex.jordan/orcca/generated-assets/webwork/webwork-representations.xml: origin is 'ptx'
INFO    : building representations of PTX-authored WeBWorK problem
INFO    : sending webwork-679 to server to save in /Users/alex.jordan/orcca/generated-assets/webwork/webwork-representations.xml: origin is 'ptx'
INFO    : building representations of PTX-authored WeBWorK problem
INFO    : sending webwork-680 to server to save in /Users/alex.jordan/orcca/generated-assets/webwork/webwork-representations.xml: origin is 'ptx'
INFO    : building representations of PTX-authored WeBWorK problem
INFO    : sending webwork-681 to server to save in /Users/alex.jordan/orcca/generated-assets/webwork/webwork-representations.xml: origin is 'ptx'
INFO    : building representations of PTX-authored WeBWorK problem
INFO    : sending webwork-682 to server to save in /Users/alex.jordan/orcca/generated-assets/webwork/webwork-representations.xml: origin is 'ptx'
INFO    : building representations of PTX-authored WeBWorK problem
INFO    : sending webwork-683 to server to save in /Users/alex.jordan/orcca/generated-assets/webwork/webwork-representations.xml: origin is 'ptx'
INFO    : building representations of PTX-authored WeBWorK problem
INFO    : sending webwork-684 to server to save in /Users/alex.jordan/orcca/generated-assets/webwork/webwork-representations.xml: origin is 'ptx'
INFO    : building representations of PTX-authored WeBWorK problem
INFO    : sending webwork-685 to server to save in /Users/alex.jordan/orcca/generated-assets/webwork/webwork-representations.xml: origin is 'ptx'
INFO    : building representations of PTX-authored WeBWorK problem
INFO    : sending webwork-686 to server to save in /Users/alex.jordan/orcca/generated-assets/webwork/webwork-representations.xml: origin is 'ptx'
INFO    : building representations of PTX-authored WeBWorK problem
INFO    : sending webwork-687 to server to save in /Users/alex.jordan/orcca/generated-assets/webwork/webwork-representations.xml: origin is 'ptx'
INFO    : building representations of PTX-authored WeBWorK problem
INFO    : sending webwork-688 to server to save in /Users/alex.jordan/orcca/generated-assets/webwork/webwork-representations.xml: origin is 'ptx'
INFO    : building representations of PTX-authored WeBWorK problem
INFO    : sending webwork-689 to server to save in /Users/alex.jordan/orcca/generated-assets/webwork/webwork-representations.xml: origin is 'ptx'
INFO    : building representations of PTX-authored WeBWorK problem
INFO    : sending webwork-690 to server to save in /Users/alex.jordan/orcca/generated-assets/webwork/webwork-representations.xml: origin is 'ptx'
INFO    : building representations of PTX-authored WeBWorK problem
INFO    : sending webwork-691 to server to save in /Users/alex.jordan/orcca/generated-assets/webwork/webwork-representations.xml: origin is 'ptx'
INFO    : building representations of PTX-authored WeBWorK problem
INFO    : sending webwork-692 to server to save in /Users/alex.jordan/orcca/generated-assets/webwork/webwork-representations.xml: origin is 'ptx'
INFO    : building representations of PTX-authored WeBWorK problem
INFO    : sending webwork-693 to server to save in /Users/alex.jordan/orcca/generated-assets/webwork/webwork-representations.xml: origin is 'ptx'
INFO    : building representations of PTX-authored WeBWorK problem
INFO    : sending webwork-694 to server to save in /Users/alex.jordan/orcca/generated-assets/webwork/webwork-representations.xml: origin is 'ptx'
INFO    : building representations of PTX-authored WeBWorK problem
INFO    : sending webwork-695 to server to save in /Users/alex.jordan/orcca/generated-assets/webwork/webwork-representations.xml: origin is 'ptx'
INFO    : building representations of PTX-authored WeBWorK problem
INFO    : sending webwork-696 to server to save in /Users/alex.jordan/orcca/generated-assets/webwork/webwork-representations.xml: origin is 'ptx'
INFO    : building representations of PTX-authored WeBWorK problem
INFO    : sending webwork-697 to server to save in /Users/alex.jordan/orcca/generated-assets/webwork/webwork-representations.xml: origin is 'ptx'
INFO    : building representations of PTX-authored WeBWorK problem
INFO    : sending webwork-698 to server to save in /Users/alex.jordan/orcca/generated-assets/webwork/webwork-representations.xml: origin is 'ptx'
INFO    : building representations of PTX-authored WeBWorK problem
INFO    : sending webwork-699 to server to save in /Users/alex.jordan/orcca/generated-assets/webwork/webwork-representations.xml: origin is 'ptx'
INFO    : building representations of PTX-authored WeBWorK problem
INFO    : sending webwork-700 to server to save in /Users/alex.jordan/orcca/generated-assets/webwork/webwork-representations.xml: origin is 'ptx'
INFO    : building representations of PTX-authored WeBWorK problem
INFO    : sending webwork-701 to server to save in /Users/alex.jordan/orcca/generated-assets/webwork/webwork-representations.xml: origin is 'ptx'
INFO    : building representations of PTX-authored WeBWorK problem
INFO    : sending webwork-use-evaluate-simplify-solve-appropriately-for-quiz to server to save in /Users/alex.jordan/orcca/generated-assets/webwork/webwork-representations.xml: origin is 'ptx'
INFO    : building representations of PTX-authored WeBWorK problem
INFO    : sending webwork-use-evaluate-simplify-solve-appropriately-economics to server to save in /Users/alex.jordan/orcca/generated-assets/webwork/webwork-representations.xml: origin is 'ptx'
INFO    : building representations of PTX-authored WeBWorK problem
INFO    : sending webwork-two-step-integer-mxplusbequalsc to server to save in /Users/alex.jordan/orcca/generated-assets/webwork/webwork-representations.xml: origin is 'ptx'
INFO    : building representations of PTX-authored WeBWorK problem
INFO    : sending webwork-705 to server to save in /Users/alex.jordan/orcca/generated-assets/webwork/webwork-representations.xml: origin is 'ptx'
INFO    : building representations of PTX-authored WeBWorK problem
INFO    : sending webwork-two-step-integer-cequalsmxplusb to server to save in /Users/alex.jordan/orcca/generated-assets/webwork/webwork-representations.xml: origin is 'ptx'
INFO    : building representations of PTX-authored WeBWorK problem
INFO    : sending webwork-707 to server to save in /Users/alex.jordan/orcca/generated-assets/webwork/webwork-representations.xml: origin is 'ptx'
INFO    : building representations of PTX-authored WeBWorK problem
INFO    : sending webwork-two-step-integer-mxplusbequalsnx to server to save in /Users/alex.jordan/orcca/generated-assets/webwork/webwork-representations.xml: origin is 'ptx'
INFO    : building representations of PTX-authored WeBWorK problem
INFO    : sending webwork-709 to server to save in /Users/alex.jordan/orcca/generated-assets/webwork/webwork-representations.xml: origin is 'ptx'
INFO    : building representations of PTX-authored WeBWorK problem
INFO    : sending webwork-two-step-integer-coefficients-fraction-solution-mxplusbequalsc to server to save in /Users/alex.jordan/orcca/generated-assets/webwork/webwork-representations.xml: origin is 'ptx'
INFO    : building representations of PTX-authored WeBWorK problem
INFO    : sending webwork-711 to server to save in /Users/alex.jordan/orcca/generated-assets/webwork/webwork-representations.xml: origin is 'ptx'
INFO    : building representations of PTX-authored WeBWorK problem
INFO    : sending webwork-two-step-integer-coefficients-fraction-solution-cequalsmxplusb to server to save in /Users/alex.jordan/orcca/generated-assets/webwork/webwork-representations.xml: origin is 'ptx'
INFO    : building representations of PTX-authored WeBWorK problem
INFO    : sending webwork-713 to server to save in /Users/alex.jordan/orcca/generated-assets/webwork/webwork-representations.xml: origin is 'ptx'
INFO    : building representations of PTX-authored WeBWorK problem
INFO    : sending webwork-two-step-integer-coefficients-fraction-solution-mxequalsnxplusb to server to save in /Users/alex.jordan/orcca/generated-assets/webwork/webwork-representations.xml: origin is 'ptx'
INFO    : building representations of PTX-authored WeBWorK problem
INFO    : sending webwork-715 to server to save in /Users/alex.jordan/orcca/generated-assets/webwork/webwork-representations.xml: origin is 'ptx'
INFO    : building representations of PTX-authored WeBWorK problem
INFO    : sending webwork-two-step-decimal-mxplusbequalsc to server to save in /Users/alex.jordan/orcca/generated-assets/webwork/webwork-representations.xml: origin is 'ptx'
INFO    : building representations of PTX-authored WeBWorK problem
INFO    : sending webwork-717 to server to save in /Users/alex.jordan/orcca/generated-assets/webwork/webwork-representations.xml: origin is 'ptx'
INFO    : building representations of PTX-authored WeBWorK problem
INFO    : sending webwork-two-step-decimal-mxplusbequalsnx to server to save in /Users/alex.jordan/orcca/generated-assets/webwork/webwork-representations.xml: origin is 'ptx'
INFO    : building representations of PTX-authored WeBWorK problem
INFO    : sending webwork-719 to server to save in /Users/alex.jordan/orcca/generated-assets/webwork/webwork-representations.xml: origin is 'ptx'
INFO    : building representations of PTX-authored WeBWorK problem
INFO    : sending webwork-two-step-decimal-mxequalsnxplusb to server to save in /Users/alex.jordan/orcca/generated-assets/webwork/webwork-representations.xml: origin is 'ptx'
INFO    : building representations of PTX-authored WeBWorK problem
INFO    : sending webwork-721 to server to save in /Users/alex.jordan/orcca/generated-assets/webwork/webwork-representations.xml: origin is 'ptx'
INFO    : building representations of PTX-authored WeBWorK problem
INFO    : sending webwork-more-step-integer-mxplusbequalsnxplusc to server to save in /Users/alex.jordan/orcca/generated-assets/webwork/webwork-representations.xml: origin is 'ptx'
INFO    : building representations of PTX-authored WeBWorK problem
INFO    : sending webwork-723 to server to save in /Users/alex.jordan/orcca/generated-assets/webwork/webwork-representations.xml: origin is 'ptx'
INFO    : building representations of PTX-authored WeBWorK problem
INFO    : sending webwork-more-step-integer-mxplusbequalscplusnx to server to save in /Users/alex.jordan/orcca/generated-assets/webwork/webwork-representations.xml: origin is 'ptx'
INFO    : building representations of PTX-authored WeBWorK problem
INFO    : sending webwork-725 to server to save in /Users/alex.jordan/orcca/generated-assets/webwork/webwork-representations.xml: origin is 'ptx'
INFO    : building representations of PTX-authored WeBWorK problem
INFO    : sending webwork-more-step-integer-mxplusbplusnxequalscpluspxplusd to server to save in /Users/alex.jordan/orcca/generated-assets/webwork/webwork-representations.xml: origin is 'ptx'
INFO    : building representations of PTX-authored WeBWorK problem
INFO    : sending webwork-727 to server to save in /Users/alex.jordan/orcca/generated-assets/webwork/webwork-representations.xml: origin is 'ptx'
INFO    : building representations of PTX-authored WeBWorK problem
INFO    : sending webwork-more-step-integer-mgroupxplusbequalsnxplusc to server to save in /Users/alex.jordan/orcca/generated-assets/webwork/webwork-representations.xml: origin is 'ptx'
INFO    : building representations of PTX-authored WeBWorK problem
INFO    : sending webwork-729 to server to save in /Users/alex.jordan/orcca/generated-assets/webwork/webwork-representations.xml: origin is 'ptx'
INFO    : building representations of PTX-authored WeBWorK problem
INFO    : sending webwork-more-step-integer-mgroupxplusbpluscequalsngroupxplusd to server to save in /Users/alex.jordan/orcca/generated-assets/webwork/webwork-representations.xml: origin is 'ptx'
INFO    : building representations of PTX-authored WeBWorK problem
INFO    : sending webwork-731 to server to save in /Users/alex.jordan/orcca/generated-assets/webwork/webwork-representations.xml: origin is 'ptx'
INFO    : building representations of PTX-authored WeBWorK problem
INFO    : sending webwork-more-step-integer-mgroupxplusbplusnxequalspgroupxplusdpluse to server to save in /Users/alex.jordan/orcca/generated-assets/webwork/webwork-representations.xml: origin is 'ptx'
INFO    : building representations of PTX-authored WeBWorK problem
INFO    : sending webwork-733 to server to save in /Users/alex.jordan/orcca/generated-assets/webwork/webwork-representations.xml: origin is 'ptx'
INFO    : building representations of PTX-authored WeBWorK problem
INFO    : sending webwork-more-step-fraction-mxplusbequalsnxplusc to server to save in /Users/alex.jordan/orcca/generated-assets/webwork/webwork-representations.xml: origin is 'ptx'
INFO    : building representations of PTX-authored WeBWorK problem
INFO    : sending webwork-735 to server to save in /Users/alex.jordan/orcca/generated-assets/webwork/webwork-representations.xml: origin is 'ptx'
INFO    : building representations of PTX-authored WeBWorK problem
INFO    : sending webwork-more-step-fraction-mxplusbplusnxequalscpluspxplusd to server to save in /Users/alex.jordan/orcca/generated-assets/webwork/webwork-representations.xml: origin is 'ptx'
INFO    : building representations of PTX-authored WeBWorK problem
INFO    : sending webwork-737 to server to save in /Users/alex.jordan/orcca/generated-assets/webwork/webwork-representations.xml: origin is 'ptx'
INFO    : building representations of PTX-authored WeBWorK problem
INFO    : sending webwork-more-step-fraction-mgroupxplusbequalsnxplusc to server to save in /Users/alex.jordan/orcca/generated-assets/webwork/webwork-representations.xml: origin is 'ptx'
INFO    : building representations of PTX-authored WeBWorK problem
INFO    : sending webwork-739 to server to save in /Users/alex.jordan/orcca/generated-assets/webwork/webwork-representations.xml: origin is 'ptx'
INFO    : building representations of PTX-authored WeBWorK problem
INFO    : sending webwork-more-step-fraction-mgroupxplusbplusnxequalspgroupxplusdpluse to server to save in /Users/alex.jordan/orcca/generated-assets/webwork/webwork-representations.xml: origin is 'ptx'
INFO    : building representations of PTX-authored WeBWorK problem
INFO    : sending webwork-741 to server to save in /Users/alex.jordan/orcca/generated-assets/webwork/webwork-representations.xml: origin is 'ptx'
INFO    : building representations of PTX-authored WeBWorK problem
INFO    : sending webwork-more-step-integer-dminusgroupmxplusbequalsnxplusc to server to save in /Users/alex.jordan/orcca/generated-assets/webwork/webwork-representations.xml: origin is 'ptx'
INFO    : building representations of PTX-authored WeBWorK problem
INFO    : sending webwork-743 to server to save in /Users/alex.jordan/orcca/generated-assets/webwork/webwork-representations.xml: origin is 'ptx'
INFO    : building representations of PTX-authored WeBWorK problem
INFO    : sending webwork-more-step-integer-nxminusgroupmxplusbequalsdminusgroupxplusc to server to save in /Users/alex.jordan/orcca/generated-assets/webwork/webwork-representations.xml: origin is 'ptx'
INFO    : building representations of PTX-authored WeBWorK problem
INFO    : sending webwork-745 to server to save in /Users/alex.jordan/orcca/generated-assets/webwork/webwork-representations.xml: origin is 'ptx'
INFO    : building representations of PTX-authored WeBWorK problem
INFO    : sending webwork-more-step-fraction-mgroupxplusbminusgroupnxpluscequalsd to server to save in /Users/alex.jordan/orcca/generated-assets/webwork/webwork-representations.xml: origin is 'ptx'
INFO    : building representations of PTX-authored WeBWorK problem
INFO    : sending webwork-747 to server to save in /Users/alex.jordan/orcca/generated-assets/webwork/webwork-representations.xml: origin is 'ptx'
INFO    : building representations of PTX-authored WeBWorK problem
INFO    : sending webwork-mile-marker-solve-equation to server to save in /Users/alex.jordan/orcca/generated-assets/webwork/webwork-representations.xml: origin is 'ptx'
INFO    : building representations of PTX-authored WeBWorK problem
INFO    : sending webwork-gas-mileage-solve-equation to server to save in /Users/alex.jordan/orcca/generated-assets/webwork/webwork-representations.xml: origin is 'ptx'
INFO    : building representations of PTX-authored WeBWorK problem
INFO    : sending webwork-tree-height-solve-equation to server to save in /Users/alex.jordan/orcca/generated-assets/webwork/webwork-representations.xml: origin is 'ptx'
INFO    : building representations of PTX-authored WeBWorK problem
INFO    : sending webwork-tire-pressure-solve-equation to server to save in /Users/alex.jordan/orcca/generated-assets/webwork/webwork-representations.xml: origin is 'ptx'
INFO    : building representations of PTX-authored WeBWorK problem
INFO    : sending webwork-savings-account-solve-equation to server to save in /Users/alex.jordan/orcca/generated-assets/webwork/webwork-representations.xml: origin is 'ptx'
INFO    : building representations of PTX-authored WeBWorK problem
INFO    : sending webwork-water-treatment-cost-solve-equation to server to save in /Users/alex.jordan/orcca/generated-assets/webwork/webwork-representations.xml: origin is 'ptx'
INFO    : building representations of PTX-authored WeBWorK problem
INFO    : sending webwork-boil-water-fahrenheit-solve-equation to server to save in /Users/alex.jordan/orcca/generated-assets/webwork/webwork-representations.xml: origin is 'ptx'
INFO    : building representations of PTX-authored WeBWorK problem
INFO    : sending webwork-boil-water-celsius-solve-equation to server to save in /Users/alex.jordan/orcca/generated-assets/webwork/webwork-representations.xml: origin is 'ptx'
INFO    : building representations of PTX-authored WeBWorK problem
INFO    : sending webwork-cooling-pie-solve-equation to server to save in /Users/alex.jordan/orcca/generated-assets/webwork/webwork-representations.xml: origin is 'ptx'
INFO    : building representations of PTX-authored WeBWorK problem
INFO    : sending webwork-heat-goes-out-solve-equation to server to save in /Users/alex.jordan/orcca/generated-assets/webwork/webwork-representations.xml: origin is 'ptx'
INFO    : building representations of PTX-authored WeBWorK problem
INFO    : sending webwork-restaurant-onions-solve-equation to server to save in /Users/alex.jordan/orcca/generated-assets/webwork/webwork-representations.xml: origin is 'ptx'
INFO    : building representations of PTX-authored WeBWorK problem
INFO    : sending webwork-casino-solve-equation to server to save in /Users/alex.jordan/orcca/generated-assets/webwork/webwork-representations.xml: origin is 'ptx'
INFO    : building representations of PTX-authored WeBWorK problem
INFO    : sending webwork-kids-birthday-venue-solve-equation to server to save in /Users/alex.jordan/orcca/generated-assets/webwork/webwork-representations.xml: origin is 'ptx'
INFO    : building representations of PTX-authored WeBWorK problem
INFO    : sending webwork-property-tax-solve-equation to server to save in /Users/alex.jordan/orcca/generated-assets/webwork/webwork-representations.xml: origin is 'ptx'
INFO    : building representations of PTX-authored WeBWorK problem
INFO    : sending webwork-salary-solve-equation to server to save in /Users/alex.jordan/orcca/generated-assets/webwork/webwork-representations.xml: origin is 'ptx'
INFO    : building representations of PTX-authored WeBWorK problem
INFO    : sending webwork-sales-tax-solve-equation to server to save in /Users/alex.jordan/orcca/generated-assets/webwork/webwork-representations.xml: origin is 'ptx'
INFO    : building representations of PTX-authored WeBWorK problem
INFO    : sending webwork-discount-solve-equation to server to save in /Users/alex.jordan/orcca/generated-assets/webwork/webwork-representations.xml: origin is 'ptx'
INFO    : building representations of PTX-authored WeBWorK problem
INFO    : sending webwork-restaurant-bill-linear-model-solve-equation to server to save in /Users/alex.jordan/orcca/generated-assets/webwork/webwork-representations.xml: origin is 'ptx'
INFO    : building representations of PTX-authored WeBWorK problem
INFO    : sending webwork-median-rent-solve-equation to server to save in /Users/alex.jordan/orcca/generated-assets/webwork/webwork-representations.xml: origin is 'ptx'
INFO    : building representations of PTX-authored WeBWorK problem
INFO    : sending webwork-767 to server to save in /Users/alex.jordan/orcca/generated-assets/webwork/webwork-representations.xml: origin is 'ptx'
INFO    : building representations of PTX-authored WeBWorK problem
INFO    : sending webwork-768 to server to save in /Users/alex.jordan/orcca/generated-assets/webwork/webwork-representations.xml: origin is 'ptx'
INFO    : saving image file webwork-768-image-1.tgz (contents) in /Users/alex.jordan/orcca/generated-assets/webwork/images
INFO    : building representations of PTX-authored WeBWorK problem
INFO    : sending webwork-769 to server to save in /Users/alex.jordan/orcca/generated-assets/webwork/webwork-representations.xml: origin is 'ptx'
INFO    : building representations of PTX-authored WeBWorK problem
INFO    : sending webwork-770 to server to save in /Users/alex.jordan/orcca/generated-assets/webwork/webwork-representations.xml: origin is 'ptx'
INFO    : building representations of PTX-authored WeBWorK problem
INFO    : sending webwork-771 to server to save in /Users/alex.jordan/orcca/generated-assets/webwork/webwork-representations.xml: origin is 'ptx'
INFO    : building representations of PTX-authored WeBWorK problem
INFO    : sending webwork-772 to server to save in /Users/alex.jordan/orcca/generated-assets/webwork/webwork-representations.xml: origin is 'ptx'
INFO    : building representations of PTX-authored WeBWorK problem
INFO    : sending webwork-integer-mxplusbineqc to server to save in /Users/alex.jordan/orcca/generated-assets/webwork/webwork-representations.xml: origin is 'ptx'
INFO    : building representations of PTX-authored WeBWorK problem
INFO    : sending webwork-774 to server to save in /Users/alex.jordan/orcca/generated-assets/webwork/webwork-representations.xml: origin is 'ptx'
INFO    : building representations of PTX-authored WeBWorK problem
INFO    : sending webwork-integer-bplusmxineqc to server to save in /Users/alex.jordan/orcca/generated-assets/webwork/webwork-representations.xml: origin is 'ptx'
INFO    : building representations of PTX-authored WeBWorK problem
INFO    : sending webwork-776 to server to save in /Users/alex.jordan/orcca/generated-assets/webwork/webwork-representations.xml: origin is 'ptx'
INFO    : building representations of PTX-authored WeBWorK problem
INFO    : sending webwork-integer-negmxplusbineqc to server to save in /Users/alex.jordan/orcca/generated-assets/webwork/webwork-representations.xml: origin is 'ptx'
INFO    : building representations of PTX-authored WeBWorK problem
INFO    : sending webwork-778 to server to save in /Users/alex.jordan/orcca/generated-assets/webwork/webwork-representations.xml: origin is 'ptx'
INFO    : building representations of PTX-authored WeBWorK problem
INFO    : sending webwork-integer-bplusnegmxineqc to server to save in /Users/alex.jordan/orcca/generated-assets/webwork/webwork-representations.xml: origin is 'ptx'
INFO    : building representations of PTX-authored WeBWorK problem
INFO    : sending webwork-780 to server to save in /Users/alex.jordan/orcca/generated-assets/webwork/webwork-representations.xml: origin is 'ptx'
INFO    : building representations of PTX-authored WeBWorK problem
INFO    : sending webwork-integer-aplusmxplusbineqc to server to save in /Users/alex.jordan/orcca/generated-assets/webwork/webwork-representations.xml: origin is 'ptx'
INFO    : building representations of PTX-authored WeBWorK problem
INFO    : sending webwork-782 to server to save in /Users/alex.jordan/orcca/generated-assets/webwork/webwork-representations.xml: origin is 'ptx'
INFO    : building representations of PTX-authored WeBWorK problem
INFO    : sending webwork-integer-nxplusaplusmxplusbineqc to server to save in /Users/alex.jordan/orcca/generated-assets/webwork/webwork-representations.xml: origin is 'ptx'
INFO    : building representations of PTX-authored WeBWorK problem
INFO    : sending webwork-784 to server to save in /Users/alex.jordan/orcca/generated-assets/webwork/webwork-representations.xml: origin is 'ptx'
INFO    : building representations of PTX-authored WeBWorK problem
INFO    : sending webwork-integer-aminusmxplusbineqc to server to save in /Users/alex.jordan/orcca/generated-assets/webwork/webwork-representations.xml: origin is 'ptx'
INFO    : building representations of PTX-authored WeBWorK problem
INFO    : sending webwork-786 to server to save in /Users/alex.jordan/orcca/generated-assets/webwork/webwork-representations.xml: origin is 'ptx'
INFO    : building representations of PTX-authored WeBWorK problem
INFO    : sending webwork-integer-nxplusaplusmxplusbineqc2 to server to save in /Users/alex.jordan/orcca/generated-assets/webwork/webwork-representations.xml: origin is 'ptx'
INFO    : building representations of PTX-authored WeBWorK problem
INFO    : sending webwork-788 to server to save in /Users/alex.jordan/orcca/generated-assets/webwork/webwork-representations.xml: origin is 'ptx'
INFO    : building representations of PTX-authored WeBWorK problem
INFO    : sending webwork-integer-nxplusaminuskmxplusbineqc to server to save in /Users/alex.jordan/orcca/generated-assets/webwork/webwork-representations.xml: origin is 'ptx'
INFO    : building representations of PTX-authored WeBWorK problem
INFO    : sending webwork-790 to server to save in /Users/alex.jordan/orcca/generated-assets/webwork/webwork-representations.xml: origin is 'ptx'
INFO    : building representations of PTX-authored WeBWorK problem
INFO    : sending webwork-integer-mxplusbineqnxplusc-positive to server to save in /Users/alex.jordan/orcca/generated-assets/webwork/webwork-representations.xml: origin is 'ptx'
INFO    : building representations of PTX-authored WeBWorK problem
INFO    : sending webwork-792 to server to save in /Users/alex.jordan/orcca/generated-assets/webwork/webwork-representations.xml: origin is 'ptx'
INFO    : building representations of PTX-authored WeBWorK problem
INFO    : sending webwork-integer-mxplusbineqnxplusc-negative to server to save in /Users/alex.jordan/orcca/generated-assets/webwork/webwork-representations.xml: origin is 'ptx'
INFO    : building representations of PTX-authored WeBWorK problem
INFO    : sending webwork-794 to server to save in /Users/alex.jordan/orcca/generated-assets/webwork/webwork-representations.xml: origin is 'ptx'
INFO    : building representations of PTX-authored WeBWorK problem
INFO    : sending webwork-integer-mxplusbineqnxplusc to server to save in /Users/alex.jordan/orcca/generated-assets/webwork/webwork-representations.xml: origin is 'ptx'
INFO    : building representations of PTX-authored WeBWorK problem
INFO    : sending webwork-796 to server to save in /Users/alex.jordan/orcca/generated-assets/webwork/webwork-representations.xml: origin is 'ptx'
INFO    : building representations of PTX-authored WeBWorK problem
INFO    : sending webwork-integer-simplifyfirst to server to save in /Users/alex.jordan/orcca/generated-assets/webwork/webwork-representations.xml: origin is 'ptx'
INFO    : building representations of PTX-authored WeBWorK problem
INFO    : sending webwork-798 to server to save in /Users/alex.jordan/orcca/generated-assets/webwork/webwork-representations.xml: origin is 'ptx'
INFO    : building representations of PTX-authored WeBWorK problem
INFO    : sending webwork-integer-simplifyfirst2 to server to save in /Users/alex.jordan/orcca/generated-assets/webwork/webwork-representations.xml: origin is 'ptx'
INFO    : building representations of PTX-authored WeBWorK problem
INFO    : sending webwork-800 to server to save in /Users/alex.jordan/orcca/generated-assets/webwork/webwork-representations.xml: origin is 'ptx'
INFO    : building representations of PTX-authored WeBWorK problem
INFO    : sending webwork-taxi-inequality to server to save in /Users/alex.jordan/orcca/generated-assets/webwork/webwork-representations.xml: origin is 'ptx'
INFO    : building representations of PTX-authored WeBWorK problem
INFO    : sending webwork-out-of-gas-inequality to server to save in /Users/alex.jordan/orcca/generated-assets/webwork/webwork-representations.xml: origin is 'ptx'
INFO    : building representations of PTX-authored WeBWorK problem
INFO    : sending webwork-time-to-boil-inequality to server to save in /Users/alex.jordan/orcca/generated-assets/webwork/webwork-representations.xml: origin is 'ptx'
INFO    : building representations of PTX-authored WeBWorK problem
INFO    : sending webwork-electric-bill-inequality to server to save in /Users/alex.jordan/orcca/generated-assets/webwork/webwork-representations.xml: origin is 'ptx'
INFO    : building representations of PTX-authored WeBWorK problem
INFO    : sending webwork-population-inequality to server to save in /Users/alex.jordan/orcca/generated-assets/webwork/webwork-representations.xml: origin is 'ptx'
INFO    : building representations of PTX-authored WeBWorK problem
INFO    : sending webwork-restaurant-tip-inequality to server to save in /Users/alex.jordan/orcca/generated-assets/webwork/webwork-representations.xml: origin is 'ptx'
INFO    : building representations of PTX-authored WeBWorK problem
INFO    : sending webwork-807 to server to save in /Users/alex.jordan/orcca/generated-assets/webwork/webwork-representations.xml: origin is 'ptx'
INFO    : building representations of PTX-authored WeBWorK problem
INFO    : sending webwork-808 to server to save in /Users/alex.jordan/orcca/generated-assets/webwork/webwork-representations.xml: origin is 'ptx'
INFO    : building representations of PTX-authored WeBWorK problem
INFO    : sending webwork-809 to server to save in /Users/alex.jordan/orcca/generated-assets/webwork/webwork-representations.xml: origin is 'ptx'
INFO    : building representations of PTX-authored WeBWorK problem
INFO    : sending webwork-810 to server to save in /Users/alex.jordan/orcca/generated-assets/webwork/webwork-representations.xml: origin is 'ptx'
INFO    : building representations of PTX-authored WeBWorK problem
INFO    : sending webwork-find-lcm-coprime to server to save in /Users/alex.jordan/orcca/generated-assets/webwork/webwork-representations.xml: origin is 'ptx'
INFO    : building representations of PTX-authored WeBWorK problem
INFO    : sending webwork-812 to server to save in /Users/alex.jordan/orcca/generated-assets/webwork/webwork-representations.xml: origin is 'ptx'
INFO    : building representations of PTX-authored WeBWorK problem
INFO    : sending webwork-find-lcm-has-gcf to server to save in /Users/alex.jordan/orcca/generated-assets/webwork/webwork-representations.xml: origin is 'ptx'
INFO    : building representations of PTX-authored WeBWorK problem
INFO    : sending webwork-814 to server to save in /Users/alex.jordan/orcca/generated-assets/webwork/webwork-representations.xml: origin is 'ptx'
INFO    : building representations of PTX-authored WeBWorK problem
INFO    : sending webwork-find-lcm-three-values to server to save in /Users/alex.jordan/orcca/generated-assets/webwork/webwork-representations.xml: origin is 'ptx'
INFO    : building representations of PTX-authored WeBWorK problem
INFO    : sending webwork-816 to server to save in /Users/alex.jordan/orcca/generated-assets/webwork/webwork-representations.xml: origin is 'ptx'
INFO    : building representations of PTX-authored WeBWorK problem
INFO    : sending webwork-linear-equation-fractions-b to server to save in /Users/alex.jordan/orcca/generated-assets/webwork/webwork-representations.xml: origin is 'ptx'
INFO    : building representations of PTX-authored WeBWorK problem
INFO    : sending webwork-818 to server to save in /Users/alex.jordan/orcca/generated-assets/webwork/webwork-representations.xml: origin is 'ptx'
INFO    : building representations of PTX-authored WeBWorK problem
INFO    : sending webwork-linear-equation-fractions-c to server to save in /Users/alex.jordan/orcca/generated-assets/webwork/webwork-representations.xml: origin is 'ptx'
INFO    : building representations of PTX-authored WeBWorK problem
INFO    : sending webwork-820 to server to save in /Users/alex.jordan/orcca/generated-assets/webwork/webwork-representations.xml: origin is 'ptx'
INFO    : building representations of PTX-authored WeBWorK problem
INFO    : sending webwork-linear-equation-fractions-same-denom to server to save in /Users/alex.jordan/orcca/generated-assets/webwork/webwork-representations.xml: origin is 'ptx'
INFO    : building representations of PTX-authored WeBWorK problem
INFO    : sending webwork-822 to server to save in /Users/alex.jordan/orcca/generated-assets/webwork/webwork-representations.xml: origin is 'ptx'
INFO    : building representations of PTX-authored WeBWorK problem
INFO    : sending webwork-linear-equation-fractions-rel-prime-denom to server to save in /Users/alex.jordan/orcca/generated-assets/webwork/webwork-representations.xml: origin is 'ptx'
INFO    : building representations of PTX-authored WeBWorK problem
INFO    : sending webwork-824 to server to save in /Users/alex.jordan/orcca/generated-assets/webwork/webwork-representations.xml: origin is 'ptx'
INFO    : building representations of PTX-authored WeBWorK problem
INFO    : sending webwork-linear-equation-fractions-gcf-denom to server to save in /Users/alex.jordan/orcca/generated-assets/webwork/webwork-representations.xml: origin is 'ptx'
INFO    : building representations of PTX-authored WeBWorK problem
INFO    : sending webwork-826 to server to save in /Users/alex.jordan/orcca/generated-assets/webwork/webwork-representations.xml: origin is 'ptx'
INFO    : building representations of PTX-authored WeBWorK problem
INFO    : sending webwork-linear-equation-fractions-pqr-denom to server to save in /Users/alex.jordan/orcca/generated-assets/webwork/webwork-representations.xml: origin is 'ptx'
INFO    : building representations of PTX-authored WeBWorK problem
INFO    : sending webwork-828 to server to save in /Users/alex.jordan/orcca/generated-assets/webwork/webwork-representations.xml: origin is 'ptx'
INFO    : building representations of PTX-authored WeBWorK problem
INFO    : sending webwork-linear-equation-fractions-two-same to server to save in /Users/alex.jordan/orcca/generated-assets/webwork/webwork-representations.xml: origin is 'ptx'
INFO    : building representations of PTX-authored WeBWorK problem
INFO    : sending webwork-830 to server to save in /Users/alex.jordan/orcca/generated-assets/webwork/webwork-representations.xml: origin is 'ptx'
INFO    : building representations of PTX-authored WeBWorK problem
INFO    : sending webwork-linear-equation-fractions-two-rel-prime to server to save in /Users/alex.jordan/orcca/generated-assets/webwork/webwork-representations.xml: origin is 'ptx'
INFO    : building representations of PTX-authored WeBWorK problem
INFO    : sending webwork-832 to server to save in /Users/alex.jordan/orcca/generated-assets/webwork/webwork-representations.xml: origin is 'ptx'
INFO    : building representations of PTX-authored WeBWorK problem
INFO    : sending webwork-linear-equation-fractions-two-with-gcf to server to save in /Users/alex.jordan/orcca/generated-assets/webwork/webwork-representations.xml: origin is 'ptx'
INFO    : building representations of PTX-authored WeBWorK problem
INFO    : sending webwork-834 to server to save in /Users/alex.jordan/orcca/generated-assets/webwork/webwork-representations.xml: origin is 'ptx'
INFO    : building representations of PTX-authored WeBWorK problem
INFO    : sending webwork-linear-equation-fractions-three-pqr to server to save in /Users/alex.jordan/orcca/generated-assets/webwork/webwork-representations.xml: origin is 'ptx'
INFO    : building representations of PTX-authored WeBWorK problem
INFO    : sending webwork-836 to server to save in /Users/alex.jordan/orcca/generated-assets/webwork/webwork-representations.xml: origin is 'ptx'
INFO    : building representations of PTX-authored WeBWorK problem
INFO    : sending webwork-linear-inequality-fractions-b to server to save in /Users/alex.jordan/orcca/generated-assets/webwork/webwork-representations.xml: origin is 'ptx'
INFO    : building representations of PTX-authored WeBWorK problem
INFO    : sending webwork-linear-inequality-fractions-c to server to save in /Users/alex.jordan/orcca/generated-assets/webwork/webwork-representations.xml: origin is 'ptx'
INFO    : building representations of PTX-authored WeBWorK problem
INFO    : sending webwork-linear-inequality-fractions-same-denom to server to save in /Users/alex.jordan/orcca/generated-assets/webwork/webwork-representations.xml: origin is 'ptx'
INFO    : building representations of PTX-authored WeBWorK problem
INFO    : sending webwork-linear-inequality-fractions-rel-prime-denom to server to save in /Users/alex.jordan/orcca/generated-assets/webwork/webwork-representations.xml: origin is 'ptx'
INFO    : building representations of PTX-authored WeBWorK problem
INFO    : sending webwork-linear-inequality-fractions-gcf-denom to server to save in /Users/alex.jordan/orcca/generated-assets/webwork/webwork-representations.xml: origin is 'ptx'
INFO    : building representations of PTX-authored WeBWorK problem
INFO    : sending webwork-linear-inequality-fractions-pqr-denom to server to save in /Users/alex.jordan/orcca/generated-assets/webwork/webwork-representations.xml: origin is 'ptx'
INFO    : building representations of PTX-authored WeBWorK problem
INFO    : sending webwork-linear-inequality-fractions-two-same to server to save in /Users/alex.jordan/orcca/generated-assets/webwork/webwork-representations.xml: origin is 'ptx'
INFO    : building representations of PTX-authored WeBWorK problem
INFO    : sending webwork-linear-inequality-fractions-two-rel-prime to server to save in /Users/alex.jordan/orcca/generated-assets/webwork/webwork-representations.xml: origin is 'ptx'
INFO    : building representations of PTX-authored WeBWorK problem
INFO    : sending webwork-linear-inequality-fractions-two-with-gcf to server to save in /Users/alex.jordan/orcca/generated-assets/webwork/webwork-representations.xml: origin is 'ptx'
INFO    : building representations of PTX-authored WeBWorK problem
INFO    : sending webwork-linear-inequality-fractions-three-pqr to server to save in /Users/alex.jordan/orcca/generated-assets/webwork/webwork-representations.xml: origin is 'ptx'
INFO    : building representations of PTX-authored WeBWorK problem
INFO    : sending webwork-847 to server to save in /Users/alex.jordan/orcca/generated-assets/webwork/webwork-representations.xml: origin is 'ptx'
INFO    : building representations of PTX-authored WeBWorK problem
INFO    : sending webwork-848 to server to save in /Users/alex.jordan/orcca/generated-assets/webwork/webwork-representations.xml: origin is 'ptx'
INFO    : building representations of PTX-authored WeBWorK problem
INFO    : sending webwork-849 to server to save in /Users/alex.jordan/orcca/generated-assets/webwork/webwork-representations.xml: origin is 'ptx'
INFO    : building representations of PTX-authored WeBWorK problem
INFO    : sending webwork-850 to server to save in /Users/alex.jordan/orcca/generated-assets/webwork/webwork-representations.xml: origin is 'ptx'
INFO    : building representations of PTX-authored WeBWorK problem
INFO    : sending webwork-grade-average to server to save in /Users/alex.jordan/orcca/generated-assets/webwork/webwork-representations.xml: origin is 'ptx'
INFO    : building representations of PTX-authored WeBWorK problem
INFO    : sending webwork-852 to server to save in /Users/alex.jordan/orcca/generated-assets/webwork/webwork-representations.xml: origin is 'ptx'
INFO    : building representations of PTX-authored WeBWorK problem
INFO    : sending webwork-853 to server to save in /Users/alex.jordan/orcca/generated-assets/webwork/webwork-representations.xml: origin is 'ptx'
INFO    : building representations of PTX-authored WeBWorK problem
INFO    : sending webwork-854 to server to save in /Users/alex.jordan/orcca/generated-assets/webwork/webwork-representations.xml: origin is 'ptx'
INFO    : building representations of PTX-authored WeBWorK problem
INFO    : sending webwork-apples-cost to server to save in /Users/alex.jordan/orcca/generated-assets/webwork/webwork-representations.xml: origin is 'ptx'
INFO    : building representations of PTX-authored WeBWorK problem
INFO    : sending webwork-856 to server to save in /Users/alex.jordan/orcca/generated-assets/webwork/webwork-representations.xml: origin is 'ptx'
INFO    : building representations of PTX-authored WeBWorK problem
INFO    : sending webwork-857 to server to save in /Users/alex.jordan/orcca/generated-assets/webwork/webwork-representations.xml: origin is 'ptx'
INFO    : building representations of PTX-authored WeBWorK problem
INFO    : sending webwork-black-tailed-deer to server to save in /Users/alex.jordan/orcca/generated-assets/webwork/webwork-representations.xml: origin is 'ptx'
INFO    : building representations of PTX-authored WeBWorK problem
INFO    : sending webwork-859 to server to save in /Users/alex.jordan/orcca/generated-assets/webwork/webwork-representations.xml: origin is 'ptx'
INFO    : building representations of PTX-authored WeBWorK problem
INFO    : sending webwork-860 to server to save in /Users/alex.jordan/orcca/generated-assets/webwork/webwork-representations.xml: origin is 'ptx'
INFO    : building representations of PTX-authored WeBWorK problem
INFO    : sending webwork-861 to server to save in /Users/alex.jordan/orcca/generated-assets/webwork/webwork-representations.xml: origin is 'ptx'
INFO    : building representations of PTX-authored WeBWorK problem
INFO    : sending webwork-862 to server to save in /Users/alex.jordan/orcca/generated-assets/webwork/webwork-representations.xml: origin is 'ptx'
INFO    : building representations of PTX-authored WeBWorK problem
INFO    : sending webwork-863 to server to save in /Users/alex.jordan/orcca/generated-assets/webwork/webwork-representations.xml: origin is 'ptx'
INFO    : building representations of PTX-authored WeBWorK problem
INFO    : sending webwork-864 to server to save in /Users/alex.jordan/orcca/generated-assets/webwork/webwork-representations.xml: origin is 'ptx'
INFO    : building representations of PTX-authored WeBWorK problem
INFO    : sending webwork-solve-mxequalsmxplusb to server to save in /Users/alex.jordan/orcca/generated-assets/webwork/webwork-representations.xml: origin is 'ptx'
INFO    : building representations of PTX-authored WeBWorK problem
INFO    : sending webwork-866 to server to save in /Users/alex.jordan/orcca/generated-assets/webwork/webwork-representations.xml: origin is 'ptx'
INFO    : building representations of PTX-authored WeBWorK problem
INFO    : sending webwork-solve-mxplusbequalsmxplusb to server to save in /Users/alex.jordan/orcca/generated-assets/webwork/webwork-representations.xml: origin is 'ptx'
INFO    : building representations of PTX-authored WeBWorK problem
INFO    : sending webwork-868 to server to save in /Users/alex.jordan/orcca/generated-assets/webwork/webwork-representations.xml: origin is 'ptx'
INFO    : building representations of PTX-authored WeBWorK problem
INFO    : sending webwork-solve-special-with-like-terms to server to save in /Users/alex.jordan/orcca/generated-assets/webwork/webwork-representations.xml: origin is 'ptx'
INFO    : building representations of PTX-authored WeBWorK problem
INFO    : sending webwork-870 to server to save in /Users/alex.jordan/orcca/generated-assets/webwork/webwork-representations.xml: origin is 'ptx'
INFO    : building representations of PTX-authored WeBWorK problem
INFO    : sending webwork-solve-special-with-like-terms2 to server to save in /Users/alex.jordan/orcca/generated-assets/webwork/webwork-representations.xml: origin is 'ptx'
INFO    : building representations of PTX-authored WeBWorK problem
INFO    : sending webwork-872 to server to save in /Users/alex.jordan/orcca/generated-assets/webwork/webwork-representations.xml: origin is 'ptx'
INFO    : building representations of PTX-authored WeBWorK problem
INFO    : sending webwork-solve-special-with-distribution to server to save in /Users/alex.jordan/orcca/generated-assets/webwork/webwork-representations.xml: origin is 'ptx'
INFO    : building representations of PTX-authored WeBWorK problem
INFO    : sending webwork-874 to server to save in /Users/alex.jordan/orcca/generated-assets/webwork/webwork-representations.xml: origin is 'ptx'
INFO    : building representations of PTX-authored WeBWorK problem
INFO    : sending webwork-solve-special-with-simplification to server to save in /Users/alex.jordan/orcca/generated-assets/webwork/webwork-representations.xml: origin is 'ptx'
INFO    : building representations of PTX-authored WeBWorK problem
INFO    : sending webwork-876 to server to save in /Users/alex.jordan/orcca/generated-assets/webwork/webwork-representations.xml: origin is 'ptx'
INFO    : building representations of PTX-authored WeBWorK problem
INFO    : sending webwork-solve-special-with-simplification2 to server to save in /Users/alex.jordan/orcca/generated-assets/webwork/webwork-representations.xml: origin is 'ptx'
INFO    : building representations of PTX-authored WeBWorK problem
INFO    : sending webwork-878 to server to save in /Users/alex.jordan/orcca/generated-assets/webwork/webwork-representations.xml: origin is 'ptx'
INFO    : building representations of PTX-authored WeBWorK problem
INFO    : sending webwork-solve-mxequalsmxplusb-fraction to server to save in /Users/alex.jordan/orcca/generated-assets/webwork/webwork-representations.xml: origin is 'ptx'
INFO    : building representations of PTX-authored WeBWorK problem
INFO    : sending webwork-880 to server to save in /Users/alex.jordan/orcca/generated-assets/webwork/webwork-representations.xml: origin is 'ptx'
INFO    : building representations of PTX-authored WeBWorK problem
INFO    : sending webwork-solve-special-with-like-terms-fraction to server to save in /Users/alex.jordan/orcca/generated-assets/webwork/webwork-representations.xml: origin is 'ptx'
INFO    : building representations of PTX-authored WeBWorK problem
INFO    : sending webwork-882 to server to save in /Users/alex.jordan/orcca/generated-assets/webwork/webwork-representations.xml: origin is 'ptx'
INFO    : building representations of PTX-authored WeBWorK problem
INFO    : sending webwork-solve-special-with-simplification-fraction to server to save in /Users/alex.jordan/orcca/generated-assets/webwork/webwork-representations.xml: origin is 'ptx'
INFO    : building representations of PTX-authored WeBWorK problem
INFO    : sending webwork-884 to server to save in /Users/alex.jordan/orcca/generated-assets/webwork/webwork-representations.xml: origin is 'ptx'
INFO    : building representations of PTX-authored WeBWorK problem
INFO    : sending webwork-solve-mxequalsmxplusb-inequality to server to save in /Users/alex.jordan/orcca/generated-assets/webwork/webwork-representations.xml: origin is 'ptx'
INFO    : building representations of PTX-authored WeBWorK problem
INFO    : sending webwork-886 to server to save in /Users/alex.jordan/orcca/generated-assets/webwork/webwork-representations.xml: origin is 'ptx'
INFO    : building representations of PTX-authored WeBWorK problem
INFO    : sending webwork-solve-mxplusbequalsmxplusb-inequality to server to save in /Users/alex.jordan/orcca/generated-assets/webwork/webwork-representations.xml: origin is 'ptx'
INFO    : building representations of PTX-authored WeBWorK problem
INFO    : sending webwork-888 to server to save in /Users/alex.jordan/orcca/generated-assets/webwork/webwork-representations.xml: origin is 'ptx'
INFO    : building representations of PTX-authored WeBWorK problem
INFO    : sending webwork-solve-special-with-like-terms-inequality to server to save in /Users/alex.jordan/orcca/generated-assets/webwork/webwork-representations.xml: origin is 'ptx'
INFO    : building representations of PTX-authored WeBWorK problem
INFO    : sending webwork-890 to server to save in /Users/alex.jordan/orcca/generated-assets/webwork/webwork-representations.xml: origin is 'ptx'
INFO    : building representations of PTX-authored WeBWorK problem
INFO    : sending webwork-solve-special-with-like-terms2-inequality to server to save in /Users/alex.jordan/orcca/generated-assets/webwork/webwork-representations.xml: origin is 'ptx'
INFO    : building representations of PTX-authored WeBWorK problem
INFO    : sending webwork-892 to server to save in /Users/alex.jordan/orcca/generated-assets/webwork/webwork-representations.xml: origin is 'ptx'
INFO    : building representations of PTX-authored WeBWorK problem
INFO    : sending webwork-solve-special-with-distribution-inequality to server to save in /Users/alex.jordan/orcca/generated-assets/webwork/webwork-representations.xml: origin is 'ptx'
INFO    : building representations of PTX-authored WeBWorK problem
INFO    : sending webwork-894 to server to save in /Users/alex.jordan/orcca/generated-assets/webwork/webwork-representations.xml: origin is 'ptx'
INFO    : building representations of PTX-authored WeBWorK problem
INFO    : sending webwork-solve-special-with-simplification2-inequality to server to save in /Users/alex.jordan/orcca/generated-assets/webwork/webwork-representations.xml: origin is 'ptx'
INFO    : building representations of PTX-authored WeBWorK problem
INFO    : sending webwork-896 to server to save in /Users/alex.jordan/orcca/generated-assets/webwork/webwork-representations.xml: origin is 'ptx'
INFO    : building representations of PTX-authored WeBWorK problem
INFO    : sending webwork-solve-mxequalsmxplusb-fraction-inequality to server to save in /Users/alex.jordan/orcca/generated-assets/webwork/webwork-representations.xml: origin is 'ptx'
INFO    : building representations of PTX-authored WeBWorK problem
INFO    : sending webwork-898 to server to save in /Users/alex.jordan/orcca/generated-assets/webwork/webwork-representations.xml: origin is 'ptx'
INFO    : building representations of PTX-authored WeBWorK problem
INFO    : sending webwork-solve-special-with-like-terms-fraction-inequality to server to save in /Users/alex.jordan/orcca/generated-assets/webwork/webwork-representations.xml: origin is 'ptx'
INFO    : building representations of PTX-authored WeBWorK problem
INFO    : sending webwork-900 to server to save in /Users/alex.jordan/orcca/generated-assets/webwork/webwork-representations.xml: origin is 'ptx'
INFO    : building representations of PTX-authored WeBWorK problem
INFO    : sending webwork-solve-special-with-simplification-fraction-inequality to server to save in /Users/alex.jordan/orcca/generated-assets/webwork/webwork-representations.xml: origin is 'ptx'
INFO    : building representations of PTX-authored WeBWorK problem
INFO    : sending webwork-902 to server to save in /Users/alex.jordan/orcca/generated-assets/webwork/webwork-representations.xml: origin is 'ptx'
INFO    : building representations of PTX-authored WeBWorK problem
INFO    : sending webwork-903 to server to save in /Users/alex.jordan/orcca/generated-assets/webwork/webwork-representations.xml: origin is 'ptx'
INFO    : building representations of PTX-authored WeBWorK problem
INFO    : sending webwork-904 to server to save in /Users/alex.jordan/orcca/generated-assets/webwork/webwork-representations.xml: origin is 'ptx'
INFO    : building representations of PTX-authored WeBWorK problem
INFO    : sending webwork-compare-xplusbequalsc to server to save in /Users/alex.jordan/orcca/generated-assets/webwork/webwork-representations.xml: origin is 'ptx'
INFO    : building representations of PTX-authored WeBWorK problem
INFO    : sending webwork-906 to server to save in /Users/alex.jordan/orcca/generated-assets/webwork/webwork-representations.xml: origin is 'ptx'
INFO    : building representations of PTX-authored WeBWorK problem
INFO    : sending webwork-compare-xminusbequalsc to server to save in /Users/alex.jordan/orcca/generated-assets/webwork/webwork-representations.xml: origin is 'ptx'
INFO    : building representations of PTX-authored WeBWorK problem
INFO    : sending webwork-908 to server to save in /Users/alex.jordan/orcca/generated-assets/webwork/webwork-representations.xml: origin is 'ptx'
INFO    : building representations of PTX-authored WeBWorK problem
INFO    : sending webwork-compare-xtimesbequalsc to server to save in /Users/alex.jordan/orcca/generated-assets/webwork/webwork-representations.xml: origin is 'ptx'
INFO    : building representations of PTX-authored WeBWorK problem
INFO    : sending webwork-910 to server to save in /Users/alex.jordan/orcca/generated-assets/webwork/webwork-representations.xml: origin is 'ptx'
INFO    : building representations of PTX-authored WeBWorK problem
INFO    : sending webwork-compare-xdividedbybequalsc to server to save in /Users/alex.jordan/orcca/generated-assets/webwork/webwork-representations.xml: origin is 'ptx'
INFO    : building representations of PTX-authored WeBWorK problem
INFO    : sending webwork-912 to server to save in /Users/alex.jordan/orcca/generated-assets/webwork/webwork-representations.xml: origin is 'ptx'
INFO    : building representations of PTX-authored WeBWorK problem
INFO    : sending webwork-compare-linearisolation to server to save in /Users/alex.jordan/orcca/generated-assets/webwork/webwork-representations.xml: origin is 'ptx'
INFO    : building representations of PTX-authored WeBWorK problem
INFO    : sending webwork-914 to server to save in /Users/alex.jordan/orcca/generated-assets/webwork/webwork-representations.xml: origin is 'ptx'
INFO    : building representations of PTX-authored WeBWorK problem
INFO    : sending webwork-isolate-xplusaequalsb to server to save in /Users/alex.jordan/orcca/generated-assets/webwork/webwork-representations.xml: origin is 'ptx'
INFO    : building representations of PTX-authored WeBWorK problem
INFO    : sending webwork-916 to server to save in /Users/alex.jordan/orcca/generated-assets/webwork/webwork-representations.xml: origin is 'ptx'
INFO    : building representations of PTX-authored WeBWorK problem
INFO    : sending webwork-isolate-axplusbequalsc to server to save in /Users/alex.jordan/orcca/generated-assets/webwork/webwork-representations.xml: origin is 'ptx'
INFO    : building representations of PTX-authored WeBWorK problem
INFO    : sending webwork-918 to server to save in /Users/alex.jordan/orcca/generated-assets/webwork/webwork-representations.xml: origin is 'ptx'
INFO    : building representations of PTX-authored WeBWorK problem
INFO    : sending webwork-isolate-yequalsaxplusb to server to save in /Users/alex.jordan/orcca/generated-assets/webwork/webwork-representations.xml: origin is 'ptx'
INFO    : building representations of PTX-authored WeBWorK problem
INFO    : sending webwork-920 to server to save in /Users/alex.jordan/orcca/generated-assets/webwork/webwork-representations.xml: origin is 'ptx'
INFO    : building representations of PTX-authored WeBWorK problem
INFO    : sending webwork-isolate-xoveraplusbequalsc to server to save in /Users/alex.jordan/orcca/generated-assets/webwork/webwork-representations.xml: origin is 'ptx'
INFO    : building representations of PTX-authored WeBWorK problem
INFO    : sending webwork-922 to server to save in /Users/alex.jordan/orcca/generated-assets/webwork/webwork-representations.xml: origin is 'ptx'
INFO    : building representations of PTX-authored WeBWorK problem
INFO    : sending webwork-isolate-triangleareaforbase to server to save in /Users/alex.jordan/orcca/generated-assets/webwork/webwork-representations.xml: origin is 'ptx'
INFO    : building representations of PTX-authored WeBWorK problem
INFO    : sending webwork-isolate-triangleareaforheight to server to save in /Users/alex.jordan/orcca/generated-assets/webwork/webwork-representations.xml: origin is 'ptx'
INFO    : building representations of PTX-authored WeBWorK problem
INFO    : sending webwork-isolate-slopeinterceptform to server to save in /Users/alex.jordan/orcca/generated-assets/webwork/webwork-representations.xml: origin is 'ptx'
INFO    : building representations of PTX-authored WeBWorK problem
INFO    : sending webwork-isolate-slopeinterceptforb to server to save in /Users/alex.jordan/orcca/generated-assets/webwork/webwork-representations.xml: origin is 'ptx'
INFO    : building representations of PTX-authored WeBWorK problem
INFO    : sending webwork-isolate-circumferenceforr to server to save in /Users/alex.jordan/orcca/generated-assets/webwork/webwork-representations.xml: origin is 'ptx'
INFO    : building representations of PTX-authored WeBWorK problem
INFO    : sending webwork-isolate-circumferenceford to server to save in /Users/alex.jordan/orcca/generated-assets/webwork/webwork-representations.xml: origin is 'ptx'
INFO    : building representations of PTX-authored WeBWorK problem
INFO    : sending webwork-isolate-cylindervolumeforh to server to save in /Users/alex.jordan/orcca/generated-assets/webwork/webwork-representations.xml: origin is 'ptx'
INFO    : building representations of PTX-authored WeBWorK problem
INFO    : sending webwork-isolate-cylinderareaforh to server to save in /Users/alex.jordan/orcca/generated-assets/webwork/webwork-representations.xml: origin is 'ptx'
INFO    : building representations of PTX-authored WeBWorK problem
INFO    : sending webwork-solve-standard-linear-equation-for-y to server to save in /Users/alex.jordan/orcca/generated-assets/webwork/webwork-representations.xml: origin is 'ptx'
INFO    : building representations of PTX-authored WeBWorK problem
INFO    : sending webwork-932 to server to save in /Users/alex.jordan/orcca/generated-assets/webwork/webwork-representations.xml: origin is 'ptx'
INFO    : building representations of PTX-authored WeBWorK problem
INFO    : sending webwork-solve-standard-linear-equation-for-y-2 to server to save in /Users/alex.jordan/orcca/generated-assets/webwork/webwork-representations.xml: origin is 'ptx'
INFO    : building representations of PTX-authored WeBWorK problem
INFO    : sending webwork-934 to server to save in /Users/alex.jordan/orcca/generated-assets/webwork/webwork-representations.xml: origin is 'ptx'
INFO    : building representations of PTX-authored WeBWorK problem
INFO    : sending webwork-solve-standard-linear-equation-for-y-3 to server to save in /Users/alex.jordan/orcca/generated-assets/webwork/webwork-representations.xml: origin is 'ptx'
INFO    : building representations of PTX-authored WeBWorK problem
INFO    : sending webwork-936 to server to save in /Users/alex.jordan/orcca/generated-assets/webwork/webwork-representations.xml: origin is 'ptx'
INFO    : building representations of PTX-authored WeBWorK problem
INFO    : sending webwork-solve-standard-linear-equation-for-y-4 to server to save in /Users/alex.jordan/orcca/generated-assets/webwork/webwork-representations.xml: origin is 'ptx'
INFO    : building representations of PTX-authored WeBWorK problem
INFO    : sending webwork-938 to server to save in /Users/alex.jordan/orcca/generated-assets/webwork/webwork-representations.xml: origin is 'ptx'
INFO    : building representations of PTX-authored WeBWorK problem
INFO    : sending webwork-939 to server to save in /Users/alex.jordan/orcca/generated-assets/webwork/webwork-representations.xml: origin is 'ptx'
INFO    : building representations of PTX-authored WeBWorK problem
INFO    : sending webwork-940 to server to save in /Users/alex.jordan/orcca/generated-assets/webwork/webwork-representations.xml: origin is 'ptx'
INFO    : building representations of PTX-authored WeBWorK problem
INFO    : sending webwork-941 to server to save in /Users/alex.jordan/orcca/generated-assets/webwork/webwork-representations.xml: origin is 'ptx'
INFO    : building representations of PTX-authored WeBWorK problem
INFO    : sending webwork-942 to server to save in /Users/alex.jordan/orcca/generated-assets/webwork/webwork-representations.xml: origin is 'ptx'
INFO    : building representations of PTX-authored WeBWorK problem
INFO    : sending webwork-943 to server to save in /Users/alex.jordan/orcca/generated-assets/webwork/webwork-representations.xml: origin is 'ptx'
INFO    : building representations of PTX-authored WeBWorK problem
INFO    : sending webwork-944 to server to save in /Users/alex.jordan/orcca/generated-assets/webwork/webwork-representations.xml: origin is 'ptx'
INFO    : building representations of PTX-authored WeBWorK problem
INFO    : sending webwork-945 to server to save in /Users/alex.jordan/orcca/generated-assets/webwork/webwork-representations.xml: origin is 'ptx'
INFO    : building representations of PTX-authored WeBWorK problem
INFO    : sending webwork-946 to server to save in /Users/alex.jordan/orcca/generated-assets/webwork/webwork-representations.xml: origin is 'ptx'
INFO    : building representations of PTX-authored WeBWorK problem
INFO    : sending webwork-947 to server to save in /Users/alex.jordan/orcca/generated-assets/webwork/webwork-representations.xml: origin is 'ptx'
INFO    : building representations of PTX-authored WeBWorK problem
INFO    : sending webwork-948 to server to save in /Users/alex.jordan/orcca/generated-assets/webwork/webwork-representations.xml: origin is 'ptx'
INFO    : building representations of PTX-authored WeBWorK problem
INFO    : sending webwork-949 to server to save in /Users/alex.jordan/orcca/generated-assets/webwork/webwork-representations.xml: origin is 'ptx'
INFO    : building representations of PTX-authored WeBWorK problem
INFO    : sending webwork-950 to server to save in /Users/alex.jordan/orcca/generated-assets/webwork/webwork-representations.xml: origin is 'ptx'
INFO    : building representations of PTX-authored WeBWorK problem
INFO    : sending webwork-951 to server to save in /Users/alex.jordan/orcca/generated-assets/webwork/webwork-representations.xml: origin is 'ptx'
INFO    : building representations of PTX-authored WeBWorK problem
INFO    : sending webwork-952 to server to save in /Users/alex.jordan/orcca/generated-assets/webwork/webwork-representations.xml: origin is 'ptx'
INFO    : building representations of PTX-authored WeBWorK problem
INFO    : sending webwork-953 to server to save in /Users/alex.jordan/orcca/generated-assets/webwork/webwork-representations.xml: origin is 'ptx'
INFO    : building representations of PTX-authored WeBWorK problem
INFO    : sending webwork-954 to server to save in /Users/alex.jordan/orcca/generated-assets/webwork/webwork-representations.xml: origin is 'ptx'
INFO    : building representations of PTX-authored WeBWorK problem
INFO    : sending webwork-955 to server to save in /Users/alex.jordan/orcca/generated-assets/webwork/webwork-representations.xml: origin is 'ptx'
INFO    : building representations of PTX-authored WeBWorK problem
INFO    : sending webwork-956 to server to save in /Users/alex.jordan/orcca/generated-assets/webwork/webwork-representations.xml: origin is 'ptx'
INFO    : building representations of PTX-authored WeBWorK problem
INFO    : sending webwork-957 to server to save in /Users/alex.jordan/orcca/generated-assets/webwork/webwork-representations.xml: origin is 'ptx'
INFO    : building representations of PTX-authored WeBWorK problem
INFO    : sending webwork-958 to server to save in /Users/alex.jordan/orcca/generated-assets/webwork/webwork-representations.xml: origin is 'ptx'
INFO    : building representations of PTX-authored WeBWorK problem
INFO    : sending webwork-959 to server to save in /Users/alex.jordan/orcca/generated-assets/webwork/webwork-representations.xml: origin is 'ptx'
INFO    : building representations of PTX-authored WeBWorK problem
INFO    : sending webwork-960 to server to save in /Users/alex.jordan/orcca/generated-assets/webwork/webwork-representations.xml: origin is 'ptx'
INFO    : building representations of PTX-authored WeBWorK problem
INFO    : sending webwork-961 to server to save in /Users/alex.jordan/orcca/generated-assets/webwork/webwork-representations.xml: origin is 'ptx'
INFO    : building representations of PTX-authored WeBWorK problem
INFO    : sending webwork-962 to server to save in /Users/alex.jordan/orcca/generated-assets/webwork/webwork-representations.xml: origin is 'ptx'
INFO    : building representations of PTX-authored WeBWorK problem
INFO    : sending webwork-963 to server to save in /Users/alex.jordan/orcca/generated-assets/webwork/webwork-representations.xml: origin is 'ptx'
INFO    : building representations of PTX-authored WeBWorK problem
INFO    : sending webwork-964 to server to save in /Users/alex.jordan/orcca/generated-assets/webwork/webwork-representations.xml: origin is 'ptx'
INFO    : building representations of PTX-authored WeBWorK problem
INFO    : sending webwork-965 to server to save in /Users/alex.jordan/orcca/generated-assets/webwork/webwork-representations.xml: origin is 'ptx'
INFO    : building representations of PTX-authored WeBWorK problem
INFO    : sending webwork-966 to server to save in /Users/alex.jordan/orcca/generated-assets/webwork/webwork-representations.xml: origin is 'ptx'
INFO    : building representations of PTX-authored WeBWorK problem
INFO    : sending webwork-967 to server to save in /Users/alex.jordan/orcca/generated-assets/webwork/webwork-representations.xml: origin is 'ptx'
INFO    : building representations of PTX-authored WeBWorK problem
INFO    : sending webwork-968 to server to save in /Users/alex.jordan/orcca/generated-assets/webwork/webwork-representations.xml: origin is 'ptx'
INFO    : building representations of PTX-authored WeBWorK problem
INFO    : sending webwork-969 to server to save in /Users/alex.jordan/orcca/generated-assets/webwork/webwork-representations.xml: origin is 'ptx'
INFO    : building representations of PTX-authored WeBWorK problem
INFO    : sending webwork-970 to server to save in /Users/alex.jordan/orcca/generated-assets/webwork/webwork-representations.xml: origin is 'ptx'
INFO    : building representations of PTX-authored WeBWorK problem
INFO    : sending webwork-971 to server to save in /Users/alex.jordan/orcca/generated-assets/webwork/webwork-representations.xml: origin is 'ptx'
INFO    : building representations of PTX-authored WeBWorK problem
INFO    : sending webwork-972 to server to save in /Users/alex.jordan/orcca/generated-assets/webwork/webwork-representations.xml: origin is 'ptx'
INFO    : building representations of PTX-authored WeBWorK problem
INFO    : sending webwork-973 to server to save in /Users/alex.jordan/orcca/generated-assets/webwork/webwork-representations.xml: origin is 'ptx'
INFO    : building representations of PTX-authored WeBWorK problem
INFO    : sending webwork-974 to server to save in /Users/alex.jordan/orcca/generated-assets/webwork/webwork-representations.xml: origin is 'ptx'
INFO    : building representations of PTX-authored WeBWorK problem
INFO    : sending webwork-975 to server to save in /Users/alex.jordan/orcca/generated-assets/webwork/webwork-representations.xml: origin is 'ptx'
INFO    : building representations of PTX-authored WeBWorK problem
INFO    : sending webwork-976 to server to save in /Users/alex.jordan/orcca/generated-assets/webwork/webwork-representations.xml: origin is 'ptx'
INFO    : building representations of PTX-authored WeBWorK problem
INFO    : sending webwork-977 to server to save in /Users/alex.jordan/orcca/generated-assets/webwork/webwork-representations.xml: origin is 'ptx'
INFO    : building representations of PTX-authored WeBWorK problem
INFO    : sending webwork-978 to server to save in /Users/alex.jordan/orcca/generated-assets/webwork/webwork-representations.xml: origin is 'ptx'
INFO    : building representations of PTX-authored WeBWorK problem
INFO    : sending webwork-979 to server to save in /Users/alex.jordan/orcca/generated-assets/webwork/webwork-representations.xml: origin is 'ptx'
INFO    : building representations of PTX-authored WeBWorK problem
INFO    : sending webwork-980 to server to save in /Users/alex.jordan/orcca/generated-assets/webwork/webwork-representations.xml: origin is 'ptx'
INFO    : building representations of PTX-authored WeBWorK problem
INFO    : sending webwork-981 to server to save in /Users/alex.jordan/orcca/generated-assets/webwork/webwork-representations.xml: origin is 'ptx'
INFO    : building representations of PTX-authored WeBWorK problem
INFO    : sending webwork-982 to server to save in /Users/alex.jordan/orcca/generated-assets/webwork/webwork-representations.xml: origin is 'ptx'
INFO    : building representations of PTX-authored WeBWorK problem
INFO    : sending webwork-983 to server to save in /Users/alex.jordan/orcca/generated-assets/webwork/webwork-representations.xml: origin is 'ptx'
INFO    : building representations of PTX-authored WeBWorK problem
INFO    : sending webwork-984 to server to save in /Users/alex.jordan/orcca/generated-assets/webwork/webwork-representations.xml: origin is 'ptx'
INFO    : building representations of PTX-authored WeBWorK problem
INFO    : sending webwork-985 to server to save in /Users/alex.jordan/orcca/generated-assets/webwork/webwork-representations.xml: origin is 'ptx'
INFO    : building representations of PTX-authored WeBWorK problem
INFO    : sending webwork-986 to server to save in /Users/alex.jordan/orcca/generated-assets/webwork/webwork-representations.xml: origin is 'ptx'
INFO    : building representations of PTX-authored WeBWorK problem
INFO    : sending webwork-987 to server to save in /Users/alex.jordan/orcca/generated-assets/webwork/webwork-representations.xml: origin is 'ptx'
INFO    : building representations of PTX-authored WeBWorK problem
INFO    : sending webwork-988 to server to save in /Users/alex.jordan/orcca/generated-assets/webwork/webwork-representations.xml: origin is 'ptx'
INFO    : building representations of PTX-authored WeBWorK problem
INFO    : sending webwork-989 to server to save in /Users/alex.jordan/orcca/generated-assets/webwork/webwork-representations.xml: origin is 'ptx'
INFO    : building representations of PTX-authored WeBWorK problem
INFO    : sending webwork-990 to server to save in /Users/alex.jordan/orcca/generated-assets/webwork/webwork-representations.xml: origin is 'ptx'
INFO    : building representations of PTX-authored WeBWorK problem
INFO    : sending webwork-991 to server to save in /Users/alex.jordan/orcca/generated-assets/webwork/webwork-representations.xml: origin is 'ptx'
INFO    : building representations of PTX-authored WeBWorK problem
INFO    : sending webwork-992 to server to save in /Users/alex.jordan/orcca/generated-assets/webwork/webwork-representations.xml: origin is 'ptx'
INFO    : building representations of PTX-authored WeBWorK problem
INFO    : sending webwork-993 to server to save in /Users/alex.jordan/orcca/generated-assets/webwork/webwork-representations.xml: origin is 'ptx'
INFO    : building representations of PTX-authored WeBWorK problem
INFO    : sending webwork-994 to server to save in /Users/alex.jordan/orcca/generated-assets/webwork/webwork-representations.xml: origin is 'ptx'
INFO    : building representations of PTX-authored WeBWorK problem
INFO    : sending webwork-995 to server to save in /Users/alex.jordan/orcca/generated-assets/webwork/webwork-representations.xml: origin is 'ptx'
INFO    : building representations of PTX-authored WeBWorK problem
INFO    : sending webwork-996 to server to save in /Users/alex.jordan/orcca/generated-assets/webwork/webwork-representations.xml: origin is 'ptx'
INFO    : building representations of PTX-authored WeBWorK problem
INFO    : sending webwork-997 to server to save in /Users/alex.jordan/orcca/generated-assets/webwork/webwork-representations.xml: origin is 'ptx'
INFO    : building representations of PTX-authored WeBWorK problem
INFO    : sending webwork-identify-cartesian-coordinates to server to save in /Users/alex.jordan/orcca/generated-assets/webwork/webwork-representations.xml: origin is 'ptx'
INFO    : saving image file webwork-identify-cartesian-coordinates-image-1.tgz (contents) in /Users/alex.jordan/orcca/generated-assets/webwork/images
INFO    : building representations of PTX-authored WeBWorK problem
INFO    : sending webwork-999 to server to save in /Users/alex.jordan/orcca/generated-assets/webwork/webwork-representations.xml: origin is 'ptx'
INFO    : saving image file webwork-999-image-1.tgz (contents) in /Users/alex.jordan/orcca/generated-assets/webwork/images
INFO    : building representations of PTX-authored WeBWorK problem
INFO    : sending webwork-mark-four-points-at-coordinates to server to save in /Users/alex.jordan/orcca/generated-assets/webwork/webwork-representations.xml: origin is 'ptx'
INFO    : building representations of PTX-authored WeBWorK problem
INFO    : sending webwork-1001 to server to save in /Users/alex.jordan/orcca/generated-assets/webwork/webwork-representations.xml: origin is 'ptx'
INFO    : building representations of PTX-authored WeBWorK problem
INFO    : sending webwork-mark-two-points-at-fractional-coordinates to server to save in /Users/alex.jordan/orcca/generated-assets/webwork/webwork-representations.xml: origin is 'ptx'
INFO    : building representations of PTX-authored WeBWorK problem
INFO    : sending webwork-1003 to server to save in /Users/alex.jordan/orcca/generated-assets/webwork/webwork-representations.xml: origin is 'ptx'
INFO    : building representations of PTX-authored WeBWorK problem
INFO    : sending webwork-mark-two-points-at-decimal-coordinates to server to save in /Users/alex.jordan/orcca/generated-assets/webwork/webwork-representations.xml: origin is 'ptx'
INFO    : building representations of PTX-authored WeBWorK problem
INFO    : sending webwork-1005 to server to save in /Users/alex.jordan/orcca/generated-assets/webwork/webwork-representations.xml: origin is 'ptx'
INFO    : building representations of PTX-authored WeBWorK problem
INFO    : sending webwork-mark-two-points-at-large-coordinates to server to save in /Users/alex.jordan/orcca/generated-assets/webwork/webwork-representations.xml: origin is 'ptx'
INFO    : building representations of PTX-authored WeBWorK problem
INFO    : sending webwork-1007 to server to save in /Users/alex.jordan/orcca/generated-assets/webwork/webwork-representations.xml: origin is 'ptx'
INFO    : building representations of PTX-authored WeBWorK problem
INFO    : sending webwork-fill-vertical-half-plane to server to save in /Users/alex.jordan/orcca/generated-assets/webwork/webwork-representations.xml: origin is 'ptx'
INFO    : building representations of PTX-authored WeBWorK problem
INFO    : sending webwork-fill-horizontal-half-plane to server to save in /Users/alex.jordan/orcca/generated-assets/webwork/webwork-representations.xml: origin is 'ptx'
INFO    : building representations of PTX-authored WeBWorK problem
INFO    : sending webwork-fill-same-sign to server to save in /Users/alex.jordan/orcca/generated-assets/webwork/webwork-representations.xml: origin is 'ptx'
INFO    : building representations of PTX-authored WeBWorK problem
INFO    : sending webwork-fill-opposite-sign to server to save in /Users/alex.jordan/orcca/generated-assets/webwork/webwork-representations.xml: origin is 'ptx'
INFO    : building representations of PTX-authored WeBWorK problem
INFO    : sending webwork-1012 to server to save in /Users/alex.jordan/orcca/generated-assets/webwork/webwork-representations.xml: origin is 'ptx'
INFO    : saving image file webwork-1012-image-1.tgz (contents) in /Users/alex.jordan/orcca/generated-assets/webwork/images
INFO    : building representations of PTX-authored WeBWorK problem
INFO    : sending webwork-1013 to server to save in /Users/alex.jordan/orcca/generated-assets/webwork/webwork-representations.xml: origin is 'ptx'
INFO    : saving image file webwork-1013-image-1.tgz (contents) in /Users/alex.jordan/orcca/generated-assets/webwork/images
INFO    : building representations of PTX-authored WeBWorK problem
INFO    : sending webwork-which-quadrant to server to save in /Users/alex.jordan/orcca/generated-assets/webwork/webwork-representations.xml: origin is 'ptx'
INFO    : building representations of PTX-authored WeBWorK problem
INFO    : sending webwork-1015 to server to save in /Users/alex.jordan/orcca/generated-assets/webwork/webwork-representations.xml: origin is 'ptx'
INFO    : building representations of PTX-authored WeBWorK problem
INFO    : sending webwork-1016 to server to save in /Users/alex.jordan/orcca/generated-assets/webwork/webwork-representations.xml: origin is 'ptx'
INFO    : building representations of PTX-authored WeBWorK problem
INFO    : sending webwork-1017 to server to save in /Users/alex.jordan/orcca/generated-assets/webwork/webwork-representations.xml: origin is 'ptx'
INFO    : building representations of PTX-authored WeBWorK problem
INFO    : sending webwork-1018 to server to save in /Users/alex.jordan/orcca/generated-assets/webwork/webwork-representations.xml: origin is 'ptx'
INFO    : building representations of PTX-authored WeBWorK problem
INFO    : sending webwork-1019 to server to save in /Users/alex.jordan/orcca/generated-assets/webwork/webwork-representations.xml: origin is 'ptx'
INFO    : building representations of PTX-authored WeBWorK problem
INFO    : sending webwork-1020 to server to save in /Users/alex.jordan/orcca/generated-assets/webwork/webwork-representations.xml: origin is 'ptx'
INFO    : building representations of PTX-authored WeBWorK problem
INFO    : sending webwork-1021 to server to save in /Users/alex.jordan/orcca/generated-assets/webwork/webwork-representations.xml: origin is 'ptx'
INFO    : building representations of PTX-authored WeBWorK problem
INFO    : sending webwork-1022 to server to save in /Users/alex.jordan/orcca/generated-assets/webwork/webwork-representations.xml: origin is 'ptx'
INFO    : saving image file webwork-1022-image-1.tgz (contents) in /Users/alex.jordan/orcca/generated-assets/webwork/images
INFO    : building representations of PTX-authored WeBWorK problem
INFO    : sending webwork-test-integer-solutions-to-line-equation to server to save in /Users/alex.jordan/orcca/generated-assets/webwork/webwork-representations.xml: origin is 'ptx'
INFO    : building representations of PTX-authored WeBWorK problem
INFO    : sending webwork-1024 to server to save in /Users/alex.jordan/orcca/generated-assets/webwork/webwork-representations.xml: origin is 'ptx'
INFO    : building representations of PTX-authored WeBWorK problem
INFO    : sending webwork-test-decimal-solutions-to-line-equation to server to save in /Users/alex.jordan/orcca/generated-assets/webwork/webwork-representations.xml: origin is 'ptx'
INFO    : building representations of PTX-authored WeBWorK problem
INFO    : sending webwork-1026 to server to save in /Users/alex.jordan/orcca/generated-assets/webwork/webwork-representations.xml: origin is 'ptx'
INFO    : building representations of PTX-authored WeBWorK problem
INFO    : sending webwork-test-fraction-solutions-to-line-equation to server to save in /Users/alex.jordan/orcca/generated-assets/webwork/webwork-representations.xml: origin is 'ptx'
INFO    : building representations of PTX-authored WeBWorK problem
INFO    : sending webwork-1028 to server to save in /Users/alex.jordan/orcca/generated-assets/webwork/webwork-representations.xml: origin is 'ptx'
INFO    : building representations of PTX-authored WeBWorK problem
INFO    : sending webwork-test-integer-solutions-to-line-equation-fraction-slope to server to save in /Users/alex.jordan/orcca/generated-assets/webwork/webwork-representations.xml: origin is 'ptx'
INFO    : building representations of PTX-authored WeBWorK problem
INFO    : sending webwork-1030 to server to save in /Users/alex.jordan/orcca/generated-assets/webwork/webwork-representations.xml: origin is 'ptx'
INFO    : building representations of PTX-authored WeBWorK problem
INFO    : sending webwork-plot-linear-equation-integer to server to save in /Users/alex.jordan/orcca/generated-assets/webwork/webwork-representations.xml: origin is 'ptx'
INFO    : building representations of PTX-authored WeBWorK problem
INFO    : sending webwork-1032 to server to save in /Users/alex.jordan/orcca/generated-assets/webwork/webwork-representations.xml: origin is 'ptx'
INFO    : building representations of PTX-authored WeBWorK problem
INFO    : sending webwork-plot-linear-equation-fraction-slope to server to save in /Users/alex.jordan/orcca/generated-assets/webwork/webwork-representations.xml: origin is 'ptx'
INFO    : building representations of PTX-authored WeBWorK problem
INFO    : sending webwork-1034 to server to save in /Users/alex.jordan/orcca/generated-assets/webwork/webwork-representations.xml: origin is 'ptx'
INFO    : building representations of PTX-authored WeBWorK problem
INFO    : sending webwork-plot-quadratic-equation to server to save in /Users/alex.jordan/orcca/generated-assets/webwork/webwork-representations.xml: origin is 'ptx'
INFO    : building representations of PTX-authored WeBWorK problem
INFO    : sending webwork-1036 to server to save in /Users/alex.jordan/orcca/generated-assets/webwork/webwork-representations.xml: origin is 'ptx'
INFO    : building representations of PTX-authored WeBWorK problem
INFO    : sending webwork-plot-cubic-equation to server to save in /Users/alex.jordan/orcca/generated-assets/webwork/webwork-representations.xml: origin is 'ptx'
INFO    : building representations of PTX-authored WeBWorK problem
INFO    : sending webwork-1038 to server to save in /Users/alex.jordan/orcca/generated-assets/webwork/webwork-representations.xml: origin is 'ptx'
INFO    : building representations of PTX-authored WeBWorK problem
INFO    : sending webwork-1039 to server to save in /Users/alex.jordan/orcca/generated-assets/webwork/webwork-representations.xml: origin is 'ptx'
INFO    : building representations of PTX-authored WeBWorK problem
INFO    : sending webwork-1040 to server to save in /Users/alex.jordan/orcca/generated-assets/webwork/webwork-representations.xml: origin is 'ptx'
INFO    : building representations of PTX-authored WeBWorK problem
INFO    : sending webwork-1041 to server to save in /Users/alex.jordan/orcca/generated-assets/webwork/webwork-representations.xml: origin is 'ptx'
INFO    : building representations of PTX-authored WeBWorK problem
INFO    : sending webwork-1042 to server to save in /Users/alex.jordan/orcca/generated-assets/webwork/webwork-representations.xml: origin is 'ptx'
INFO    : building representations of PTX-authored WeBWorK problem
INFO    : sending webwork-1043 to server to save in /Users/alex.jordan/orcca/generated-assets/webwork/webwork-representations.xml: origin is 'ptx'
INFO    : building representations of PTX-authored WeBWorK problem
INFO    : sending webwork-1044 to server to save in /Users/alex.jordan/orcca/generated-assets/webwork/webwork-representations.xml: origin is 'ptx'
INFO    : building representations of PTX-authored WeBWorK problem
INFO    : sending webwork-1045 to server to save in /Users/alex.jordan/orcca/generated-assets/webwork/webwork-representations.xml: origin is 'ptx'
INFO    : building representations of PTX-authored WeBWorK problem
INFO    : sending webwork-1046 to server to save in /Users/alex.jordan/orcca/generated-assets/webwork/webwork-representations.xml: origin is 'ptx'
INFO    : building representations of PTX-authored WeBWorK problem
INFO    : sending webwork-1047 to server to save in /Users/alex.jordan/orcca/generated-assets/webwork/webwork-representations.xml: origin is 'ptx'
INFO    : building representations of PTX-authored WeBWorK problem
INFO    : sending webwork-1048 to server to save in /Users/alex.jordan/orcca/generated-assets/webwork/webwork-representations.xml: origin is 'ptx'
INFO    : building representations of PTX-authored WeBWorK problem
INFO    : sending webwork-1049 to server to save in /Users/alex.jordan/orcca/generated-assets/webwork/webwork-representations.xml: origin is 'ptx'
INFO    : building representations of PTX-authored WeBWorK problem
INFO    : sending webwork-1050 to server to save in /Users/alex.jordan/orcca/generated-assets/webwork/webwork-representations.xml: origin is 'ptx'
INFO    : building representations of PTX-authored WeBWorK problem
INFO    : sending webwork-1051 to server to save in /Users/alex.jordan/orcca/generated-assets/webwork/webwork-representations.xml: origin is 'ptx'
INFO    : building representations of PTX-authored WeBWorK problem
INFO    : sending webwork-convert-table-to-linear-equation to server to save in /Users/alex.jordan/orcca/generated-assets/webwork/webwork-representations.xml: origin is 'ptx'
INFO    : building representations of PTX-authored WeBWorK problem
INFO    : sending webwork-1053 to server to save in /Users/alex.jordan/orcca/generated-assets/webwork/webwork-representations.xml: origin is 'ptx'
INFO    : building representations of PTX-authored WeBWorK problem
INFO    : sending webwork-convert-table-to-linear-equation-2 to server to save in /Users/alex.jordan/orcca/generated-assets/webwork/webwork-representations.xml: origin is 'ptx'
INFO    : building representations of PTX-authored WeBWorK problem
INFO    : sending webwork-1055 to server to save in /Users/alex.jordan/orcca/generated-assets/webwork/webwork-representations.xml: origin is 'ptx'
INFO    : building representations of PTX-authored WeBWorK problem
INFO    : sending webwork-1056 to server to save in /Users/alex.jordan/orcca/generated-assets/webwork/webwork-representations.xml: origin is 'ptx'
INFO    : building representations of PTX-authored WeBWorK problem
INFO    : sending webwork-1057 to server to save in /Users/alex.jordan/orcca/generated-assets/webwork/webwork-representations.xml: origin is 'ptx'
INFO    : building representations of PTX-authored WeBWorK problem
INFO    : sending webwork-convert-table-to-quadratic-equation to server to save in /Users/alex.jordan/orcca/generated-assets/webwork/webwork-representations.xml: origin is 'ptx'
INFO    : building representations of PTX-authored WeBWorK problem
INFO    : sending webwork-convert-table-to-quadratic-equation-2 to server to save in /Users/alex.jordan/orcca/generated-assets/webwork/webwork-representations.xml: origin is 'ptx'
INFO    : building representations of PTX-authored WeBWorK problem
INFO    : sending webwork-convert-table-to-reciprocal-equation to server to save in /Users/alex.jordan/orcca/generated-assets/webwork/webwork-representations.xml: origin is 'ptx'
INFO    : building representations of PTX-authored WeBWorK problem
INFO    : sending webwork-convert-table-to-power-equation to server to save in /Users/alex.jordan/orcca/generated-assets/webwork/webwork-representations.xml: origin is 'ptx'
INFO    : building representations of PTX-authored WeBWorK problem
INFO    : sending webwork-rate-of-change-point-coordinates to server to save in /Users/alex.jordan/orcca/generated-assets/webwork/webwork-representations.xml: origin is 'ptx'
INFO    : building representations of PTX-authored WeBWorK problem
INFO    : sending webwork-1063 to server to save in /Users/alex.jordan/orcca/generated-assets/webwork/webwork-representations.xml: origin is 'ptx'
INFO    : building representations of PTX-authored WeBWorK problem
INFO    : sending webwork-rate-of-change-point-coordinates-decimals to server to save in /Users/alex.jordan/orcca/generated-assets/webwork/webwork-representations.xml: origin is 'ptx'
INFO    : building representations of PTX-authored WeBWorK problem
INFO    : sending webwork-1065 to server to save in /Users/alex.jordan/orcca/generated-assets/webwork/webwork-representations.xml: origin is 'ptx'
INFO    : building representations of PTX-authored WeBWorK problem
INFO    : sending webwork-rate-of-change-point-coordinates-fractions to server to save in /Users/alex.jordan/orcca/generated-assets/webwork/webwork-representations.xml: origin is 'ptx'
INFO    : building representations of PTX-authored WeBWorK problem
INFO    : sending webwork-1067 to server to save in /Users/alex.jordan/orcca/generated-assets/webwork/webwork-representations.xml: origin is 'ptx'
INFO    : building representations of PTX-authored WeBWorK problem
INFO    : sending webwork-rate-of-change-graph to server to save in /Users/alex.jordan/orcca/generated-assets/webwork/webwork-representations.xml: origin is 'ptx'
INFO    : saving image file webwork-rate-of-change-graph-image-1.tgz (contents) in /Users/alex.jordan/orcca/generated-assets/webwork/images
INFO    : building representations of PTX-authored WeBWorK problem
INFO    : sending webwork-1069 to server to save in /Users/alex.jordan/orcca/generated-assets/webwork/webwork-representations.xml: origin is 'ptx'
INFO    : saving image file webwork-1069-image-1.tgz (contents) in /Users/alex.jordan/orcca/generated-assets/webwork/images
INFO    : building representations of PTX-authored WeBWorK problem
INFO    : sending webwork-rate-of-change-graph-neg to server to save in /Users/alex.jordan/orcca/generated-assets/webwork/webwork-representations.xml: origin is 'ptx'
INFO    : saving image file webwork-rate-of-change-graph-neg-image-1.tgz (contents) in /Users/alex.jordan/orcca/generated-assets/webwork/images
INFO    : building representations of PTX-authored WeBWorK problem
INFO    : sending webwork-1071 to server to save in /Users/alex.jordan/orcca/generated-assets/webwork/webwork-representations.xml: origin is 'ptx'
INFO    : saving image file webwork-1071-image-1.tgz (contents) in /Users/alex.jordan/orcca/generated-assets/webwork/images
INFO    : building representations of PTX-authored WeBWorK problem
INFO    : sending webwork-rate-of-change-graph-large to server to save in /Users/alex.jordan/orcca/generated-assets/webwork/webwork-representations.xml: origin is 'ptx'
INFO    : saving image file webwork-rate-of-change-graph-large-image-1.tgz (contents) in /Users/alex.jordan/orcca/generated-assets/webwork/images
INFO    : building representations of PTX-authored WeBWorK problem
INFO    : sending webwork-1073 to server to save in /Users/alex.jordan/orcca/generated-assets/webwork/webwork-representations.xml: origin is 'ptx'
INFO    : saving image file webwork-1073-image-1.tgz (contents) in /Users/alex.jordan/orcca/generated-assets/webwork/images
INFO    : building representations of PTX-authored WeBWorK problem
INFO    : sending webwork-rate-of-change-table to server to save in /Users/alex.jordan/orcca/generated-assets/webwork/webwork-representations.xml: origin is 'ptx'
INFO    : building representations of PTX-authored WeBWorK problem
INFO    : sending webwork-1075 to server to save in /Users/alex.jordan/orcca/generated-assets/webwork/webwork-representations.xml: origin is 'ptx'
INFO    : building representations of PTX-authored WeBWorK problem
INFO    : sending webwork-rate-of-change-table-large to server to save in /Users/alex.jordan/orcca/generated-assets/webwork/webwork-representations.xml: origin is 'ptx'
INFO    : building representations of PTX-authored WeBWorK problem
INFO    : sending webwork-1077 to server to save in /Users/alex.jordan/orcca/generated-assets/webwork/webwork-representations.xml: origin is 'ptx'
INFO    : building representations of PTX-authored WeBWorK problem
INFO    : sending webwork-determine-if-table-data-is-linear to server to save in /Users/alex.jordan/orcca/generated-assets/webwork/webwork-representations.xml: origin is 'ptx'
INFO    : building representations of PTX-authored WeBWorK problem
INFO    : sending webwork-1079 to server to save in /Users/alex.jordan/orcca/generated-assets/webwork/webwork-representations.xml: origin is 'ptx'
INFO    : building representations of PTX-authored WeBWorK problem
INFO    : sending webwork-determine-if-table-data-is-linear-2 to server to save in /Users/alex.jordan/orcca/generated-assets/webwork/webwork-representations.xml: origin is 'ptx'
INFO    : building representations of PTX-authored WeBWorK problem
INFO    : sending webwork-1081 to server to save in /Users/alex.jordan/orcca/generated-assets/webwork/webwork-representations.xml: origin is 'ptx'
INFO    : building representations of PTX-authored WeBWorK problem
INFO    : sending webwork-determine-if-table-data-is-linear-3 to server to save in /Users/alex.jordan/orcca/generated-assets/webwork/webwork-representations.xml: origin is 'ptx'
INFO    : building representations of PTX-authored WeBWorK problem
INFO    : sending webwork-1083 to server to save in /Users/alex.jordan/orcca/generated-assets/webwork/webwork-representations.xml: origin is 'ptx'
INFO    : building representations of PTX-authored WeBWorK problem
INFO    : sending webwork-determine-if-table-data-is-linear-4 to server to save in /Users/alex.jordan/orcca/generated-assets/webwork/webwork-representations.xml: origin is 'ptx'
INFO    : building representations of PTX-authored WeBWorK problem
INFO    : sending webwork-1085 to server to save in /Users/alex.jordan/orcca/generated-assets/webwork/webwork-representations.xml: origin is 'ptx'
INFO    : building representations of PTX-authored WeBWorK problem
INFO    : sending webwork-determine-if-table-data-is-linear-5 to server to save in /Users/alex.jordan/orcca/generated-assets/webwork/webwork-representations.xml: origin is 'ptx'
INFO    : building representations of PTX-authored WeBWorK problem
INFO    : sending webwork-1087 to server to save in /Users/alex.jordan/orcca/generated-assets/webwork/webwork-representations.xml: origin is 'ptx'
INFO    : building representations of PTX-authored WeBWorK problem
INFO    : sending webwork-determine-if-table-data-is-linear-6 to server to save in /Users/alex.jordan/orcca/generated-assets/webwork/webwork-representations.xml: origin is 'ptx'
INFO    : building representations of PTX-authored WeBWorK problem
INFO    : sending webwork-1089 to server to save in /Users/alex.jordan/orcca/generated-assets/webwork/webwork-representations.xml: origin is 'ptx'
INFO    : building representations of PTX-authored WeBWorK problem
INFO    : sending webwork-1090 to server to save in /Users/alex.jordan/orcca/generated-assets/webwork/webwork-representations.xml: origin is 'ptx'
INFO    : saving image file webwork-1090-image-1.tgz (contents) in /Users/alex.jordan/orcca/generated-assets/webwork/images
INFO    : saving image file webwork-1090-image-2.tgz (contents) in /Users/alex.jordan/orcca/generated-assets/webwork/images
INFO    : building representations of PTX-authored WeBWorK problem
INFO    : sending webwork-1091 to server to save in /Users/alex.jordan/orcca/generated-assets/webwork/webwork-representations.xml: origin is 'ptx'
INFO    : saving image file webwork-1091-image-1.tgz (contents) in /Users/alex.jordan/orcca/generated-assets/webwork/images
INFO    : building representations of PTX-authored WeBWorK problem
INFO    : sending webwork-1092 to server to save in /Users/alex.jordan/orcca/generated-assets/webwork/webwork-representations.xml: origin is 'ptx'
INFO    : saving image file webwork-1092-image-1.tgz (contents) in /Users/alex.jordan/orcca/generated-assets/webwork/images
INFO    : saving image file webwork-1092-image-2.tgz (contents) in /Users/alex.jordan/orcca/generated-assets/webwork/images
INFO    : building representations of PTX-authored WeBWorK problem
INFO    : sending webwork-1093 to server to save in /Users/alex.jordan/orcca/generated-assets/webwork/webwork-representations.xml: origin is 'ptx'
INFO    : saving image file webwork-1093-image-1.tgz (contents) in /Users/alex.jordan/orcca/generated-assets/webwork/images
INFO    : building representations of PTX-authored WeBWorK problem
INFO    : sending webwork-1094 to server to save in /Users/alex.jordan/orcca/generated-assets/webwork/webwork-representations.xml: origin is 'ptx'
INFO    : saving image file webwork-1094-image-1.tgz (contents) in /Users/alex.jordan/orcca/generated-assets/webwork/images
INFO    : building representations of PTX-authored WeBWorK problem
INFO    : sending webwork-1095 to server to save in /Users/alex.jordan/orcca/generated-assets/webwork/webwork-representations.xml: origin is 'ptx'
INFO    : building representations of PTX-authored WeBWorK problem
INFO    : sending webwork-slope-from-coordinates-integer to server to save in /Users/alex.jordan/orcca/generated-assets/webwork/webwork-representations.xml: origin is 'ptx'
INFO    : building representations of PTX-authored WeBWorK problem
INFO    : sending webwork-1097 to server to save in /Users/alex.jordan/orcca/generated-assets/webwork/webwork-representations.xml: origin is 'ptx'
INFO    : building representations of PTX-authored WeBWorK problem
INFO    : sending webwork-slope-from-coordinates-neg-integer to server to save in /Users/alex.jordan/orcca/generated-assets/webwork/webwork-representations.xml: origin is 'ptx'
INFO    : building representations of PTX-authored WeBWorK problem
INFO    : sending webwork-1099 to server to save in /Users/alex.jordan/orcca/generated-assets/webwork/webwork-representations.xml: origin is 'ptx'
INFO    : building representations of PTX-authored WeBWorK problem
INFO    : sending webwork-slope-from-coordinates-fraction to server to save in /Users/alex.jordan/orcca/generated-assets/webwork/webwork-representations.xml: origin is 'ptx'
INFO    : building representations of PTX-authored WeBWorK problem
INFO    : sending webwork-1101 to server to save in /Users/alex.jordan/orcca/generated-assets/webwork/webwork-representations.xml: origin is 'ptx'
INFO    : building representations of PTX-authored WeBWorK problem
INFO    : sending webwork-slope-from-coordinates-neg-fraction to server to save in /Users/alex.jordan/orcca/generated-assets/webwork/webwork-representations.xml: origin is 'ptx'
INFO    : building representations of PTX-authored WeBWorK problem
INFO    : sending webwork-1103 to server to save in /Users/alex.jordan/orcca/generated-assets/webwork/webwork-representations.xml: origin is 'ptx'
INFO    : building representations of PTX-authored WeBWorK problem
INFO    : sending webwork-slope-from-coordinates-fraction-must-reduce to server to save in /Users/alex.jordan/orcca/generated-assets/webwork/webwork-representations.xml: origin is 'ptx'
INFO    : building representations of PTX-authored WeBWorK problem
INFO    : sending webwork-1105 to server to save in /Users/alex.jordan/orcca/generated-assets/webwork/webwork-representations.xml: origin is 'ptx'
INFO    : building representations of PTX-authored WeBWorK problem
INFO    : sending webwork-slope-from-coordinates-decimal to server to save in /Users/alex.jordan/orcca/generated-assets/webwork/webwork-representations.xml: origin is 'ptx'
INFO    : building representations of PTX-authored WeBWorK problem
INFO    : sending webwork-1107 to server to save in /Users/alex.jordan/orcca/generated-assets/webwork/webwork-representations.xml: origin is 'ptx'
INFO    : building representations of PTX-authored WeBWorK problem
INFO    : sending webwork-slope-from-coordinates-zero to server to save in /Users/alex.jordan/orcca/generated-assets/webwork/webwork-representations.xml: origin is 'ptx'
INFO    : building representations of PTX-authored WeBWorK problem
INFO    : sending webwork-1109 to server to save in /Users/alex.jordan/orcca/generated-assets/webwork/webwork-representations.xml: origin is 'ptx'
INFO    : building representations of PTX-authored WeBWorK problem
INFO    : sending webwork-slope-from-coordinates-fraction-large to server to save in /Users/alex.jordan/orcca/generated-assets/webwork/webwork-representations.xml: origin is 'ptx'
INFO    : building representations of PTX-authored WeBWorK problem
INFO    : sending webwork-1111 to server to save in /Users/alex.jordan/orcca/generated-assets/webwork/webwork-representations.xml: origin is 'ptx'
INFO    : building representations of PTX-authored WeBWorK problem
INFO    : sending webwork-slope-from-fraction-coordinates to server to save in /Users/alex.jordan/orcca/generated-assets/webwork/webwork-representations.xml: origin is 'ptx'
INFO    : building representations of PTX-authored WeBWorK problem
INFO    : sending webwork-1113 to server to save in /Users/alex.jordan/orcca/generated-assets/webwork/webwork-representations.xml: origin is 'ptx'
INFO    : building representations of PTX-authored WeBWorK problem
INFO    : sending webwork-slope-from-graph-integer to server to save in /Users/alex.jordan/orcca/generated-assets/webwork/webwork-representations.xml: origin is 'ptx'
INFO    : saving image file webwork-slope-from-graph-integer-image-1.tgz (contents) in /Users/alex.jordan/orcca/generated-assets/webwork/images
INFO    : building representations of PTX-authored WeBWorK problem
INFO    : sending webwork-1115 to server to save in /Users/alex.jordan/orcca/generated-assets/webwork/webwork-representations.xml: origin is 'ptx'
INFO    : saving image file webwork-1115-image-1.tgz (contents) in /Users/alex.jordan/orcca/generated-assets/webwork/images
INFO    : building representations of PTX-authored WeBWorK problem
INFO    : sending webwork-slope-from-graph-fraction to server to save in /Users/alex.jordan/orcca/generated-assets/webwork/webwork-representations.xml: origin is 'ptx'
INFO    : saving image file webwork-slope-from-graph-fraction-image-1.tgz (contents) in /Users/alex.jordan/orcca/generated-assets/webwork/images
INFO    : building representations of PTX-authored WeBWorK problem
INFO    : sending webwork-1117 to server to save in /Users/alex.jordan/orcca/generated-assets/webwork/webwork-representations.xml: origin is 'ptx'
INFO    : saving image file webwork-1117-image-1.tgz (contents) in /Users/alex.jordan/orcca/generated-assets/webwork/images
INFO    : building representations of PTX-authored WeBWorK problem
INFO    : sending webwork-slope-from-graph-fraction-neg-input to server to save in /Users/alex.jordan/orcca/generated-assets/webwork/webwork-representations.xml: origin is 'ptx'
INFO    : saving image file webwork-slope-from-graph-fraction-neg-input-image-1.tgz (contents) in /Users/alex.jordan/orcca/generated-assets/webwork/images
WARNING : /Users/alex.jordan/orcca/generated-assets/webwork/images/webwork-slope-from-graph-fraction-neg-input-image-1.tgz did not contain a .svg file
WARNING : /Users/alex.jordan/orcca/generated-assets/webwork/images/webwork-slope-from-graph-fraction-neg-input-image-1.tgz did not contain a .png file
INFO    : building representations of PTX-authored WeBWorK problem
INFO    : sending webwork-1119 to server to save in /Users/alex.jordan/orcca/generated-assets/webwork/webwork-representations.xml: origin is 'ptx'
INFO    : saving image file webwork-1119-image-1.tgz (contents) in /Users/alex.jordan/orcca/generated-assets/webwork/images
INFO    : building representations of PTX-authored WeBWorK problem
INFO    : sending webwork-slope-from-graph-zero to server to save in /Users/alex.jordan/orcca/generated-assets/webwork/webwork-representations.xml: origin is 'ptx'
INFO    : saving image file webwork-slope-from-graph-zero-image-1.tgz (contents) in /Users/alex.jordan/orcca/generated-assets/webwork/images
INFO    : building representations of PTX-authored WeBWorK problem
INFO    : sending webwork-1121 to server to save in /Users/alex.jordan/orcca/generated-assets/webwork/webwork-representations.xml: origin is 'ptx'
INFO    : saving image file webwork-1121-image-1.tgz (contents) in /Users/alex.jordan/orcca/generated-assets/webwork/images
INFO    : building representations of PTX-authored WeBWorK problem
INFO    : sending webwork-slope-from-graph-labeled-points to server to save in /Users/alex.jordan/orcca/generated-assets/webwork/webwork-representations.xml: origin is 'ptx'
INFO    : saving image file webwork-slope-from-graph-labeled-points-image-1.tgz (contents) in /Users/alex.jordan/orcca/generated-assets/webwork/images
INFO    : building representations of PTX-authored WeBWorK problem
INFO    : sending webwork-1123 to server to save in /Users/alex.jordan/orcca/generated-assets/webwork/webwork-representations.xml: origin is 'ptx'
INFO    : saving image file webwork-1123-image-1.tgz (contents) in /Users/alex.jordan/orcca/generated-assets/webwork/images
INFO    : building representations of PTX-authored WeBWorK problem
INFO    : sending webwork-slope-from-graph-labeled-points-decimal to server to save in /Users/alex.jordan/orcca/generated-assets/webwork/webwork-representations.xml: origin is 'ptx'
INFO    : saving image file webwork-slope-from-graph-labeled-points-decimal-image-1.tgz (contents) in /Users/alex.jordan/orcca/generated-assets/webwork/images
INFO    : building representations of PTX-authored WeBWorK problem
INFO    : sending webwork-1125 to server to save in /Users/alex.jordan/orcca/generated-assets/webwork/webwork-representations.xml: origin is 'ptx'
INFO    : saving image file webwork-1125-image-1.tgz (contents) in /Users/alex.jordan/orcca/generated-assets/webwork/images
INFO    : building representations of PTX-authored WeBWorK problem
INFO    : sending webwork-find-the-steepest to server to save in /Users/alex.jordan/orcca/generated-assets/webwork/webwork-representations.xml: origin is 'ptx'
INFO    : building representations of PTX-authored WeBWorK problem
INFO    : sending webwork-1127 to server to save in /Users/alex.jordan/orcca/generated-assets/webwork/webwork-representations.xml: origin is 'ptx'
INFO    : building representations of PTX-authored WeBWorK problem
INFO    : sending webwork-find-the-steepest-large to server to save in /Users/alex.jordan/orcca/generated-assets/webwork/webwork-representations.xml: origin is 'ptx'
INFO    : building representations of PTX-authored WeBWorK problem
INFO    : sending webwork-1129 to server to save in /Users/alex.jordan/orcca/generated-assets/webwork/webwork-representations.xml: origin is 'ptx'
INFO    : building representations of PTX-authored WeBWorK problem
INFO    : sending webwork-find-the-steepest-decimal to server to save in /Users/alex.jordan/orcca/generated-assets/webwork/webwork-representations.xml: origin is 'ptx'
INFO    : building representations of PTX-authored WeBWorK problem
INFO    : sending webwork-1131 to server to save in /Users/alex.jordan/orcca/generated-assets/webwork/webwork-representations.xml: origin is 'ptx'
INFO    : building representations of PTX-authored WeBWorK problem
INFO    : sending webwork-plot-slope to server to save in /Users/alex.jordan/orcca/generated-assets/webwork/webwork-representations.xml: origin is 'ptx'
INFO    : building representations of PTX-authored WeBWorK problem
INFO    : sending webwork-1133 to server to save in /Users/alex.jordan/orcca/generated-assets/webwork/webwork-representations.xml: origin is 'ptx'
INFO    : building representations of PTX-authored WeBWorK problem
INFO    : sending webwork-plot-slope-negative to server to save in /Users/alex.jordan/orcca/generated-assets/webwork/webwork-representations.xml: origin is 'ptx'
INFO    : building representations of PTX-authored WeBWorK problem
INFO    : sending webwork-1135 to server to save in /Users/alex.jordan/orcca/generated-assets/webwork/webwork-representations.xml: origin is 'ptx'
INFO    : building representations of PTX-authored WeBWorK problem
INFO    : sending webwork-plot-slopes to server to save in /Users/alex.jordan/orcca/generated-assets/webwork/webwork-representations.xml: origin is 'ptx'
INFO    : building representations of PTX-authored WeBWorK problem
INFO    : sending webwork-1137 to server to save in /Users/alex.jordan/orcca/generated-assets/webwork/webwork-representations.xml: origin is 'ptx'
INFO    : building representations of PTX-authored WeBWorK problem
INFO    : sending webwork-1138 to server to save in /Users/alex.jordan/orcca/generated-assets/webwork/webwork-representations.xml: origin is 'ptx'
INFO    : saving image file webwork-1138-image-1.tgz (contents) in /Users/alex.jordan/orcca/generated-assets/webwork/images
INFO    : building representations of PTX-authored WeBWorK problem
INFO    : sending webwork-1139 to server to save in /Users/alex.jordan/orcca/generated-assets/webwork/webwork-representations.xml: origin is 'ptx'
INFO    : saving image file webwork-1139-image-1.tgz (contents) in /Users/alex.jordan/orcca/generated-assets/webwork/images
INFO    : building representations of PTX-authored WeBWorK problem
INFO    : sending webwork-1140 to server to save in /Users/alex.jordan/orcca/generated-assets/webwork/webwork-representations.xml: origin is 'ptx'
INFO    : building representations of PTX-authored WeBWorK problem
INFO    : sending webwork-1141 to server to save in /Users/alex.jordan/orcca/generated-assets/webwork/webwork-representations.xml: origin is 'ptx'
INFO    : saving image file webwork-1141-image-1.tgz (contents) in /Users/alex.jordan/orcca/generated-assets/webwork/images
INFO    : building representations of PTX-authored WeBWorK problem
INFO    : sending webwork-1142 to server to save in /Users/alex.jordan/orcca/generated-assets/webwork/webwork-representations.xml: origin is 'ptx'
INFO    : building representations of PTX-authored WeBWorK problem
INFO    : sending webwork-1143 to server to save in /Users/alex.jordan/orcca/generated-assets/webwork/webwork-representations.xml: origin is 'ptx'
INFO    : building representations of PTX-authored WeBWorK problem
INFO    : sending webwork-1144 to server to save in /Users/alex.jordan/orcca/generated-assets/webwork/webwork-representations.xml: origin is 'ptx'
INFO    : building representations of PTX-authored WeBWorK problem
INFO    : sending webwork-1145 to server to save in /Users/alex.jordan/orcca/generated-assets/webwork/webwork-representations.xml: origin is 'ptx'
INFO    : building representations of PTX-authored WeBWorK problem
INFO    : sending webwork-1146 to server to save in /Users/alex.jordan/orcca/generated-assets/webwork/webwork-representations.xml: origin is 'ptx'
INFO    : saving image file webwork-1146-image-1.tgz (contents) in /Users/alex.jordan/orcca/generated-assets/webwork/images
INFO    : building representations of PTX-authored WeBWorK problem
INFO    : sending webwork-1147 to server to save in /Users/alex.jordan/orcca/generated-assets/webwork/webwork-representations.xml: origin is 'ptx'
INFO    : saving image file webwork-1147-image-1.tgz (contents) in /Users/alex.jordan/orcca/generated-assets/webwork/images
INFO    : saving image file webwork-1147-image-2.tgz (contents) in /Users/alex.jordan/orcca/generated-assets/webwork/images
INFO    : building representations of PTX-authored WeBWorK problem
INFO    : sending webwork-1148 to server to save in /Users/alex.jordan/orcca/generated-assets/webwork/webwork-representations.xml: origin is 'ptx'
INFO    : saving image file webwork-1148-image-1.tgz (contents) in /Users/alex.jordan/orcca/generated-assets/webwork/images
INFO    : saving image file webwork-1148-image-2.tgz (contents) in /Users/alex.jordan/orcca/generated-assets/webwork/images
INFO    : building representations of PTX-authored WeBWorK problem
INFO    : sending webwork-1149 to server to save in /Users/alex.jordan/orcca/generated-assets/webwork/webwork-representations.xml: origin is 'ptx'
INFO    : building representations of PTX-authored WeBWorK problem
INFO    : sending webwork-1150 to server to save in /Users/alex.jordan/orcca/generated-assets/webwork/webwork-representations.xml: origin is 'ptx'
INFO    : building representations of PTX-authored WeBWorK problem
INFO    : sending webwork-1151 to server to save in /Users/alex.jordan/orcca/generated-assets/webwork/webwork-representations.xml: origin is 'ptx'
INFO    : building representations of PTX-authored WeBWorK problem
INFO    : sending webwork-identify-slope-and-intercept-pos-int to server to save in /Users/alex.jordan/orcca/generated-assets/webwork/webwork-representations.xml: origin is 'ptx'
INFO    : building representations of PTX-authored WeBWorK problem
INFO    : sending webwork-1153 to server to save in /Users/alex.jordan/orcca/generated-assets/webwork/webwork-representations.xml: origin is 'ptx'
INFO    : building representations of PTX-authored WeBWorK problem
INFO    : sending webwork-identify-slope-and-intercept-neg-int to server to save in /Users/alex.jordan/orcca/generated-assets/webwork/webwork-representations.xml: origin is 'ptx'
INFO    : building representations of PTX-authored WeBWorK problem
INFO    : sending webwork-1155 to server to save in /Users/alex.jordan/orcca/generated-assets/webwork/webwork-representations.xml: origin is 'ptx'
INFO    : building representations of PTX-authored WeBWorK problem
INFO    : sending webwork-identify-slope-and-intercept-slope-one to server to save in /Users/alex.jordan/orcca/generated-assets/webwork/webwork-representations.xml: origin is 'ptx'
INFO    : building representations of PTX-authored WeBWorK problem
INFO    : sending webwork-1157 to server to save in /Users/alex.jordan/orcca/generated-assets/webwork/webwork-representations.xml: origin is 'ptx'
INFO    : building representations of PTX-authored WeBWorK problem
INFO    : sending webwork-identify-slope-and-intercept-slope-neg-one to server to save in /Users/alex.jordan/orcca/generated-assets/webwork/webwork-representations.xml: origin is 'ptx'
INFO    : building representations of PTX-authored WeBWorK problem
INFO    : sending webwork-1159 to server to save in /Users/alex.jordan/orcca/generated-assets/webwork/webwork-representations.xml: origin is 'ptx'
INFO    : building representations of PTX-authored WeBWorK problem
INFO    : sending webwork-identify-slope-and-intercept-pos-frac to server to save in /Users/alex.jordan/orcca/generated-assets/webwork/webwork-representations.xml: origin is 'ptx'
INFO    : building representations of PTX-authored WeBWorK problem
INFO    : sending webwork-1161 to server to save in /Users/alex.jordan/orcca/generated-assets/webwork/webwork-representations.xml: origin is 'ptx'
INFO    : building representations of PTX-authored WeBWorK problem
INFO    : sending webwork-identify-slope-and-intercept-pos-dec to server to save in /Users/alex.jordan/orcca/generated-assets/webwork/webwork-representations.xml: origin is 'ptx'
INFO    : building representations of PTX-authored WeBWorK problem
INFO    : sending webwork-1163 to server to save in /Users/alex.jordan/orcca/generated-assets/webwork/webwork-representations.xml: origin is 'ptx'
INFO    : building representations of PTX-authored WeBWorK problem
INFO    : sending webwork-identify-slope-and-intercept-pos-int-reverse to server to save in /Users/alex.jordan/orcca/generated-assets/webwork/webwork-representations.xml: origin is 'ptx'
INFO    : building representations of PTX-authored WeBWorK problem
INFO    : sending webwork-1165 to server to save in /Users/alex.jordan/orcca/generated-assets/webwork/webwork-representations.xml: origin is 'ptx'
INFO    : building representations of PTX-authored WeBWorK problem
INFO    : sending webwork-identify-slope-and-intercept-neg-int-reverse to server to save in /Users/alex.jordan/orcca/generated-assets/webwork/webwork-representations.xml: origin is 'ptx'
INFO    : building representations of PTX-authored WeBWorK problem
INFO    : sending webwork-1167 to server to save in /Users/alex.jordan/orcca/generated-assets/webwork/webwork-representations.xml: origin is 'ptx'
INFO    : building representations of PTX-authored WeBWorK problem
INFO    : sending webwork-slope-intercept-from-graph-pos-int to server to save in /Users/alex.jordan/orcca/generated-assets/webwork/webwork-representations.xml: origin is 'ptx'
INFO    : saving image file webwork-slope-intercept-from-graph-pos-int-image-1.tgz (contents) in /Users/alex.jordan/orcca/generated-assets/webwork/images
INFO    : building representations of PTX-authored WeBWorK problem
INFO    : sending webwork-1169 to server to save in /Users/alex.jordan/orcca/generated-assets/webwork/webwork-representations.xml: origin is 'ptx'
INFO    : saving image file webwork-1169-image-1.tgz (contents) in /Users/alex.jordan/orcca/generated-assets/webwork/images
INFO    : building representations of PTX-authored WeBWorK problem
INFO    : sending webwork-slope-intercept-from-graph-pos-reciprocal to server to save in /Users/alex.jordan/orcca/generated-assets/webwork/webwork-representations.xml: origin is 'ptx'
INFO    : saving image file webwork-slope-intercept-from-graph-pos-reciprocal-image-1.tgz (contents) in /Users/alex.jordan/orcca/generated-assets/webwork/images
INFO    : building representations of PTX-authored WeBWorK problem
INFO    : sending webwork-1171 to server to save in /Users/alex.jordan/orcca/generated-assets/webwork/webwork-representations.xml: origin is 'ptx'
INFO    : saving image file webwork-1171-image-1.tgz (contents) in /Users/alex.jordan/orcca/generated-assets/webwork/images
INFO    : building representations of PTX-authored WeBWorK problem
INFO    : sending webwork-slope-intercept-from-graph-pos-one to server to save in /Users/alex.jordan/orcca/generated-assets/webwork/webwork-representations.xml: origin is 'ptx'
INFO    : saving image file webwork-slope-intercept-from-graph-pos-one-image-1.tgz (contents) in /Users/alex.jordan/orcca/generated-assets/webwork/images
INFO    : building representations of PTX-authored WeBWorK problem
INFO    : sending webwork-1173 to server to save in /Users/alex.jordan/orcca/generated-assets/webwork/webwork-representations.xml: origin is 'ptx'
INFO    : saving image file webwork-1173-image-1.tgz (contents) in /Users/alex.jordan/orcca/generated-assets/webwork/images
INFO    : building representations of PTX-authored WeBWorK problem
INFO    : sending webwork-slope-intercept-from-graph-neg-one to server to save in /Users/alex.jordan/orcca/generated-assets/webwork/webwork-representations.xml: origin is 'ptx'
INFO    : saving image file webwork-slope-intercept-from-graph-neg-one-image-1.tgz (contents) in /Users/alex.jordan/orcca/generated-assets/webwork/images
INFO    : building representations of PTX-authored WeBWorK problem
INFO    : sending webwork-1175 to server to save in /Users/alex.jordan/orcca/generated-assets/webwork/webwork-representations.xml: origin is 'ptx'
INFO    : saving image file webwork-1175-image-1.tgz (contents) in /Users/alex.jordan/orcca/generated-assets/webwork/images
INFO    : building representations of PTX-authored WeBWorK problem
INFO    : sending webwork-slope-intercept-from-graph-neg-frac to server to save in /Users/alex.jordan/orcca/generated-assets/webwork/webwork-representations.xml: origin is 'ptx'
INFO    : saving image file webwork-slope-intercept-from-graph-neg-frac-image-1.tgz (contents) in /Users/alex.jordan/orcca/generated-assets/webwork/images
INFO    : building representations of PTX-authored WeBWorK problem
INFO    : sending webwork-1177 to server to save in /Users/alex.jordan/orcca/generated-assets/webwork/webwork-representations.xml: origin is 'ptx'
INFO    : saving image file webwork-1177-image-1.tgz (contents) in /Users/alex.jordan/orcca/generated-assets/webwork/images
INFO    : building representations of PTX-authored WeBWorK problem
INFO    : sending webwork-slope-intercept-from-graph-origin to server to save in /Users/alex.jordan/orcca/generated-assets/webwork/webwork-representations.xml: origin is 'ptx'
INFO    : saving image file webwork-slope-intercept-from-graph-origin-image-1.tgz (contents) in /Users/alex.jordan/orcca/generated-assets/webwork/images
INFO    : building representations of PTX-authored WeBWorK problem
INFO    : sending webwork-1179 to server to save in /Users/alex.jordan/orcca/generated-assets/webwork/webwork-representations.xml: origin is 'ptx'
INFO    : saving image file webwork-1179-image-1.tgz (contents) in /Users/alex.jordan/orcca/generated-assets/webwork/images
INFO    : building representations of PTX-authored WeBWorK problem
INFO    : sending webwork-plot-slope-intercept-pos-int to server to save in /Users/alex.jordan/orcca/generated-assets/webwork/webwork-representations.xml: origin is 'ptx'
INFO    : building representations of PTX-authored WeBWorK problem
INFO    : sending webwork-1181 to server to save in /Users/alex.jordan/orcca/generated-assets/webwork/webwork-representations.xml: origin is 'ptx'
INFO    : building representations of PTX-authored WeBWorK problem
INFO    : sending webwork-plot-slope-intercept-neg-int to server to save in /Users/alex.jordan/orcca/generated-assets/webwork/webwork-representations.xml: origin is 'ptx'
INFO    : building representations of PTX-authored WeBWorK problem
INFO    : sending webwork-1183 to server to save in /Users/alex.jordan/orcca/generated-assets/webwork/webwork-representations.xml: origin is 'ptx'
INFO    : building representations of PTX-authored WeBWorK problem
INFO    : sending webwork-plot-slope-intercept-neg-reciprocal to server to save in /Users/alex.jordan/orcca/generated-assets/webwork/webwork-representations.xml: origin is 'ptx'
INFO    : building representations of PTX-authored WeBWorK problem
INFO    : sending webwork-1185 to server to save in /Users/alex.jordan/orcca/generated-assets/webwork/webwork-representations.xml: origin is 'ptx'
INFO    : building representations of PTX-authored WeBWorK problem
INFO    : sending webwork-plot-slope-intercept-pos-reciprocal to server to save in /Users/alex.jordan/orcca/generated-assets/webwork/webwork-representations.xml: origin is 'ptx'
INFO    : building representations of PTX-authored WeBWorK problem
INFO    : sending webwork-1187 to server to save in /Users/alex.jordan/orcca/generated-assets/webwork/webwork-representations.xml: origin is 'ptx'
INFO    : building representations of PTX-authored WeBWorK problem
INFO    : sending webwork-plot-slope-intercept-pos-through-origin to server to save in /Users/alex.jordan/orcca/generated-assets/webwork/webwork-representations.xml: origin is 'ptx'
INFO    : building representations of PTX-authored WeBWorK problem
INFO    : sending webwork-1189 to server to save in /Users/alex.jordan/orcca/generated-assets/webwork/webwork-representations.xml: origin is 'ptx'
INFO    : building representations of PTX-authored WeBWorK problem
INFO    : sending webwork-plot-slope-intercept-pos-frac to server to save in /Users/alex.jordan/orcca/generated-assets/webwork/webwork-representations.xml: origin is 'ptx'
INFO    : building representations of PTX-authored WeBWorK problem
INFO    : sending webwork-1191 to server to save in /Users/alex.jordan/orcca/generated-assets/webwork/webwork-representations.xml: origin is 'ptx'
INFO    : building representations of PTX-authored WeBWorK problem
INFO    : sending webwork-plot-slope-intercept-one to server to save in /Users/alex.jordan/orcca/generated-assets/webwork/webwork-representations.xml: origin is 'ptx'
INFO    : building representations of PTX-authored WeBWorK problem
INFO    : sending webwork-1193 to server to save in /Users/alex.jordan/orcca/generated-assets/webwork/webwork-representations.xml: origin is 'ptx'
INFO    : building representations of PTX-authored WeBWorK problem
INFO    : sending webwork-plot-slope-intercept-neg-one to server to save in /Users/alex.jordan/orcca/generated-assets/webwork/webwork-representations.xml: origin is 'ptx'
INFO    : building representations of PTX-authored WeBWorK problem
INFO    : sending webwork-1195 to server to save in /Users/alex.jordan/orcca/generated-assets/webwork/webwork-representations.xml: origin is 'ptx'
INFO    : building representations of PTX-authored WeBWorK problem
INFO    : sending webwork-plot-slope-intercept-neg-frac to server to save in /Users/alex.jordan/orcca/generated-assets/webwork/webwork-representations.xml: origin is 'ptx'
INFO    : building representations of PTX-authored WeBWorK problem
INFO    : sending webwork-1197 to server to save in /Users/alex.jordan/orcca/generated-assets/webwork/webwork-representations.xml: origin is 'ptx'
INFO    : building representations of PTX-authored WeBWorK problem
INFO    : sending webwork-plot-slope-intercept-decimal to server to save in /Users/alex.jordan/orcca/generated-assets/webwork/webwork-representations.xml: origin is 'ptx'
INFO    : building representations of PTX-authored WeBWorK problem
INFO    : sending webwork-1199 to server to save in /Users/alex.jordan/orcca/generated-assets/webwork/webwork-representations.xml: origin is 'ptx'
INFO    : building representations of PTX-authored WeBWorK problem
INFO    : sending webwork-find-slope-intercept-from-points-pos-int to server to save in /Users/alex.jordan/orcca/generated-assets/webwork/webwork-representations.xml: origin is 'ptx'
INFO    : building representations of PTX-authored WeBWorK problem
INFO    : sending webwork-1201 to server to save in /Users/alex.jordan/orcca/generated-assets/webwork/webwork-representations.xml: origin is 'ptx'
INFO    : building representations of PTX-authored WeBWorK problem
INFO    : sending webwork-find-slope-intercept-from-points-neg-int to server to save in /Users/alex.jordan/orcca/generated-assets/webwork/webwork-representations.xml: origin is 'ptx'
INFO    : building representations of PTX-authored WeBWorK problem
INFO    : sending webwork-1203 to server to save in /Users/alex.jordan/orcca/generated-assets/webwork/webwork-representations.xml: origin is 'ptx'
INFO    : building representations of PTX-authored WeBWorK problem
INFO    : sending webwork-find-slope-intercept-from-points-pos-int-neg-x to server to save in /Users/alex.jordan/orcca/generated-assets/webwork/webwork-representations.xml: origin is 'ptx'
INFO    : building representations of PTX-authored WeBWorK problem
INFO    : sending webwork-1205 to server to save in /Users/alex.jordan/orcca/generated-assets/webwork/webwork-representations.xml: origin is 'ptx'
INFO    : building representations of PTX-authored WeBWorK problem
INFO    : sending webwork-find-slope-intercept-from-points-pos-frac to server to save in /Users/alex.jordan/orcca/generated-assets/webwork/webwork-representations.xml: origin is 'ptx'
INFO    : building representations of PTX-authored WeBWorK problem
INFO    : sending webwork-1207 to server to save in /Users/alex.jordan/orcca/generated-assets/webwork/webwork-representations.xml: origin is 'ptx'
INFO    : building representations of PTX-authored WeBWorK problem
INFO    : sending webwork-find-slope-intercept-from-points-neg-frac to server to save in /Users/alex.jordan/orcca/generated-assets/webwork/webwork-representations.xml: origin is 'ptx'
INFO    : building representations of PTX-authored WeBWorK problem
INFO    : sending webwork-1209 to server to save in /Users/alex.jordan/orcca/generated-assets/webwork/webwork-representations.xml: origin is 'ptx'
INFO    : building representations of PTX-authored WeBWorK problem
INFO    : sending webwork-find-slope-intercept-from-points-big to server to save in /Users/alex.jordan/orcca/generated-assets/webwork/webwork-representations.xml: origin is 'ptx'
INFO    : building representations of PTX-authored WeBWorK problem
INFO    : sending webwork-1211 to server to save in /Users/alex.jordan/orcca/generated-assets/webwork/webwork-representations.xml: origin is 'ptx'
INFO    : building representations of PTX-authored WeBWorK problem
INFO    : sending webwork-find-slope-intercept-from-points-decimal to server to save in /Users/alex.jordan/orcca/generated-assets/webwork/webwork-representations.xml: origin is 'ptx'
INFO    : building representations of PTX-authored WeBWorK problem
INFO    : sending webwork-1213 to server to save in /Users/alex.jordan/orcca/generated-assets/webwork/webwork-representations.xml: origin is 'ptx'
INFO    : building representations of server-based WeBWorK problem
INFO    : sending webwork-1214 to server to save in /Users/alex.jordan/orcca/generated-assets/webwork/webwork-representations.xml: origin is 'server'
INFO    : building representations of server-based WeBWorK problem
INFO    : sending webwork-1215 to server to save in /Users/alex.jordan/orcca/generated-assets/webwork/webwork-representations.xml: origin is 'server'
INFO    : building representations of server-based WeBWorK problem
INFO    : sending webwork-1216 to server to save in /Users/alex.jordan/orcca/generated-assets/webwork/webwork-representations.xml: origin is 'server'
INFO    : building representations of server-based WeBWorK problem
INFO    : sending webwork-1217 to server to save in /Users/alex.jordan/orcca/generated-assets/webwork/webwork-representations.xml: origin is 'server'
INFO    : building representations of server-based WeBWorK problem
INFO    : sending webwork-1218 to server to save in /Users/alex.jordan/orcca/generated-assets/webwork/webwork-representations.xml: origin is 'server'
INFO    : building representations of server-based WeBWorK problem
INFO    : sending webwork-1219 to server to save in /Users/alex.jordan/orcca/generated-assets/webwork/webwork-representations.xml: origin is 'server'
INFO    : building representations of server-based WeBWorK problem
INFO    : sending webwork-1220 to server to save in /Users/alex.jordan/orcca/generated-assets/webwork/webwork-representations.xml: origin is 'server'
INFO    : building representations of server-based WeBWorK problem
INFO    : sending webwork-1221 to server to save in /Users/alex.jordan/orcca/generated-assets/webwork/webwork-representations.xml: origin is 'server'
INFO    : building representations of server-based WeBWorK problem
INFO    : sending webwork-1222 to server to save in /Users/alex.jordan/orcca/generated-assets/webwork/webwork-representations.xml: origin is 'server'
INFO    : building representations of server-based WeBWorK problem
INFO    : sending webwork-1223 to server to save in /Users/alex.jordan/orcca/generated-assets/webwork/webwork-representations.xml: origin is 'server'
INFO    : building representations of server-based WeBWorK problem
INFO    : sending webwork-1224 to server to save in /Users/alex.jordan/orcca/generated-assets/webwork/webwork-representations.xml: origin is 'server'
INFO    : building representations of server-based WeBWorK problem
INFO    : sending webwork-1225 to server to save in /Users/alex.jordan/orcca/generated-assets/webwork/webwork-representations.xml: origin is 'server'
INFO    : building representations of server-based WeBWorK problem
INFO    : sending webwork-1226 to server to save in /Users/alex.jordan/orcca/generated-assets/webwork/webwork-representations.xml: origin is 'server'
INFO    : building representations of server-based WeBWorK problem
INFO    : sending webwork-1227 to server to save in /Users/alex.jordan/orcca/generated-assets/webwork/webwork-representations.xml: origin is 'server'
INFO    : building representations of PTX-authored WeBWorK problem
INFO    : sending webwork-1228 to server to save in /Users/alex.jordan/orcca/generated-assets/webwork/webwork-representations.xml: origin is 'ptx'
INFO    : building representations of PTX-authored WeBWorK problem
INFO    : sending webwork-1229 to server to save in /Users/alex.jordan/orcca/generated-assets/webwork/webwork-representations.xml: origin is 'ptx'
INFO    : saving image file webwork-1229-image-1.tgz (contents) in /Users/alex.jordan/orcca/generated-assets/webwork/images
INFO    : building representations of PTX-authored WeBWorK problem
INFO    : sending webwork-1230 to server to save in /Users/alex.jordan/orcca/generated-assets/webwork/webwork-representations.xml: origin is 'ptx'
INFO    : saving image file webwork-1230-image-1.tgz (contents) in /Users/alex.jordan/orcca/generated-assets/webwork/images
INFO    : building representations of PTX-authored WeBWorK problem
INFO    : sending webwork-1231 to server to save in /Users/alex.jordan/orcca/generated-assets/webwork/webwork-representations.xml: origin is 'ptx'
INFO    : saving image file webwork-1231-image-1.tgz (contents) in /Users/alex.jordan/orcca/generated-assets/webwork/images
INFO    : building representations of PTX-authored WeBWorK problem
INFO    : sending webwork-1232 to server to save in /Users/alex.jordan/orcca/generated-assets/webwork/webwork-representations.xml: origin is 'ptx'
INFO    : building representations of PTX-authored WeBWorK problem
INFO    : sending webwork-identify-slope-and-point-pos-int to server to save in /Users/alex.jordan/orcca/generated-assets/webwork/webwork-representations.xml: origin is 'ptx'
INFO    : building representations of PTX-authored WeBWorK problem
INFO    : sending webwork-1234 to server to save in /Users/alex.jordan/orcca/generated-assets/webwork/webwork-representations.xml: origin is 'ptx'
INFO    : building representations of PTX-authored WeBWorK problem
INFO    : sending webwork-identify-slope-and-point-neg-h-int to server to save in /Users/alex.jordan/orcca/generated-assets/webwork/webwork-representations.xml: origin is 'ptx'
INFO    : building representations of PTX-authored WeBWorK problem
INFO    : sending webwork-1236 to server to save in /Users/alex.jordan/orcca/generated-assets/webwork/webwork-representations.xml: origin is 'ptx'
INFO    : building representations of PTX-authored WeBWorK problem
INFO    : sending webwork-identify-slope-and-point-neg-int to server to save in /Users/alex.jordan/orcca/generated-assets/webwork/webwork-representations.xml: origin is 'ptx'
INFO    : building representations of PTX-authored WeBWorK problem
INFO    : sending webwork-1238 to server to save in /Users/alex.jordan/orcca/generated-assets/webwork/webwork-representations.xml: origin is 'ptx'
INFO    : building representations of PTX-authored WeBWorK problem
INFO    : sending webwork-identify-slope-and-point-neg-k-int to server to save in /Users/alex.jordan/orcca/generated-assets/webwork/webwork-representations.xml: origin is 'ptx'
INFO    : building representations of PTX-authored WeBWorK problem
INFO    : sending webwork-1240 to server to save in /Users/alex.jordan/orcca/generated-assets/webwork/webwork-representations.xml: origin is 'ptx'
INFO    : building representations of PTX-authored WeBWorK problem
INFO    : sending webwork-write-point-slope-pos-int to server to save in /Users/alex.jordan/orcca/generated-assets/webwork/webwork-representations.xml: origin is 'ptx'
INFO    : building representations of PTX-authored WeBWorK problem
INFO    : sending webwork-1242 to server to save in /Users/alex.jordan/orcca/generated-assets/webwork/webwork-representations.xml: origin is 'ptx'
INFO    : building representations of PTX-authored WeBWorK problem
INFO    : sending webwork-write-point-slope-neg-int to server to save in /Users/alex.jordan/orcca/generated-assets/webwork/webwork-representations.xml: origin is 'ptx'
INFO    : building representations of PTX-authored WeBWorK problem
INFO    : sending webwork-1244 to server to save in /Users/alex.jordan/orcca/generated-assets/webwork/webwork-representations.xml: origin is 'ptx'
INFO    : building representations of PTX-authored WeBWorK problem
INFO    : sending webwork-write-point-slope-mixed-int-decimal-slope to server to save in /Users/alex.jordan/orcca/generated-assets/webwork/webwork-representations.xml: origin is 'ptx'
INFO    : building representations of PTX-authored WeBWorK problem
INFO    : sending webwork-1246 to server to save in /Users/alex.jordan/orcca/generated-assets/webwork/webwork-representations.xml: origin is 'ptx'
INFO    : building representations of PTX-authored WeBWorK problem
INFO    : sending webwork-find-point-slope-two-points-pos-int to server to save in /Users/alex.jordan/orcca/generated-assets/webwork/webwork-representations.xml: origin is 'ptx'
INFO    : building representations of PTX-authored WeBWorK problem
INFO    : sending webwork-1248 to server to save in /Users/alex.jordan/orcca/generated-assets/webwork/webwork-representations.xml: origin is 'ptx'
INFO    : building representations of PTX-authored WeBWorK problem
INFO    : sending webwork-find-point-slope-two-points-neg-int to server to save in /Users/alex.jordan/orcca/generated-assets/webwork/webwork-representations.xml: origin is 'ptx'
INFO    : building representations of PTX-authored WeBWorK problem
INFO    : sending webwork-1250 to server to save in /Users/alex.jordan/orcca/generated-assets/webwork/webwork-representations.xml: origin is 'ptx'
INFO    : building representations of PTX-authored WeBWorK problem
INFO    : sending webwork-find-point-slope-two-points-neg-frac to server to save in /Users/alex.jordan/orcca/generated-assets/webwork/webwork-representations.xml: origin is 'ptx'
INFO    : building representations of PTX-authored WeBWorK problem
INFO    : sending webwork-1252 to server to save in /Users/alex.jordan/orcca/generated-assets/webwork/webwork-representations.xml: origin is 'ptx'
INFO    : building representations of PTX-authored WeBWorK problem
INFO    : sending webwork-find-point-slope-two-points-pos-frac to server to save in /Users/alex.jordan/orcca/generated-assets/webwork/webwork-representations.xml: origin is 'ptx'
INFO    : building representations of PTX-authored WeBWorK problem
INFO    : sending webwork-1254 to server to save in /Users/alex.jordan/orcca/generated-assets/webwork/webwork-representations.xml: origin is 'ptx'
INFO    : building representations of PTX-authored WeBWorK problem
INFO    : sending webwork-convert-point-slope-to-slope-intercept-pos-int to server to save in /Users/alex.jordan/orcca/generated-assets/webwork/webwork-representations.xml: origin is 'ptx'
INFO    : building representations of PTX-authored WeBWorK problem
INFO    : sending webwork-1256 to server to save in /Users/alex.jordan/orcca/generated-assets/webwork/webwork-representations.xml: origin is 'ptx'
INFO    : building representations of PTX-authored WeBWorK problem
INFO    : sending webwork-convert-point-slope-to-slope-intercept-neg-int to server to save in /Users/alex.jordan/orcca/generated-assets/webwork/webwork-representations.xml: origin is 'ptx'
INFO    : building representations of PTX-authored WeBWorK problem
INFO    : sending webwork-1258 to server to save in /Users/alex.jordan/orcca/generated-assets/webwork/webwork-representations.xml: origin is 'ptx'
INFO    : building representations of PTX-authored WeBWorK problem
INFO    : sending webwork-convert-point-slope-to-slope-intercept-pos-frac to server to save in /Users/alex.jordan/orcca/generated-assets/webwork/webwork-representations.xml: origin is 'ptx'
INFO    : building representations of PTX-authored WeBWorK problem
INFO    : sending webwork-1260 to server to save in /Users/alex.jordan/orcca/generated-assets/webwork/webwork-representations.xml: origin is 'ptx'
INFO    : building representations of PTX-authored WeBWorK problem
INFO    : sending webwork-convert-point-slope-to-slope-intercept-decimal to server to save in /Users/alex.jordan/orcca/generated-assets/webwork/webwork-representations.xml: origin is 'ptx'
INFO    : building representations of PTX-authored WeBWorK problem
INFO    : sending webwork-1262 to server to save in /Users/alex.jordan/orcca/generated-assets/webwork/webwork-representations.xml: origin is 'ptx'
INFO    : building representations of PTX-authored WeBWorK problem
INFO    : sending webwork-determine-point-slope-form-from-graph to server to save in /Users/alex.jordan/orcca/generated-assets/webwork/webwork-representations.xml: origin is 'ptx'
INFO    : saving image file webwork-determine-point-slope-form-from-graph-image-1.tgz (contents) in /Users/alex.jordan/orcca/generated-assets/webwork/images
INFO    : building representations of PTX-authored WeBWorK problem
INFO    : sending webwork-1264 to server to save in /Users/alex.jordan/orcca/generated-assets/webwork/webwork-representations.xml: origin is 'ptx'
INFO    : saving image file webwork-1264-image-1.tgz (contents) in /Users/alex.jordan/orcca/generated-assets/webwork/images
INFO    : building representations of PTX-authored WeBWorK problem
INFO    : sending webwork-determine-point-slope-form-from-graph-neg to server to save in /Users/alex.jordan/orcca/generated-assets/webwork/webwork-representations.xml: origin is 'ptx'
INFO    : saving image file webwork-determine-point-slope-form-from-graph-neg-image-1.tgz (contents) in /Users/alex.jordan/orcca/generated-assets/webwork/images
INFO    : building representations of PTX-authored WeBWorK problem
INFO    : sending webwork-1266 to server to save in /Users/alex.jordan/orcca/generated-assets/webwork/webwork-representations.xml: origin is 'ptx'
INFO    : saving image file webwork-1266-image-1.tgz (contents) in /Users/alex.jordan/orcca/generated-assets/webwork/images
INFO    : building representations of PTX-authored WeBWorK problem
INFO    : sending webwork-determine-point-slope-form-from-graph-q1-large-y to server to save in /Users/alex.jordan/orcca/generated-assets/webwork/webwork-representations.xml: origin is 'ptx'
INFO    : saving image file webwork-determine-point-slope-form-from-graph-q1-large-y-image-1.tgz (contents) in /Users/alex.jordan/orcca/generated-assets/webwork/images
INFO    : building representations of PTX-authored WeBWorK problem
INFO    : sending webwork-1268 to server to save in /Users/alex.jordan/orcca/generated-assets/webwork/webwork-representations.xml: origin is 'ptx'
INFO    : saving image file webwork-1268-image-1.tgz (contents) in /Users/alex.jordan/orcca/generated-assets/webwork/images
INFO    : building representations of PTX-authored WeBWorK problem
INFO    : sending webwork-determine-point-slope-form-from-graph-q1-large-y-precise to server to save in /Users/alex.jordan/orcca/generated-assets/webwork/webwork-representations.xml: origin is 'ptx'
INFO    : saving image file webwork-determine-point-slope-form-from-graph-q1-large-y-precise-image-1.tgz (contents) in /Users/alex.jordan/orcca/generated-assets/webwork/images
INFO    : building representations of PTX-authored WeBWorK problem
INFO    : sending webwork-1270 to server to save in /Users/alex.jordan/orcca/generated-assets/webwork/webwork-representations.xml: origin is 'ptx'
INFO    : saving image file webwork-1270-image-1.tgz (contents) in /Users/alex.jordan/orcca/generated-assets/webwork/images
INFO    : building representations of PTX-authored WeBWorK problem
INFO    : sending webwork-graph-point-slope-pos-int to server to save in /Users/alex.jordan/orcca/generated-assets/webwork/webwork-representations.xml: origin is 'ptx'
INFO    : building representations of PTX-authored WeBWorK problem
INFO    : sending webwork-1272 to server to save in /Users/alex.jordan/orcca/generated-assets/webwork/webwork-representations.xml: origin is 'ptx'
INFO    : building representations of PTX-authored WeBWorK problem
INFO    : sending webwork-graph-point-slope-pos-int-neg-k to server to save in /Users/alex.jordan/orcca/generated-assets/webwork/webwork-representations.xml: origin is 'ptx'
INFO    : building representations of PTX-authored WeBWorK problem
INFO    : sending webwork-1274 to server to save in /Users/alex.jordan/orcca/generated-assets/webwork/webwork-representations.xml: origin is 'ptx'
INFO    : building representations of PTX-authored WeBWorK problem
INFO    : sending webwork-graph-point-slope-pos-frac to server to save in /Users/alex.jordan/orcca/generated-assets/webwork/webwork-representations.xml: origin is 'ptx'
INFO    : building representations of PTX-authored WeBWorK problem
INFO    : sending webwork-1276 to server to save in /Users/alex.jordan/orcca/generated-assets/webwork/webwork-representations.xml: origin is 'ptx'
INFO    : building representations of PTX-authored WeBWorK problem
INFO    : sending webwork-graph-point-slope-neg-frac to server to save in /Users/alex.jordan/orcca/generated-assets/webwork/webwork-representations.xml: origin is 'ptx'
INFO    : building representations of PTX-authored WeBWorK problem
INFO    : sending webwork-1278 to server to save in /Users/alex.jordan/orcca/generated-assets/webwork/webwork-representations.xml: origin is 'ptx'
INFO    : building representations of PTX-authored WeBWorK problem
INFO    : sending webwork-graph-point-slope-decimal to server to save in /Users/alex.jordan/orcca/generated-assets/webwork/webwork-representations.xml: origin is 'ptx'
INFO    : building representations of PTX-authored WeBWorK problem
INFO    : sending webwork-1280 to server to save in /Users/alex.jordan/orcca/generated-assets/webwork/webwork-representations.xml: origin is 'ptx'
INFO    : building representations of server-based WeBWorK problem
INFO    : sending webwork-1281 to server to save in /Users/alex.jordan/orcca/generated-assets/webwork/webwork-representations.xml: origin is 'server'
INFO    : building representations of server-based WeBWorK problem
INFO    : sending webwork-1282 to server to save in /Users/alex.jordan/orcca/generated-assets/webwork/webwork-representations.xml: origin is 'server'
INFO    : building representations of server-based WeBWorK problem
INFO    : sending webwork-1283 to server to save in /Users/alex.jordan/orcca/generated-assets/webwork/webwork-representations.xml: origin is 'server'
INFO    : building representations of server-based WeBWorK problem
INFO    : sending webwork-1284 to server to save in /Users/alex.jordan/orcca/generated-assets/webwork/webwork-representations.xml: origin is 'server'
INFO    : building representations of server-based WeBWorK problem
INFO    : sending webwork-1285 to server to save in /Users/alex.jordan/orcca/generated-assets/webwork/webwork-representations.xml: origin is 'server'
INFO    : building representations of server-based WeBWorK problem
INFO    : sending webwork-1286 to server to save in /Users/alex.jordan/orcca/generated-assets/webwork/webwork-representations.xml: origin is 'server'
INFO    : building representations of server-based WeBWorK problem
INFO    : sending webwork-1287 to server to save in /Users/alex.jordan/orcca/generated-assets/webwork/webwork-representations.xml: origin is 'server'
INFO    : building representations of server-based WeBWorK problem
INFO    : sending webwork-1288 to server to save in /Users/alex.jordan/orcca/generated-assets/webwork/webwork-representations.xml: origin is 'server'
INFO    : building representations of PTX-authored WeBWorK problem
INFO    : sending webwork-1289 to server to save in /Users/alex.jordan/orcca/generated-assets/webwork/webwork-representations.xml: origin is 'ptx'
INFO    : building representations of PTX-authored WeBWorK problem
INFO    : sending webwork-1290 to server to save in /Users/alex.jordan/orcca/generated-assets/webwork/webwork-representations.xml: origin is 'ptx'
INFO    : building representations of PTX-authored WeBWorK problem
INFO    : sending webwork-1291 to server to save in /Users/alex.jordan/orcca/generated-assets/webwork/webwork-representations.xml: origin is 'ptx'
INFO    : building representations of PTX-authored WeBWorK problem
INFO    : sending webwork-1292 to server to save in /Users/alex.jordan/orcca/generated-assets/webwork/webwork-representations.xml: origin is 'ptx'
INFO    : building representations of PTX-authored WeBWorK problem
INFO    : sending webwork-1293 to server to save in /Users/alex.jordan/orcca/generated-assets/webwork/webwork-representations.xml: origin is 'ptx'
INFO    : building representations of PTX-authored WeBWorK problem
INFO    : sending webwork-1294 to server to save in /Users/alex.jordan/orcca/generated-assets/webwork/webwork-representations.xml: origin is 'ptx'
INFO    : building representations of PTX-authored WeBWorK problem
INFO    : sending webwork-1295 to server to save in /Users/alex.jordan/orcca/generated-assets/webwork/webwork-representations.xml: origin is 'ptx'
INFO    : building representations of PTX-authored WeBWorK problem
INFO    : sending webwork-1296 to server to save in /Users/alex.jordan/orcca/generated-assets/webwork/webwork-representations.xml: origin is 'ptx'
INFO    : building representations of server-based WeBWorK problem
INFO    : sending webwork-1297 to server to save in /Users/alex.jordan/orcca/generated-assets/webwork/webwork-representations.xml: origin is 'server'
INFO    : building representations of server-based WeBWorK problem
INFO    : sending webwork-1298 to server to save in /Users/alex.jordan/orcca/generated-assets/webwork/webwork-representations.xml: origin is 'server'
INFO    : building representations of server-based WeBWorK problem
INFO    : sending webwork-1299 to server to save in /Users/alex.jordan/orcca/generated-assets/webwork/webwork-representations.xml: origin is 'server'
INFO    : building representations of server-based WeBWorK problem
INFO    : sending webwork-1300 to server to save in /Users/alex.jordan/orcca/generated-assets/webwork/webwork-representations.xml: origin is 'server'
INFO    : building representations of server-based WeBWorK problem
INFO    : sending webwork-1301 to server to save in /Users/alex.jordan/orcca/generated-assets/webwork/webwork-representations.xml: origin is 'server'
INFO    : building representations of server-based WeBWorK problem
INFO    : sending webwork-1302 to server to save in /Users/alex.jordan/orcca/generated-assets/webwork/webwork-representations.xml: origin is 'server'
INFO    : building representations of server-based WeBWorK problem
INFO    : sending webwork-1303 to server to save in /Users/alex.jordan/orcca/generated-assets/webwork/webwork-representations.xml: origin is 'server'
INFO    : building representations of server-based WeBWorK problem
INFO    : sending webwork-1304 to server to save in /Users/alex.jordan/orcca/generated-assets/webwork/webwork-representations.xml: origin is 'server'
INFO    : building representations of server-based WeBWorK problem
INFO    : sending webwork-1305 to server to save in /Users/alex.jordan/orcca/generated-assets/webwork/webwork-representations.xml: origin is 'server'
INFO    : building representations of server-based WeBWorK problem
INFO    : sending webwork-1306 to server to save in /Users/alex.jordan/orcca/generated-assets/webwork/webwork-representations.xml: origin is 'server'
INFO    : building representations of server-based WeBWorK problem
INFO    : sending webwork-1307 to server to save in /Users/alex.jordan/orcca/generated-assets/webwork/webwork-representations.xml: origin is 'server'
INFO    : building representations of server-based WeBWorK problem
INFO    : sending webwork-1308 to server to save in /Users/alex.jordan/orcca/generated-assets/webwork/webwork-representations.xml: origin is 'server'
INFO    : building representations of PTX-authored WeBWorK problem
INFO    : sending webwork-write-slope-intercept-form-in-standard-form to server to save in /Users/alex.jordan/orcca/generated-assets/webwork/webwork-representations.xml: origin is 'ptx'
INFO    : building representations of PTX-authored WeBWorK problem
INFO    : sending webwork-1310 to server to save in /Users/alex.jordan/orcca/generated-assets/webwork/webwork-representations.xml: origin is 'ptx'
INFO    : building representations of PTX-authored WeBWorK problem
INFO    : sending webwork-1311 to server to save in /Users/alex.jordan/orcca/generated-assets/webwork/webwork-representations.xml: origin is 'ptx'
INFO    : building representations of PTX-authored WeBWorK problem
INFO    : sending webwork-1312 to server to save in /Users/alex.jordan/orcca/generated-assets/webwork/webwork-representations.xml: origin is 'ptx'
INFO    : building representations of server-based WeBWorK problem
INFO    : sending webwork-1313 to server to save in /Users/alex.jordan/orcca/generated-assets/webwork/webwork-representations.xml: origin is 'server'
INFO    : building representations of server-based WeBWorK problem
INFO    : sending webwork-1314 to server to save in /Users/alex.jordan/orcca/generated-assets/webwork/webwork-representations.xml: origin is 'server'
INFO    : building representations of server-based WeBWorK problem
INFO    : sending webwork-1315 to server to save in /Users/alex.jordan/orcca/generated-assets/webwork/webwork-representations.xml: origin is 'server'
INFO    : building representations of server-based WeBWorK problem
INFO    : sending webwork-1316 to server to save in /Users/alex.jordan/orcca/generated-assets/webwork/webwork-representations.xml: origin is 'server'
INFO    : building representations of server-based WeBWorK problem
INFO    : sending webwork-1317 to server to save in /Users/alex.jordan/orcca/generated-assets/webwork/webwork-representations.xml: origin is 'server'
INFO    : building representations of server-based WeBWorK problem
INFO    : sending webwork-1318 to server to save in /Users/alex.jordan/orcca/generated-assets/webwork/webwork-representations.xml: origin is 'server'
INFO    : building representations of server-based WeBWorK problem
INFO    : sending webwork-1319 to server to save in /Users/alex.jordan/orcca/generated-assets/webwork/webwork-representations.xml: origin is 'server'
INFO    : building representations of server-based WeBWorK problem
INFO    : sending webwork-1320 to server to save in /Users/alex.jordan/orcca/generated-assets/webwork/webwork-representations.xml: origin is 'server'
INFO    : building representations of server-based WeBWorK problem
INFO    : sending webwork-1321 to server to save in /Users/alex.jordan/orcca/generated-assets/webwork/webwork-representations.xml: origin is 'server'
INFO    : building representations of server-based WeBWorK problem
INFO    : sending webwork-1322 to server to save in /Users/alex.jordan/orcca/generated-assets/webwork/webwork-representations.xml: origin is 'server'
INFO    : building representations of PTX-authored WeBWorK problem
INFO    : sending webwork-1323 to server to save in /Users/alex.jordan/orcca/generated-assets/webwork/webwork-representations.xml: origin is 'ptx'
INFO    : building representations of PTX-authored WeBWorK problem
INFO    : sending webwork-1324 to server to save in /Users/alex.jordan/orcca/generated-assets/webwork/webwork-representations.xml: origin is 'ptx'
INFO    : saving image file webwork-1324-image-1.png  in /Users/alex.jordan/orcca/generated-assets/webwork/images
INFO    : building representations of PTX-authored WeBWorK problem
INFO    : sending webwork-1325 to server to save in /Users/alex.jordan/orcca/generated-assets/webwork/webwork-representations.xml: origin is 'ptx'
INFO    : saving image file webwork-1325-image-1.png  in /Users/alex.jordan/orcca/generated-assets/webwork/images
INFO    : building representations of PTX-authored WeBWorK problem
INFO    : sending webwork-1326 to server to save in /Users/alex.jordan/orcca/generated-assets/webwork/webwork-representations.xml: origin is 'ptx'
INFO    : building representations of PTX-authored WeBWorK problem
INFO    : sending webwork-1327 to server to save in /Users/alex.jordan/orcca/generated-assets/webwork/webwork-representations.xml: origin is 'ptx'
INFO    : building representations of PTX-authored WeBWorK problem
INFO    : sending webwork-1328 to server to save in /Users/alex.jordan/orcca/generated-assets/webwork/webwork-representations.xml: origin is 'ptx'
INFO    : building representations of server-based WeBWorK problem
INFO    : sending webwork-1329 to server to save in /Users/alex.jordan/orcca/generated-assets/webwork/webwork-representations.xml: origin is 'server'
INFO    : building representations of server-based WeBWorK problem
INFO    : sending webwork-1330 to server to save in /Users/alex.jordan/orcca/generated-assets/webwork/webwork-representations.xml: origin is 'server'
INFO    : building representations of server-based WeBWorK problem
INFO    : sending webwork-1331 to server to save in /Users/alex.jordan/orcca/generated-assets/webwork/webwork-representations.xml: origin is 'server'
INFO    : building representations of server-based WeBWorK problem
INFO    : sending webwork-1332 to server to save in /Users/alex.jordan/orcca/generated-assets/webwork/webwork-representations.xml: origin is 'server'
INFO    : building representations of server-based WeBWorK problem
INFO    : sending webwork-1333 to server to save in /Users/alex.jordan/orcca/generated-assets/webwork/webwork-representations.xml: origin is 'server'
INFO    : building representations of server-based WeBWorK problem
INFO    : sending webwork-1334 to server to save in /Users/alex.jordan/orcca/generated-assets/webwork/webwork-representations.xml: origin is 'server'
INFO    : building representations of server-based WeBWorK problem
INFO    : sending webwork-1335 to server to save in /Users/alex.jordan/orcca/generated-assets/webwork/webwork-representations.xml: origin is 'server'
INFO    : building representations of server-based WeBWorK problem
INFO    : sending webwork-1336 to server to save in /Users/alex.jordan/orcca/generated-assets/webwork/webwork-representations.xml: origin is 'server'
INFO    : building representations of server-based WeBWorK problem
INFO    : sending webwork-1337 to server to save in /Users/alex.jordan/orcca/generated-assets/webwork/webwork-representations.xml: origin is 'server'
INFO    : building representations of server-based WeBWorK problem
INFO    : sending webwork-1338 to server to save in /Users/alex.jordan/orcca/generated-assets/webwork/webwork-representations.xml: origin is 'server'
INFO    : building representations of server-based WeBWorK problem
INFO    : sending webwork-1339 to server to save in /Users/alex.jordan/orcca/generated-assets/webwork/webwork-representations.xml: origin is 'server'
INFO    : building representations of server-based WeBWorK problem
INFO    : sending webwork-1340 to server to save in /Users/alex.jordan/orcca/generated-assets/webwork/webwork-representations.xml: origin is 'server'
INFO    : building representations of server-based WeBWorK problem
INFO    : sending webwork-1341 to server to save in /Users/alex.jordan/orcca/generated-assets/webwork/webwork-representations.xml: origin is 'server'
INFO    : building representations of server-based WeBWorK problem
INFO    : sending webwork-1342 to server to save in /Users/alex.jordan/orcca/generated-assets/webwork/webwork-representations.xml: origin is 'server'
INFO    : building representations of server-based WeBWorK problem
INFO    : sending webwork-1343 to server to save in /Users/alex.jordan/orcca/generated-assets/webwork/webwork-representations.xml: origin is 'server'
INFO    : saving image file webwork-1343-image-1.png  in /Users/alex.jordan/orcca/generated-assets/webwork/images
INFO    : building representations of server-based WeBWorK problem
INFO    : sending webwork-1344 to server to save in /Users/alex.jordan/orcca/generated-assets/webwork/webwork-representations.xml: origin is 'server'
INFO    : saving image file webwork-1344-image-1.png  in /Users/alex.jordan/orcca/generated-assets/webwork/images
INFO    : building representations of server-based WeBWorK problem
INFO    : sending webwork-1345 to server to save in /Users/alex.jordan/orcca/generated-assets/webwork/webwork-representations.xml: origin is 'server'
INFO    : saving image file webwork-1345-image-1.png  in /Users/alex.jordan/orcca/generated-assets/webwork/images
INFO    : building representations of server-based WeBWorK problem
INFO    : sending webwork-1346 to server to save in /Users/alex.jordan/orcca/generated-assets/webwork/webwork-representations.xml: origin is 'server'
INFO    : saving image file webwork-1346-image-1.png  in /Users/alex.jordan/orcca/generated-assets/webwork/images
INFO    : building representations of server-based WeBWorK problem
INFO    : sending webwork-1347 to server to save in /Users/alex.jordan/orcca/generated-assets/webwork/webwork-representations.xml: origin is 'server'
INFO    : building representations of server-based WeBWorK problem
INFO    : sending webwork-1348 to server to save in /Users/alex.jordan/orcca/generated-assets/webwork/webwork-representations.xml: origin is 'server'
INFO    : building representations of server-based WeBWorK problem
INFO    : sending webwork-1349 to server to save in /Users/alex.jordan/orcca/generated-assets/webwork/webwork-representations.xml: origin is 'server'
INFO    : building representations of server-based WeBWorK problem
INFO    : sending webwork-1350 to server to save in /Users/alex.jordan/orcca/generated-assets/webwork/webwork-representations.xml: origin is 'server'
INFO    : building representations of server-based WeBWorK problem
INFO    : sending webwork-1351 to server to save in /Users/alex.jordan/orcca/generated-assets/webwork/webwork-representations.xml: origin is 'server'
INFO    : building representations of server-based WeBWorK problem
INFO    : sending webwork-1352 to server to save in /Users/alex.jordan/orcca/generated-assets/webwork/webwork-representations.xml: origin is 'server'
INFO    : building representations of server-based WeBWorK problem
INFO    : sending webwork-1353 to server to save in /Users/alex.jordan/orcca/generated-assets/webwork/webwork-representations.xml: origin is 'server'
INFO    : building representations of server-based WeBWorK problem
INFO    : sending webwork-1354 to server to save in /Users/alex.jordan/orcca/generated-assets/webwork/webwork-representations.xml: origin is 'server'
INFO    : building representations of server-based WeBWorK problem
INFO    : sending webwork-1355 to server to save in /Users/alex.jordan/orcca/generated-assets/webwork/webwork-representations.xml: origin is 'server'
INFO    : building representations of server-based WeBWorK problem
INFO    : sending webwork-1356 to server to save in /Users/alex.jordan/orcca/generated-assets/webwork/webwork-representations.xml: origin is 'server'
INFO    : building representations of server-based WeBWorK problem
INFO    : sending webwork-1357 to server to save in /Users/alex.jordan/orcca/generated-assets/webwork/webwork-representations.xml: origin is 'server'
INFO    : building representations of server-based WeBWorK problem
INFO    : sending webwork-1358 to server to save in /Users/alex.jordan/orcca/generated-assets/webwork/webwork-representations.xml: origin is 'server'
INFO    : building representations of server-based WeBWorK problem
INFO    : sending webwork-1359 to server to save in /Users/alex.jordan/orcca/generated-assets/webwork/webwork-representations.xml: origin is 'server'
INFO    : building representations of server-based WeBWorK problem
INFO    : sending webwork-1360 to server to save in /Users/alex.jordan/orcca/generated-assets/webwork/webwork-representations.xml: origin is 'server'
INFO    : building representations of server-based WeBWorK problem
INFO    : sending webwork-1361 to server to save in /Users/alex.jordan/orcca/generated-assets/webwork/webwork-representations.xml: origin is 'server'
INFO    : building representations of server-based WeBWorK problem
INFO    : sending webwork-1362 to server to save in /Users/alex.jordan/orcca/generated-assets/webwork/webwork-representations.xml: origin is 'server'
INFO    : building representations of server-based WeBWorK problem
INFO    : sending webwork-1363 to server to save in /Users/alex.jordan/orcca/generated-assets/webwork/webwork-representations.xml: origin is 'server'
INFO    : building representations of server-based WeBWorK problem
INFO    : sending webwork-1364 to server to save in /Users/alex.jordan/orcca/generated-assets/webwork/webwork-representations.xml: origin is 'server'
INFO    : building representations of server-based WeBWorK problem
INFO    : sending webwork-1365 to server to save in /Users/alex.jordan/orcca/generated-assets/webwork/webwork-representations.xml: origin is 'server'
INFO    : building representations of server-based WeBWorK problem
INFO    : sending webwork-1366 to server to save in /Users/alex.jordan/orcca/generated-assets/webwork/webwork-representations.xml: origin is 'server'
INFO    : building representations of server-based WeBWorK problem
INFO    : sending webwork-1367 to server to save in /Users/alex.jordan/orcca/generated-assets/webwork/webwork-representations.xml: origin is 'server'
INFO    : building representations of server-based WeBWorK problem
INFO    : sending webwork-1368 to server to save in /Users/alex.jordan/orcca/generated-assets/webwork/webwork-representations.xml: origin is 'server'
INFO    : building representations of server-based WeBWorK problem
INFO    : sending webwork-1369 to server to save in /Users/alex.jordan/orcca/generated-assets/webwork/webwork-representations.xml: origin is 'server'
INFO    : building representations of server-based WeBWorK problem
INFO    : sending webwork-1370 to server to save in /Users/alex.jordan/orcca/generated-assets/webwork/webwork-representations.xml: origin is 'server'
INFO    : building representations of server-based WeBWorK problem
INFO    : sending webwork-1371 to server to save in /Users/alex.jordan/orcca/generated-assets/webwork/webwork-representations.xml: origin is 'server'
INFO    : building representations of server-based WeBWorK problem
INFO    : sending webwork-1372 to server to save in /Users/alex.jordan/orcca/generated-assets/webwork/webwork-representations.xml: origin is 'server'
INFO    : building representations of server-based WeBWorK problem
INFO    : sending webwork-1373 to server to save in /Users/alex.jordan/orcca/generated-assets/webwork/webwork-representations.xml: origin is 'server'
INFO    : building representations of server-based WeBWorK problem
INFO    : sending webwork-1374 to server to save in /Users/alex.jordan/orcca/generated-assets/webwork/webwork-representations.xml: origin is 'server'
INFO    : building representations of PTX-authored WeBWorK problem
INFO    : sending webwork-1375 to server to save in /Users/alex.jordan/orcca/generated-assets/webwork/webwork-representations.xml: origin is 'ptx'
INFO    : building representations of PTX-authored WeBWorK problem
INFO    : sending webwork-1376 to server to save in /Users/alex.jordan/orcca/generated-assets/webwork/webwork-representations.xml: origin is 'ptx'
INFO    : saving image file webwork-1376-image-1.tgz (contents) in /Users/alex.jordan/orcca/generated-assets/webwork/images
INFO    : building representations of server-based WeBWorK problem
INFO    : sending webwork-1377 to server to save in /Users/alex.jordan/orcca/generated-assets/webwork/webwork-representations.xml: origin is 'server'
INFO    : building representations of server-based WeBWorK problem
INFO    : sending webwork-1378 to server to save in /Users/alex.jordan/orcca/generated-assets/webwork/webwork-representations.xml: origin is 'server'
INFO    : building representations of PTX-authored WeBWorK problem
INFO    : sending webwork-1379 to server to save in /Users/alex.jordan/orcca/generated-assets/webwork/webwork-representations.xml: origin is 'ptx'
INFO    : building representations of PTX-authored WeBWorK problem
INFO    : sending webwork-1380 to server to save in /Users/alex.jordan/orcca/generated-assets/webwork/webwork-representations.xml: origin is 'ptx'
INFO    : building representations of server-based WeBWorK problem
INFO    : sending webwork-1381 to server to save in /Users/alex.jordan/orcca/generated-assets/webwork/webwork-representations.xml: origin is 'server'
INFO    : saving image file webwork-1381-image-1.tgz (contents) in /Users/alex.jordan/orcca/generated-assets/webwork/images
INFO    : saving image file webwork-1381-image-2.tgz (contents) in /Users/alex.jordan/orcca/generated-assets/webwork/images
INFO    : building representations of server-based WeBWorK problem
INFO    : sending webwork-1382 to server to save in /Users/alex.jordan/orcca/generated-assets/webwork/webwork-representations.xml: origin is 'server'
INFO    : saving image file webwork-1382-image-1.tgz (contents) in /Users/alex.jordan/orcca/generated-assets/webwork/images
INFO    : saving image file webwork-1382-image-2.tgz (contents) in /Users/alex.jordan/orcca/generated-assets/webwork/images
INFO    : building representations of server-based WeBWorK problem
INFO    : sending webwork-1383 to server to save in /Users/alex.jordan/orcca/generated-assets/webwork/webwork-representations.xml: origin is 'server'
INFO    : saving image file webwork-1383-image-1.tgz (contents) in /Users/alex.jordan/orcca/generated-assets/webwork/images
INFO    : saving image file webwork-1383-image-2.tgz (contents) in /Users/alex.jordan/orcca/generated-assets/webwork/images
INFO    : building representations of server-based WeBWorK problem
INFO    : sending webwork-1384 to server to save in /Users/alex.jordan/orcca/generated-assets/webwork/webwork-representations.xml: origin is 'server'
INFO    : saving image file webwork-1384-image-1.tgz (contents) in /Users/alex.jordan/orcca/generated-assets/webwork/images
INFO    : saving image file webwork-1384-image-2.tgz (contents) in /Users/alex.jordan/orcca/generated-assets/webwork/images
INFO    : building representations of server-based WeBWorK problem
INFO    : sending webwork-1385 to server to save in /Users/alex.jordan/orcca/generated-assets/webwork/webwork-representations.xml: origin is 'server'
INFO    : saving image file webwork-1385-image-1.tgz (contents) in /Users/alex.jordan/orcca/generated-assets/webwork/images
INFO    : saving image file webwork-1385-image-2.tgz (contents) in /Users/alex.jordan/orcca/generated-assets/webwork/images
INFO    : building representations of server-based WeBWorK problem
INFO    : sending webwork-1386 to server to save in /Users/alex.jordan/orcca/generated-assets/webwork/webwork-representations.xml: origin is 'server'
INFO    : saving image file webwork-1386-image-1.tgz (contents) in /Users/alex.jordan/orcca/generated-assets/webwork/images
INFO    : saving image file webwork-1386-image-2.tgz (contents) in /Users/alex.jordan/orcca/generated-assets/webwork/images
INFO    : building representations of server-based WeBWorK problem
INFO    : sending webwork-1387 to server to save in /Users/alex.jordan/orcca/generated-assets/webwork/webwork-representations.xml: origin is 'server'
INFO    : building representations of server-based WeBWorK problem
INFO    : sending webwork-1388 to server to save in /Users/alex.jordan/orcca/generated-assets/webwork/webwork-representations.xml: origin is 'server'
INFO    : building representations of server-based WeBWorK problem
INFO    : sending webwork-1389 to server to save in /Users/alex.jordan/orcca/generated-assets/webwork/webwork-representations.xml: origin is 'server'
INFO    : building representations of server-based WeBWorK problem
INFO    : sending webwork-1390 to server to save in /Users/alex.jordan/orcca/generated-assets/webwork/webwork-representations.xml: origin is 'server'
INFO    : building representations of server-based WeBWorK problem
INFO    : sending webwork-1391 to server to save in /Users/alex.jordan/orcca/generated-assets/webwork/webwork-representations.xml: origin is 'server'
INFO    : building representations of server-based WeBWorK problem
INFO    : sending webwork-1392 to server to save in /Users/alex.jordan/orcca/generated-assets/webwork/webwork-representations.xml: origin is 'server'
INFO    : building representations of server-based WeBWorK problem
INFO    : sending webwork-1393 to server to save in /Users/alex.jordan/orcca/generated-assets/webwork/webwork-representations.xml: origin is 'server'
INFO    : saving image file webwork-1393-image-1.tgz (contents) in /Users/alex.jordan/orcca/generated-assets/webwork/images
INFO    : saving image file webwork-1393-image-2.tgz (contents) in /Users/alex.jordan/orcca/generated-assets/webwork/images
INFO    : building representations of server-based WeBWorK problem
INFO    : sending webwork-1394 to server to save in /Users/alex.jordan/orcca/generated-assets/webwork/webwork-representations.xml: origin is 'server'
INFO    : saving image file webwork-1394-image-1.tgz (contents) in /Users/alex.jordan/orcca/generated-assets/webwork/images
INFO    : saving image file webwork-1394-image-2.tgz (contents) in /Users/alex.jordan/orcca/generated-assets/webwork/images
INFO    : building representations of server-based WeBWorK problem
INFO    : sending webwork-1395 to server to save in /Users/alex.jordan/orcca/generated-assets/webwork/webwork-representations.xml: origin is 'server'
INFO    : building representations of server-based WeBWorK problem
INFO    : sending webwork-1396 to server to save in /Users/alex.jordan/orcca/generated-assets/webwork/webwork-representations.xml: origin is 'server'
INFO    : building representations of server-based WeBWorK problem
INFO    : sending webwork-1397 to server to save in /Users/alex.jordan/orcca/generated-assets/webwork/webwork-representations.xml: origin is 'server'
INFO    : building representations of server-based WeBWorK problem
INFO    : sending webwork-1398 to server to save in /Users/alex.jordan/orcca/generated-assets/webwork/webwork-representations.xml: origin is 'server'
INFO    : building representations of server-based WeBWorK problem
INFO    : sending webwork-1399 to server to save in /Users/alex.jordan/orcca/generated-assets/webwork/webwork-representations.xml: origin is 'server'
INFO    : building representations of server-based WeBWorK problem
INFO    : sending webwork-1400 to server to save in /Users/alex.jordan/orcca/generated-assets/webwork/webwork-representations.xml: origin is 'server'
INFO    : building representations of server-based WeBWorK problem
INFO    : sending webwork-1401 to server to save in /Users/alex.jordan/orcca/generated-assets/webwork/webwork-representations.xml: origin is 'server'
INFO    : building representations of server-based WeBWorK problem
INFO    : sending webwork-1402 to server to save in /Users/alex.jordan/orcca/generated-assets/webwork/webwork-representations.xml: origin is 'server'
INFO    : building representations of server-based WeBWorK problem
INFO    : sending webwork-1403 to server to save in /Users/alex.jordan/orcca/generated-assets/webwork/webwork-representations.xml: origin is 'server'
INFO    : building representations of server-based WeBWorK problem
INFO    : sending webwork-1404 to server to save in /Users/alex.jordan/orcca/generated-assets/webwork/webwork-representations.xml: origin is 'server'
INFO    : building representations of server-based WeBWorK problem
INFO    : sending webwork-1405 to server to save in /Users/alex.jordan/orcca/generated-assets/webwork/webwork-representations.xml: origin is 'server'
INFO    : building representations of server-based WeBWorK problem
INFO    : sending webwork-1406 to server to save in /Users/alex.jordan/orcca/generated-assets/webwork/webwork-representations.xml: origin is 'server'
INFO    : building representations of server-based WeBWorK problem
INFO    : sending webwork-1407 to server to save in /Users/alex.jordan/orcca/generated-assets/webwork/webwork-representations.xml: origin is 'server'
INFO    : building representations of server-based WeBWorK problem
INFO    : sending webwork-1408 to server to save in /Users/alex.jordan/orcca/generated-assets/webwork/webwork-representations.xml: origin is 'server'
INFO    : building representations of server-based WeBWorK problem
INFO    : sending webwork-1409 to server to save in /Users/alex.jordan/orcca/generated-assets/webwork/webwork-representations.xml: origin is 'server'
INFO    : saving image file webwork-1409-image-1.png  in /Users/alex.jordan/orcca/generated-assets/webwork/images
INFO    : building representations of server-based WeBWorK problem
INFO    : sending webwork-1410 to server to save in /Users/alex.jordan/orcca/generated-assets/webwork/webwork-representations.xml: origin is 'server'
INFO    : saving image file webwork-1410-image-1.png  in /Users/alex.jordan/orcca/generated-assets/webwork/images
INFO    : building representations of server-based WeBWorK problem
INFO    : sending webwork-1411 to server to save in /Users/alex.jordan/orcca/generated-assets/webwork/webwork-representations.xml: origin is 'server'
INFO    : building representations of server-based WeBWorK problem
INFO    : sending webwork-1412 to server to save in /Users/alex.jordan/orcca/generated-assets/webwork/webwork-representations.xml: origin is 'server'
INFO    : building representations of server-based WeBWorK problem
INFO    : sending webwork-1413 to server to save in /Users/alex.jordan/orcca/generated-assets/webwork/webwork-representations.xml: origin is 'server'
INFO    : building representations of server-based WeBWorK problem
INFO    : sending webwork-1414 to server to save in /Users/alex.jordan/orcca/generated-assets/webwork/webwork-representations.xml: origin is 'server'
INFO    : building representations of PTX-authored WeBWorK problem
INFO    : sending webwork-1415 to server to save in /Users/alex.jordan/orcca/generated-assets/webwork/webwork-representations.xml: origin is 'ptx'
INFO    : saving image file webwork-1415-image-1.tgz (contents) in /Users/alex.jordan/orcca/generated-assets/webwork/images
INFO    : building representations of PTX-authored WeBWorK problem
INFO    : sending webwork-1416 to server to save in /Users/alex.jordan/orcca/generated-assets/webwork/webwork-representations.xml: origin is 'ptx'
INFO    : saving image file webwork-1416-image-1.tgz (contents) in /Users/alex.jordan/orcca/generated-assets/webwork/images
INFO    : building representations of PTX-authored WeBWorK problem
INFO    : sending webwork-1417 to server to save in /Users/alex.jordan/orcca/generated-assets/webwork/webwork-representations.xml: origin is 'ptx'
INFO    : saving image file webwork-1417-image-1.tgz (contents) in /Users/alex.jordan/orcca/generated-assets/webwork/images
INFO    : building representations of PTX-authored WeBWorK problem
INFO    : sending webwork-1418 to server to save in /Users/alex.jordan/orcca/generated-assets/webwork/webwork-representations.xml: origin is 'ptx'
INFO    : saving image file webwork-1418-image-1.tgz (contents) in /Users/alex.jordan/orcca/generated-assets/webwork/images
INFO    : building representations of PTX-authored WeBWorK problem
INFO    : sending webwork-1419 to server to save in /Users/alex.jordan/orcca/generated-assets/webwork/webwork-representations.xml: origin is 'ptx'
INFO    : saving image file webwork-1419-image-1.tgz (contents) in /Users/alex.jordan/orcca/generated-assets/webwork/images
INFO    : building representations of PTX-authored WeBWorK problem
INFO    : sending webwork-1420 to server to save in /Users/alex.jordan/orcca/generated-assets/webwork/webwork-representations.xml: origin is 'ptx'
INFO    : saving image file webwork-1420-image-1.tgz (contents) in /Users/alex.jordan/orcca/generated-assets/webwork/images
INFO    : building representations of PTX-authored WeBWorK problem
INFO    : sending webwork-1421 to server to save in /Users/alex.jordan/orcca/generated-assets/webwork/webwork-representations.xml: origin is 'ptx'
INFO    : saving image file webwork-1421-image-1.tgz (contents) in /Users/alex.jordan/orcca/generated-assets/webwork/images
INFO    : building representations of PTX-authored WeBWorK problem
INFO    : sending webwork-1422 to server to save in /Users/alex.jordan/orcca/generated-assets/webwork/webwork-representations.xml: origin is 'ptx'
INFO    : building representations of PTX-authored WeBWorK problem
INFO    : sending webwork-1423 to server to save in /Users/alex.jordan/orcca/generated-assets/webwork/webwork-representations.xml: origin is 'ptx'
INFO    : building representations of PTX-authored WeBWorK problem
INFO    : sending webwork-check-solution-linear-system-point-slope-yes to server to save in /Users/alex.jordan/orcca/generated-assets/webwork/webwork-representations.xml: origin is 'ptx'
INFO    : building representations of PTX-authored WeBWorK problem
INFO    : sending webwork-1425 to server to save in /Users/alex.jordan/orcca/generated-assets/webwork/webwork-representations.xml: origin is 'ptx'
INFO    : building representations of PTX-authored WeBWorK problem
INFO    : sending webwork-check-solution-linear-system-standard-not-at-all to server to save in /Users/alex.jordan/orcca/generated-assets/webwork/webwork-representations.xml: origin is 'ptx'
INFO    : building representations of PTX-authored WeBWorK problem
INFO    : sending webwork-1427 to server to save in /Users/alex.jordan/orcca/generated-assets/webwork/webwork-representations.xml: origin is 'ptx'
INFO    : building representations of PTX-authored WeBWorK problem
INFO    : sending webwork-check-solution-linear-system-slope-intercept-not-to-second to server to save in /Users/alex.jordan/orcca/generated-assets/webwork/webwork-representations.xml: origin is 'ptx'
INFO    : building representations of PTX-authored WeBWorK problem
INFO    : sending webwork-1429 to server to save in /Users/alex.jordan/orcca/generated-assets/webwork/webwork-representations.xml: origin is 'ptx'
INFO    : building representations of PTX-authored WeBWorK problem
INFO    : sending webwork-see-solution-from-graph-slope-intercept to server to save in /Users/alex.jordan/orcca/generated-assets/webwork/webwork-representations.xml: origin is 'ptx'
INFO    : saving image file webwork-see-solution-from-graph-slope-intercept-image-1.tgz (contents) in /Users/alex.jordan/orcca/generated-assets/webwork/images
INFO    : building representations of PTX-authored WeBWorK problem
INFO    : sending webwork-1431 to server to save in /Users/alex.jordan/orcca/generated-assets/webwork/webwork-representations.xml: origin is 'ptx'
INFO    : saving image file webwork-1431-image-1.tgz (contents) in /Users/alex.jordan/orcca/generated-assets/webwork/images
INFO    : building representations of PTX-authored WeBWorK problem
INFO    : sending webwork-see-solution-from-graph-point-slope to server to save in /Users/alex.jordan/orcca/generated-assets/webwork/webwork-representations.xml: origin is 'ptx'
INFO    : saving image file webwork-see-solution-from-graph-point-slope-image-1.tgz (contents) in /Users/alex.jordan/orcca/generated-assets/webwork/images
INFO    : building representations of PTX-authored WeBWorK problem
INFO    : sending webwork-1433 to server to save in /Users/alex.jordan/orcca/generated-assets/webwork/webwork-representations.xml: origin is 'ptx'
INFO    : saving image file webwork-1433-image-1.tgz (contents) in /Users/alex.jordan/orcca/generated-assets/webwork/images
INFO    : building representations of PTX-authored WeBWorK problem
INFO    : sending webwork-see-solution-from-graph-point-slope-parallel to server to save in /Users/alex.jordan/orcca/generated-assets/webwork/webwork-representations.xml: origin is 'ptx'
INFO    : saving image file webwork-see-solution-from-graph-point-slope-parallel-image-1.tgz (contents) in /Users/alex.jordan/orcca/generated-assets/webwork/images
INFO    : building representations of PTX-authored WeBWorK problem
INFO    : sending webwork-1435 to server to save in /Users/alex.jordan/orcca/generated-assets/webwork/webwork-representations.xml: origin is 'ptx'
INFO    : saving image file webwork-1435-image-1.tgz (contents) in /Users/alex.jordan/orcca/generated-assets/webwork/images
INFO    : building representations of PTX-authored WeBWorK problem
INFO    : sending webwork-see-one-solution to server to save in /Users/alex.jordan/orcca/generated-assets/webwork/webwork-representations.xml: origin is 'ptx'
INFO    : building representations of PTX-authored WeBWorK problem
INFO    : sending webwork-1437 to server to save in /Users/alex.jordan/orcca/generated-assets/webwork/webwork-representations.xml: origin is 'ptx'
INFO    : building representations of PTX-authored WeBWorK problem
INFO    : sending webwork-see-infinite-solutions to server to save in /Users/alex.jordan/orcca/generated-assets/webwork/webwork-representations.xml: origin is 'ptx'
INFO    : building representations of PTX-authored WeBWorK problem
INFO    : sending webwork-1439 to server to save in /Users/alex.jordan/orcca/generated-assets/webwork/webwork-representations.xml: origin is 'ptx'
INFO    : building representations of PTX-authored WeBWorK problem
INFO    : sending webwork-see-no-solutions to server to save in /Users/alex.jordan/orcca/generated-assets/webwork/webwork-representations.xml: origin is 'ptx'
INFO    : building representations of PTX-authored WeBWorK problem
INFO    : sending webwork-1441 to server to save in /Users/alex.jordan/orcca/generated-assets/webwork/webwork-representations.xml: origin is 'ptx'
INFO    : building representations of PTX-authored WeBWorK problem
INFO    : sending webwork-solve-system-graphically-slope-intercept to server to save in /Users/alex.jordan/orcca/generated-assets/webwork/webwork-representations.xml: origin is 'ptx'
INFO    : saving image file webwork-solve-system-graphically-slope-intercept-image-1.tgz (contents) in /Users/alex.jordan/orcca/generated-assets/webwork/images
INFO    : building representations of PTX-authored WeBWorK problem
INFO    : sending webwork-1443 to server to save in /Users/alex.jordan/orcca/generated-assets/webwork/webwork-representations.xml: origin is 'ptx'
INFO    : saving image file webwork-1443-image-1.tgz (contents) in /Users/alex.jordan/orcca/generated-assets/webwork/images
INFO    : building representations of PTX-authored WeBWorK problem
INFO    : sending webwork-solve-system-graphically-point-slope to server to save in /Users/alex.jordan/orcca/generated-assets/webwork/webwork-representations.xml: origin is 'ptx'
INFO    : saving image file webwork-solve-system-graphically-point-slope-image-1.tgz (contents) in /Users/alex.jordan/orcca/generated-assets/webwork/images
INFO    : building representations of PTX-authored WeBWorK problem
INFO    : sending webwork-1445 to server to save in /Users/alex.jordan/orcca/generated-assets/webwork/webwork-representations.xml: origin is 'ptx'
INFO    : saving image file webwork-1445-image-1.tgz (contents) in /Users/alex.jordan/orcca/generated-assets/webwork/images
INFO    : building representations of PTX-authored WeBWorK problem
INFO    : sending webwork-solve-system-graphically-point-slope-no-solution to server to save in /Users/alex.jordan/orcca/generated-assets/webwork/webwork-representations.xml: origin is 'ptx'
INFO    : saving image file webwork-solve-system-graphically-point-slope-no-solution-image-1.tgz (contents) in /Users/alex.jordan/orcca/generated-assets/webwork/images
INFO    : building representations of PTX-authored WeBWorK problem
INFO    : sending webwork-1447 to server to save in /Users/alex.jordan/orcca/generated-assets/webwork/webwork-representations.xml: origin is 'ptx'
INFO    : saving image file webwork-1447-image-1.tgz (contents) in /Users/alex.jordan/orcca/generated-assets/webwork/images
INFO    : building representations of PTX-authored WeBWorK problem
INFO    : sending webwork-solve-system-graphically-standard to server to save in /Users/alex.jordan/orcca/generated-assets/webwork/webwork-representations.xml: origin is 'ptx'
INFO    : saving image file webwork-solve-system-graphically-standard-image-1.tgz (contents) in /Users/alex.jordan/orcca/generated-assets/webwork/images
INFO    : building representations of PTX-authored WeBWorK problem
INFO    : sending webwork-1449 to server to save in /Users/alex.jordan/orcca/generated-assets/webwork/webwork-representations.xml: origin is 'ptx'
INFO    : saving image file webwork-1449-image-1.tgz (contents) in /Users/alex.jordan/orcca/generated-assets/webwork/images
INFO    : building representations of PTX-authored WeBWorK problem
INFO    : sending webwork-solve-system-graphically-standard-slope-intercept to server to save in /Users/alex.jordan/orcca/generated-assets/webwork/webwork-representations.xml: origin is 'ptx'
INFO    : saving image file webwork-solve-system-graphically-standard-slope-intercept-image-1.tgz (contents) in /Users/alex.jordan/orcca/generated-assets/webwork/images
INFO    : building representations of PTX-authored WeBWorK problem
INFO    : sending webwork-1451 to server to save in /Users/alex.jordan/orcca/generated-assets/webwork/webwork-representations.xml: origin is 'ptx'
INFO    : saving image file webwork-1451-image-1.tgz (contents) in /Users/alex.jordan/orcca/generated-assets/webwork/images
INFO    : building representations of PTX-authored WeBWorK problem
INFO    : sending webwork-solve-system-graphically-standard-slope-intercept-no-solution to server to save in /Users/alex.jordan/orcca/generated-assets/webwork/webwork-representations.xml: origin is 'ptx'
INFO    : saving image file webwork-solve-system-graphically-standard-slope-intercept-no-solution-image-1.tgz (contents) in /Users/alex.jordan/orcca/generated-assets/webwork/images
INFO    : building representations of PTX-authored WeBWorK problem
INFO    : sending webwork-1453 to server to save in /Users/alex.jordan/orcca/generated-assets/webwork/webwork-representations.xml: origin is 'ptx'
INFO    : saving image file webwork-1453-image-1.tgz (contents) in /Users/alex.jordan/orcca/generated-assets/webwork/images
INFO    : building representations of PTX-authored WeBWorK problem
INFO    : sending webwork-solve-system-graphically-standard-point-slope to server to save in /Users/alex.jordan/orcca/generated-assets/webwork/webwork-representations.xml: origin is 'ptx'
INFO    : saving image file webwork-solve-system-graphically-standard-point-slope-image-1.tgz (contents) in /Users/alex.jordan/orcca/generated-assets/webwork/images
INFO    : building representations of PTX-authored WeBWorK problem
INFO    : sending webwork-1455 to server to save in /Users/alex.jordan/orcca/generated-assets/webwork/webwork-representations.xml: origin is 'ptx'
INFO    : saving image file webwork-1455-image-1.tgz (contents) in /Users/alex.jordan/orcca/generated-assets/webwork/images
INFO    : building representations of PTX-authored WeBWorK problem
INFO    : sending webwork-solve-system-graphically-standard-point-slope-infinite-solutions to server to save in /Users/alex.jordan/orcca/generated-assets/webwork/webwork-representations.xml: origin is 'ptx'
INFO    : saving image file webwork-solve-system-graphically-standard-point-slope-infinite-solutions-image-1.tgz (contents) in /Users/alex.jordan/orcca/generated-assets/webwork/images
INFO    : building representations of PTX-authored WeBWorK problem
INFO    : sending webwork-1457 to server to save in /Users/alex.jordan/orcca/generated-assets/webwork/webwork-representations.xml: origin is 'ptx'
INFO    : saving image file webwork-1457-image-1.tgz (contents) in /Users/alex.jordan/orcca/generated-assets/webwork/images
INFO    : building representations of PTX-authored WeBWorK problem
INFO    : sending webwork-solve-system-graphically-slope-intercept-point-slope to server to save in /Users/alex.jordan/orcca/generated-assets/webwork/webwork-representations.xml: origin is 'ptx'
INFO    : saving image file webwork-solve-system-graphically-slope-intercept-point-slope-image-1.tgz (contents) in /Users/alex.jordan/orcca/generated-assets/webwork/images
INFO    : building representations of PTX-authored WeBWorK problem
INFO    : sending webwork-1459 to server to save in /Users/alex.jordan/orcca/generated-assets/webwork/webwork-representations.xml: origin is 'ptx'
INFO    : saving image file webwork-1459-image-1.tgz (contents) in /Users/alex.jordan/orcca/generated-assets/webwork/images
INFO    : building representations of PTX-authored WeBWorK problem
INFO    : sending webwork-solve-system-graphically-slope-intercept-point-slope-infinite-solutions to server to save in /Users/alex.jordan/orcca/generated-assets/webwork/webwork-representations.xml: origin is 'ptx'
INFO    : saving image file webwork-solve-system-graphically-slope-intercept-point-slope-infinite-solutions-image-1.tgz (contents) in /Users/alex.jordan/orcca/generated-assets/webwork/images
INFO    : building representations of PTX-authored WeBWorK problem
INFO    : sending webwork-1461 to server to save in /Users/alex.jordan/orcca/generated-assets/webwork/webwork-representations.xml: origin is 'ptx'
INFO    : saving image file webwork-1461-image-1.tgz (contents) in /Users/alex.jordan/orcca/generated-assets/webwork/images
INFO    : building representations of PTX-authored WeBWorK problem
INFO    : sending webwork-solve-system-application-party-planning to server to save in /Users/alex.jordan/orcca/generated-assets/webwork/webwork-representations.xml: origin is 'ptx'
INFO    : saving image file webwork-solve-system-application-party-planning-image-1.tgz (contents) in /Users/alex.jordan/orcca/generated-assets/webwork/images
INFO    : building representations of PTX-authored WeBWorK problem
INFO    : sending webwork-solve-system-application-hardware-store to server to save in /Users/alex.jordan/orcca/generated-assets/webwork/webwork-representations.xml: origin is 'ptx'
INFO    : saving image file webwork-solve-system-application-hardware-store-image-1.tgz (contents) in /Users/alex.jordan/orcca/generated-assets/webwork/images
INFO    : building representations of PTX-authored WeBWorK problem
INFO    : sending webwork-solve-system-application-greet-dog to server to save in /Users/alex.jordan/orcca/generated-assets/webwork/webwork-representations.xml: origin is 'ptx'
INFO    : saving image file webwork-solve-system-application-greet-dog-image-1.tgz (contents) in /Users/alex.jordan/orcca/generated-assets/webwork/images
INFO    : building representations of PTX-authored WeBWorK problem
INFO    : sending webwork-solve-system-application-dog-cyclist to server to save in /Users/alex.jordan/orcca/generated-assets/webwork/webwork-representations.xml: origin is 'ptx'
INFO    : saving image file webwork-solve-system-application-dog-cyclist-image-1.tgz (contents) in /Users/alex.jordan/orcca/generated-assets/webwork/images
INFO    : building representations of PTX-authored WeBWorK problem
INFO    : sending webwork-solve-system-using-substitution to server to save in /Users/alex.jordan/orcca/generated-assets/webwork/webwork-representations.xml: origin is 'ptx'
INFO    : building representations of PTX-authored WeBWorK problem
INFO    : sending webwork-solving-system-of-equations-mixing-coffee to server to save in /Users/alex.jordan/orcca/generated-assets/webwork/webwork-representations.xml: origin is 'ptx'
INFO    : building representations of PTX-authored WeBWorK problem
INFO    : sending webwork-substitution-integer-solutions-integer-coefficients-slope-intercept to server to save in /Users/alex.jordan/orcca/generated-assets/webwork/webwork-representations.xml: origin is 'ptx'
INFO    : building representations of PTX-authored WeBWorK problem
INFO    : sending webwork-1469 to server to save in /Users/alex.jordan/orcca/generated-assets/webwork/webwork-representations.xml: origin is 'ptx'
INFO    : building representations of PTX-authored WeBWorK problem
INFO    : sending webwork-substitution-integer-solutions-integer-coefficients-point-slope to server to save in /Users/alex.jordan/orcca/generated-assets/webwork/webwork-representations.xml: origin is 'ptx'
INFO    : building representations of PTX-authored WeBWorK problem
INFO    : sending webwork-1471 to server to save in /Users/alex.jordan/orcca/generated-assets/webwork/webwork-representations.xml: origin is 'ptx'
INFO    : building representations of PTX-authored WeBWorK problem
INFO    : sending webwork-substitution-integer-solutions-integer-coefficients-standard-with-one to server to save in /Users/alex.jordan/orcca/generated-assets/webwork/webwork-representations.xml: origin is 'ptx'
INFO    : building representations of PTX-authored WeBWorK problem
INFO    : sending webwork-1473 to server to save in /Users/alex.jordan/orcca/generated-assets/webwork/webwork-representations.xml: origin is 'ptx'
INFO    : building representations of PTX-authored WeBWorK problem
INFO    : sending webwork-substitution-integer-solutions-integer-coefficients-slope-intercept-standard to server to save in /Users/alex.jordan/orcca/generated-assets/webwork/webwork-representations.xml: origin is 'ptx'
INFO    : building representations of PTX-authored WeBWorK problem
INFO    : sending webwork-1475 to server to save in /Users/alex.jordan/orcca/generated-assets/webwork/webwork-representations.xml: origin is 'ptx'
INFO    : building representations of PTX-authored WeBWorK problem
INFO    : sending webwork-substitution-integer-solutions-integer-coefficients-point-slope-slope-intercept to server to save in /Users/alex.jordan/orcca/generated-assets/webwork/webwork-representations.xml: origin is 'ptx'
INFO    : building representations of PTX-authored WeBWorK problem
INFO    : sending webwork-1477 to server to save in /Users/alex.jordan/orcca/generated-assets/webwork/webwork-representations.xml: origin is 'ptx'
INFO    : building representations of PTX-authored WeBWorK problem
INFO    : sending webwork-substitution-no-solution-integer-coefficients-standard-form-with-one to server to save in /Users/alex.jordan/orcca/generated-assets/webwork/webwork-representations.xml: origin is 'ptx'
INFO    : building representations of PTX-authored WeBWorK problem
INFO    : sending webwork-1479 to server to save in /Users/alex.jordan/orcca/generated-assets/webwork/webwork-representations.xml: origin is 'ptx'
INFO    : building representations of PTX-authored WeBWorK problem
INFO    : sending webwork-substitution-infinite-solutions-integer-coefficients-slope-intercept-standard to server to save in /Users/alex.jordan/orcca/generated-assets/webwork/webwork-representations.xml: origin is 'ptx'
INFO    : building representations of PTX-authored WeBWorK problem
INFO    : sending webwork-1481 to server to save in /Users/alex.jordan/orcca/generated-assets/webwork/webwork-representations.xml: origin is 'ptx'
INFO    : building representations of PTX-authored WeBWorK problem
INFO    : sending webwork-substitution-integer-solutions-integer-coefficients-point-slope-standard to server to save in /Users/alex.jordan/orcca/generated-assets/webwork/webwork-representations.xml: origin is 'ptx'
INFO    : building representations of PTX-authored WeBWorK problem
INFO    : sending webwork-1483 to server to save in /Users/alex.jordan/orcca/generated-assets/webwork/webwork-representations.xml: origin is 'ptx'
INFO    : building representations of PTX-authored WeBWorK problem
INFO    : sending webwork-substitution-no-solution-integer-coefficients-point-slope-standard to server to save in /Users/alex.jordan/orcca/generated-assets/webwork/webwork-representations.xml: origin is 'ptx'
INFO    : building representations of PTX-authored WeBWorK problem
INFO    : sending webwork-1485 to server to save in /Users/alex.jordan/orcca/generated-assets/webwork/webwork-representations.xml: origin is 'ptx'
INFO    : building representations of PTX-authored WeBWorK problem
INFO    : sending webwork-substitution-integer-solutions-integer-coefficients-standard to server to save in /Users/alex.jordan/orcca/generated-assets/webwork/webwork-representations.xml: origin is 'ptx'
INFO    : building representations of PTX-authored WeBWorK problem
INFO    : sending webwork-1487 to server to save in /Users/alex.jordan/orcca/generated-assets/webwork/webwork-representations.xml: origin is 'ptx'
INFO    : building representations of PTX-authored WeBWorK problem
INFO    : sending webwork-substitution-fraction-solutions-integer-coefficients-slope-intercept to server to save in /Users/alex.jordan/orcca/generated-assets/webwork/webwork-representations.xml: origin is 'ptx'
INFO    : building representations of PTX-authored WeBWorK problem
INFO    : sending webwork-1489 to server to save in /Users/alex.jordan/orcca/generated-assets/webwork/webwork-representations.xml: origin is 'ptx'
INFO    : building representations of PTX-authored WeBWorK problem
INFO    : sending webwork-substitution-infinite-solutions-integer-coefficients-point-slope-standard to server to save in /Users/alex.jordan/orcca/generated-assets/webwork/webwork-representations.xml: origin is 'ptx'
INFO    : building representations of PTX-authored WeBWorK problem
INFO    : sending webwork-1491 to server to save in /Users/alex.jordan/orcca/generated-assets/webwork/webwork-representations.xml: origin is 'ptx'
INFO    : building representations of PTX-authored WeBWorK problem
INFO    : sending webwork-substitution-fraction-solutions-integer-coefficients-point-slope to server to save in /Users/alex.jordan/orcca/generated-assets/webwork/webwork-representations.xml: origin is 'ptx'
INFO    : building representations of PTX-authored WeBWorK problem
INFO    : sending webwork-1493 to server to save in /Users/alex.jordan/orcca/generated-assets/webwork/webwork-representations.xml: origin is 'ptx'
INFO    : building representations of PTX-authored WeBWorK problem
INFO    : sending webwork-substitution-fraction-solutions-integer-coefficients-standard-with-one to server to save in /Users/alex.jordan/orcca/generated-assets/webwork/webwork-representations.xml: origin is 'ptx'
INFO    : building representations of PTX-authored WeBWorK problem
INFO    : sending webwork-1495 to server to save in /Users/alex.jordan/orcca/generated-assets/webwork/webwork-representations.xml: origin is 'ptx'
INFO    : building representations of PTX-authored WeBWorK problem
INFO    : sending webwork-substitution-fraction-solutions-integer-coefficients-slope-intercept-standard to server to save in /Users/alex.jordan/orcca/generated-assets/webwork/webwork-representations.xml: origin is 'ptx'
INFO    : building representations of PTX-authored WeBWorK problem
INFO    : sending webwork-1497 to server to save in /Users/alex.jordan/orcca/generated-assets/webwork/webwork-representations.xml: origin is 'ptx'
INFO    : building representations of PTX-authored WeBWorK problem
INFO    : sending webwork-substitution-fraction-solutions-integer-coefficients-point-slope-standard to server to save in /Users/alex.jordan/orcca/generated-assets/webwork/webwork-representations.xml: origin is 'ptx'
INFO    : building representations of PTX-authored WeBWorK problem
INFO    : sending webwork-1499 to server to save in /Users/alex.jordan/orcca/generated-assets/webwork/webwork-representations.xml: origin is 'ptx'
INFO    : building representations of PTX-authored WeBWorK problem
INFO    : sending webwork-substitution-fraction-solutions-integer-coefficients-standard to server to save in /Users/alex.jordan/orcca/generated-assets/webwork/webwork-representations.xml: origin is 'ptx'
INFO    : building representations of PTX-authored WeBWorK problem
INFO    : sending webwork-1501 to server to save in /Users/alex.jordan/orcca/generated-assets/webwork/webwork-representations.xml: origin is 'ptx'
INFO    : building representations of PTX-authored WeBWorK problem
INFO    : sending webwork-substitution-decimal-coefficients-slope-intercept to server to save in /Users/alex.jordan/orcca/generated-assets/webwork/webwork-representations.xml: origin is 'ptx'
INFO    : building representations of PTX-authored WeBWorK problem
INFO    : sending webwork-1503 to server to save in /Users/alex.jordan/orcca/generated-assets/webwork/webwork-representations.xml: origin is 'ptx'
INFO    : building representations of PTX-authored WeBWorK problem
INFO    : sending webwork-substitution-decimal-coefficients-standard-with-one to server to save in /Users/alex.jordan/orcca/generated-assets/webwork/webwork-representations.xml: origin is 'ptx'
INFO    : building representations of PTX-authored WeBWorK problem
INFO    : sending webwork-1505 to server to save in /Users/alex.jordan/orcca/generated-assets/webwork/webwork-representations.xml: origin is 'ptx'
INFO    : building representations of PTX-authored WeBWorK problem
INFO    : sending webwork-substitution-fraction-coefficients-slope-intercept to server to save in /Users/alex.jordan/orcca/generated-assets/webwork/webwork-representations.xml: origin is 'ptx'
INFO    : building representations of PTX-authored WeBWorK problem
INFO    : sending webwork-1507 to server to save in /Users/alex.jordan/orcca/generated-assets/webwork/webwork-representations.xml: origin is 'ptx'
INFO    : building representations of PTX-authored WeBWorK problem
INFO    : sending webwork-substitution-fraction-coefficients-point-slope to server to save in /Users/alex.jordan/orcca/generated-assets/webwork/webwork-representations.xml: origin is 'ptx'
INFO    : building representations of PTX-authored WeBWorK problem
INFO    : sending webwork-1509 to server to save in /Users/alex.jordan/orcca/generated-assets/webwork/webwork-representations.xml: origin is 'ptx'
INFO    : building representations of PTX-authored WeBWorK problem
INFO    : sending webwork-substitution-fraction-coefficients-standard to server to save in /Users/alex.jordan/orcca/generated-assets/webwork/webwork-representations.xml: origin is 'ptx'
INFO    : building representations of PTX-authored WeBWorK problem
INFO    : sending webwork-1511 to server to save in /Users/alex.jordan/orcca/generated-assets/webwork/webwork-representations.xml: origin is 'ptx'
INFO    : building representations of PTX-authored WeBWorK problem
INFO    : sending webwork-substitution-no-solution-fraction-coefficients-standard to server to save in /Users/alex.jordan/orcca/generated-assets/webwork/webwork-representations.xml: origin is 'ptx'
INFO    : building representations of PTX-authored WeBWorK problem
INFO    : sending webwork-1513 to server to save in /Users/alex.jordan/orcca/generated-assets/webwork/webwork-representations.xml: origin is 'ptx'
INFO    : building representations of PTX-authored WeBWorK problem
INFO    : sending webwork-substitution-fraction-coefficients-standard-slope-intercept to server to save in /Users/alex.jordan/orcca/generated-assets/webwork/webwork-representations.xml: origin is 'ptx'
INFO    : building representations of PTX-authored WeBWorK problem
INFO    : sending webwork-1515 to server to save in /Users/alex.jordan/orcca/generated-assets/webwork/webwork-representations.xml: origin is 'ptx'
INFO    : building representations of PTX-authored WeBWorK problem
INFO    : sending webwork-substitution-fraction-coefficients-standard-point-slope to server to save in /Users/alex.jordan/orcca/generated-assets/webwork/webwork-representations.xml: origin is 'ptx'
INFO    : building representations of PTX-authored WeBWorK problem
INFO    : sending webwork-1517 to server to save in /Users/alex.jordan/orcca/generated-assets/webwork/webwork-representations.xml: origin is 'ptx'
INFO    : building representations of PTX-authored WeBWorK problem
INFO    : sending webwork-substitution-infinite-solutions-fraction-coefficients-standard to server to save in /Users/alex.jordan/orcca/generated-assets/webwork/webwork-representations.xml: origin is 'ptx'
INFO    : building representations of PTX-authored WeBWorK problem
INFO    : sending webwork-1519 to server to save in /Users/alex.jordan/orcca/generated-assets/webwork/webwork-representations.xml: origin is 'ptx'
INFO    : building representations of PTX-authored WeBWorK problem
INFO    : sending webwork-rectangle-dimensions to server to save in /Users/alex.jordan/orcca/generated-assets/webwork/webwork-representations.xml: origin is 'ptx'
INFO    : building representations of PTX-authored WeBWorK problem
INFO    : sending webwork-school-fundraiser to server to save in /Users/alex.jordan/orcca/generated-assets/webwork/webwork-representations.xml: origin is 'ptx'
INFO    : building representations of PTX-authored WeBWorK problem
INFO    : sending webwork-telecom-companies to server to save in /Users/alex.jordan/orcca/generated-assets/webwork/webwork-representations.xml: origin is 'ptx'
INFO    : building representations of PTX-authored WeBWorK problem
INFO    : sending webwork-restaurant-location-revenues to server to save in /Users/alex.jordan/orcca/generated-assets/webwork/webwork-representations.xml: origin is 'ptx'
INFO    : building representations of PTX-authored WeBWorK problem
INFO    : sending webwork-math-exam to server to save in /Users/alex.jordan/orcca/generated-assets/webwork/webwork-representations.xml: origin is 'ptx'
INFO    : building representations of PTX-authored WeBWorK problem
INFO    : sending webwork-mixed-investments to server to save in /Users/alex.jordan/orcca/generated-assets/webwork/webwork-representations.xml: origin is 'ptx'
INFO    : building representations of PTX-authored WeBWorK problem
INFO    : sending webwork-mixed-investments-loss to server to save in /Users/alex.jordan/orcca/generated-assets/webwork/webwork-representations.xml: origin is 'ptx'
INFO    : building representations of PTX-authored WeBWorK problem
INFO    : sending webwork-town-merger to server to save in /Users/alex.jordan/orcca/generated-assets/webwork/webwork-representations.xml: origin is 'ptx'
INFO    : building representations of PTX-authored WeBWorK problem
INFO    : sending webwork-alcohol-solution-mixture to server to save in /Users/alex.jordan/orcca/generated-assets/webwork/webwork-representations.xml: origin is 'ptx'
INFO    : building representations of PTX-authored WeBWorK problem
INFO    : sending webwork-mixed-nuts to server to save in /Users/alex.jordan/orcca/generated-assets/webwork/webwork-representations.xml: origin is 'ptx'
INFO    : building representations of PTX-authored WeBWorK problem
INFO    : sending webwork-solve-system-using-elimination to server to save in /Users/alex.jordan/orcca/generated-assets/webwork/webwork-representations.xml: origin is 'ptx'
INFO    : building representations of PTX-authored WeBWorK problem
INFO    : sending webwork-solve-system-using-elimination-scale-both to server to save in /Users/alex.jordan/orcca/generated-assets/webwork/webwork-representations.xml: origin is 'ptx'
INFO    : building representations of PTX-authored WeBWorK problem
INFO    : sending webwork-elimination-integer-solutions-integer-coefficients-standard-ready-to-add to server to save in /Users/alex.jordan/orcca/generated-assets/webwork/webwork-representations.xml: origin is 'ptx'
INFO    : building representations of PTX-authored WeBWorK problem
INFO    : sending webwork-1533 to server to save in /Users/alex.jordan/orcca/generated-assets/webwork/webwork-representations.xml: origin is 'ptx'
INFO    : building representations of PTX-authored WeBWorK problem
INFO    : sending webwork-elimination-integer-solutions-integer-coefficients-standard-with-one to server to save in /Users/alex.jordan/orcca/generated-assets/webwork/webwork-representations.xml: origin is 'ptx'
INFO    : building representations of PTX-authored WeBWorK problem
INFO    : sending webwork-1535 to server to save in /Users/alex.jordan/orcca/generated-assets/webwork/webwork-representations.xml: origin is 'ptx'
INFO    : building representations of PTX-authored WeBWorK problem
INFO    : sending webwork-elimination-integer-solutions-integer-coefficients-standard-scale-one to server to save in /Users/alex.jordan/orcca/generated-assets/webwork/webwork-representations.xml: origin is 'ptx'
INFO    : building representations of PTX-authored WeBWorK problem
INFO    : sending webwork-1537 to server to save in /Users/alex.jordan/orcca/generated-assets/webwork/webwork-representations.xml: origin is 'ptx'
INFO    : building representations of PTX-authored WeBWorK problem
INFO    : sending webwork-elimination-integer-solutions-integer-coefficients-standard-scale-both to server to save in /Users/alex.jordan/orcca/generated-assets/webwork/webwork-representations.xml: origin is 'ptx'
INFO    : building representations of PTX-authored WeBWorK problem
INFO    : sending webwork-1539 to server to save in /Users/alex.jordan/orcca/generated-assets/webwork/webwork-representations.xml: origin is 'ptx'
INFO    : building representations of PTX-authored WeBWorK problem
INFO    : sending webwork-elimination-no-solution-integer-coefficients-standard-form-with-one to server to save in /Users/alex.jordan/orcca/generated-assets/webwork/webwork-representations.xml: origin is 'ptx'
INFO    : building representations of PTX-authored WeBWorK problem
INFO    : sending webwork-1541 to server to save in /Users/alex.jordan/orcca/generated-assets/webwork/webwork-representations.xml: origin is 'ptx'
INFO    : building representations of PTX-authored WeBWorK problem
INFO    : sending webwork-elimination-integer-solutions-integer-coefficients-standard-negate-then-ready-to-add to server to save in /Users/alex.jordan/orcca/generated-assets/webwork/webwork-representations.xml: origin is 'ptx'
INFO    : building representations of PTX-authored WeBWorK problem
INFO    : sending webwork-1543 to server to save in /Users/alex.jordan/orcca/generated-assets/webwork/webwork-representations.xml: origin is 'ptx'
INFO    : building representations of PTX-authored WeBWorK problem
INFO    : sending webwork-elimination-fraction-solutions-integer-coefficients-standard-with-one to server to save in /Users/alex.jordan/orcca/generated-assets/webwork/webwork-representations.xml: origin is 'ptx'
INFO    : building representations of PTX-authored WeBWorK problem
INFO    : sending webwork-1545 to server to save in /Users/alex.jordan/orcca/generated-assets/webwork/webwork-representations.xml: origin is 'ptx'
INFO    : building representations of PTX-authored WeBWorK problem
INFO    : sending webwork-elimination-fraction-solutions-integer-coefficients-standard to server to save in /Users/alex.jordan/orcca/generated-assets/webwork/webwork-representations.xml: origin is 'ptx'
INFO    : building representations of PTX-authored WeBWorK problem
INFO    : sending webwork-1547 to server to save in /Users/alex.jordan/orcca/generated-assets/webwork/webwork-representations.xml: origin is 'ptx'
INFO    : building representations of PTX-authored WeBWorK problem
INFO    : sending webwork-elimination-decimal-coefficients-standard-with-one to server to save in /Users/alex.jordan/orcca/generated-assets/webwork/webwork-representations.xml: origin is 'ptx'
INFO    : building representations of PTX-authored WeBWorK problem
INFO    : sending webwork-1549 to server to save in /Users/alex.jordan/orcca/generated-assets/webwork/webwork-representations.xml: origin is 'ptx'
INFO    : building representations of PTX-authored WeBWorK problem
INFO    : sending webwork-elimination-fraction-coefficients-standard to server to save in /Users/alex.jordan/orcca/generated-assets/webwork/webwork-representations.xml: origin is 'ptx'
INFO    : building representations of PTX-authored WeBWorK problem
INFO    : sending webwork-1551 to server to save in /Users/alex.jordan/orcca/generated-assets/webwork/webwork-representations.xml: origin is 'ptx'
INFO    : building representations of PTX-authored WeBWorK problem
INFO    : sending webwork-elimination-infinite-solutions-fraction-coefficients-standard to server to save in /Users/alex.jordan/orcca/generated-assets/webwork/webwork-representations.xml: origin is 'ptx'
INFO    : building representations of PTX-authored WeBWorK problem
INFO    : sending webwork-1553 to server to save in /Users/alex.jordan/orcca/generated-assets/webwork/webwork-representations.xml: origin is 'ptx'
INFO    : building representations of PTX-authored WeBWorK problem
INFO    : sending webwork-elimination-no-solution-fraction-coefficients-standard to server to save in /Users/alex.jordan/orcca/generated-assets/webwork/webwork-representations.xml: origin is 'ptx'
INFO    : building representations of PTX-authored WeBWorK problem
INFO    : sending webwork-1555 to server to save in /Users/alex.jordan/orcca/generated-assets/webwork/webwork-representations.xml: origin is 'ptx'
INFO    : building representations of PTX-authored WeBWorK problem
INFO    : sending webwork-elimination-integer-solutions-integer-coefficients-shuffled-ready-to-add to server to save in /Users/alex.jordan/orcca/generated-assets/webwork/webwork-representations.xml: origin is 'ptx'
INFO    : building representations of PTX-authored WeBWorK problem
INFO    : sending webwork-1557 to server to save in /Users/alex.jordan/orcca/generated-assets/webwork/webwork-representations.xml: origin is 'ptx'
INFO    : building representations of PTX-authored WeBWorK problem
INFO    : sending webwork-elimination-integer-solutions-integer-coefficients-shuffled-with-one to server to save in /Users/alex.jordan/orcca/generated-assets/webwork/webwork-representations.xml: origin is 'ptx'
INFO    : building representations of PTX-authored WeBWorK problem
INFO    : sending webwork-1559 to server to save in /Users/alex.jordan/orcca/generated-assets/webwork/webwork-representations.xml: origin is 'ptx'
INFO    : building representations of PTX-authored WeBWorK problem
INFO    : sending webwork-elimination-integer-solutions-integer-coefficients-shuffled-scale-one to server to save in /Users/alex.jordan/orcca/generated-assets/webwork/webwork-representations.xml: origin is 'ptx'
INFO    : building representations of PTX-authored WeBWorK problem
INFO    : sending webwork-1561 to server to save in /Users/alex.jordan/orcca/generated-assets/webwork/webwork-representations.xml: origin is 'ptx'
INFO    : building representations of PTX-authored WeBWorK problem
INFO    : sending webwork-elimination-infinite-solutions-integer-coefficients-shuffled-form-with-one to server to save in /Users/alex.jordan/orcca/generated-assets/webwork/webwork-representations.xml: origin is 'ptx'
INFO    : building representations of PTX-authored WeBWorK problem
INFO    : sending webwork-1563 to server to save in /Users/alex.jordan/orcca/generated-assets/webwork/webwork-representations.xml: origin is 'ptx'
INFO    : building representations of PTX-authored WeBWorK problem
INFO    : sending webwork-math-exam-elimination to server to save in /Users/alex.jordan/orcca/generated-assets/webwork/webwork-representations.xml: origin is 'ptx'
INFO    : building representations of PTX-authored WeBWorK problem
INFO    : sending webwork-school-fundraiser-elimination to server to save in /Users/alex.jordan/orcca/generated-assets/webwork/webwork-representations.xml: origin is 'ptx'
INFO    : building representations of PTX-authored WeBWorK problem
INFO    : sending webwork-mixed-investments-elimination to server to save in /Users/alex.jordan/orcca/generated-assets/webwork/webwork-representations.xml: origin is 'ptx'
INFO    : building representations of PTX-authored WeBWorK problem
INFO    : sending webwork-mixed-investments-loss-elimination to server to save in /Users/alex.jordan/orcca/generated-assets/webwork/webwork-representations.xml: origin is 'ptx'
INFO    : building representations of PTX-authored WeBWorK problem
INFO    : sending webwork-1568 to server to save in /Users/alex.jordan/orcca/generated-assets/webwork/webwork-representations.xml: origin is 'ptx'
INFO    : building representations of PTX-authored WeBWorK problem
INFO    : sending webwork-1569 to server to save in /Users/alex.jordan/orcca/generated-assets/webwork/webwork-representations.xml: origin is 'ptx'
INFO    : saving image file webwork-1569-image-1.tgz (contents) in /Users/alex.jordan/orcca/generated-assets/webwork/images
INFO    : building representations of PTX-authored WeBWorK problem
INFO    : sending webwork-1570 to server to save in /Users/alex.jordan/orcca/generated-assets/webwork/webwork-representations.xml: origin is 'ptx'
INFO    : saving image file webwork-1570-image-1.tgz (contents) in /Users/alex.jordan/orcca/generated-assets/webwork/images
INFO    : building representations of PTX-authored WeBWorK problem
INFO    : sending webwork-1571 to server to save in /Users/alex.jordan/orcca/generated-assets/webwork/webwork-representations.xml: origin is 'ptx'
INFO    : saving image file webwork-1571-image-1.tgz (contents) in /Users/alex.jordan/orcca/generated-assets/webwork/images
INFO    : building representations of PTX-authored WeBWorK problem
INFO    : sending webwork-1572 to server to save in /Users/alex.jordan/orcca/generated-assets/webwork/webwork-representations.xml: origin is 'ptx'
INFO    : building representations of PTX-authored WeBWorK problem
INFO    : sending webwork-1573 to server to save in /Users/alex.jordan/orcca/generated-assets/webwork/webwork-representations.xml: origin is 'ptx'
INFO    : building representations of PTX-authored WeBWorK problem
INFO    : sending webwork-1574 to server to save in /Users/alex.jordan/orcca/generated-assets/webwork/webwork-representations.xml: origin is 'ptx'
INFO    : building representations of PTX-authored WeBWorK problem
INFO    : sending webwork-1575 to server to save in /Users/alex.jordan/orcca/generated-assets/webwork/webwork-representations.xml: origin is 'ptx'
INFO    : building representations of PTX-authored WeBWorK problem
INFO    : sending webwork-1576 to server to save in /Users/alex.jordan/orcca/generated-assets/webwork/webwork-representations.xml: origin is 'ptx'
INFO    : building representations of PTX-authored WeBWorK problem
INFO    : sending webwork-1577 to server to save in /Users/alex.jordan/orcca/generated-assets/webwork/webwork-representations.xml: origin is 'ptx'
INFO    : building representations of PTX-authored WeBWorK problem
INFO    : sending webwork-1578 to server to save in /Users/alex.jordan/orcca/generated-assets/webwork/webwork-representations.xml: origin is 'ptx'
INFO    : building representations of PTX-authored WeBWorK problem
INFO    : sending webwork-1579 to server to save in /Users/alex.jordan/orcca/generated-assets/webwork/webwork-representations.xml: origin is 'ptx'
INFO    : saving image file webwork-1579-image-1.tgz (contents) in /Users/alex.jordan/orcca/generated-assets/webwork/images
INFO    : building representations of PTX-authored WeBWorK problem
INFO    : sending webwork-1580 to server to save in /Users/alex.jordan/orcca/generated-assets/webwork/webwork-representations.xml: origin is 'ptx'
INFO    : building representations of PTX-authored WeBWorK problem
INFO    : sending webwork-1581 to server to save in /Users/alex.jordan/orcca/generated-assets/webwork/webwork-representations.xml: origin is 'ptx'
INFO    : saving image file webwork-1581-image-1.tgz (contents) in /Users/alex.jordan/orcca/generated-assets/webwork/images
INFO    : building representations of PTX-authored WeBWorK problem
INFO    : sending webwork-1582 to server to save in /Users/alex.jordan/orcca/generated-assets/webwork/webwork-representations.xml: origin is 'ptx'
INFO    : saving image file webwork-1582-image-1.tgz (contents) in /Users/alex.jordan/orcca/generated-assets/webwork/images
INFO    : building representations of PTX-authored WeBWorK problem
INFO    : sending webwork-1583 to server to save in /Users/alex.jordan/orcca/generated-assets/webwork/webwork-representations.xml: origin is 'ptx'
INFO    : saving image file webwork-1583-image-1.tgz (contents) in /Users/alex.jordan/orcca/generated-assets/webwork/images
INFO    : building representations of PTX-authored WeBWorK problem
INFO    : sending webwork-1584 to server to save in /Users/alex.jordan/orcca/generated-assets/webwork/webwork-representations.xml: origin is 'ptx'
INFO    : saving image file webwork-1584-image-1.tgz (contents) in /Users/alex.jordan/orcca/generated-assets/webwork/images
INFO    : building representations of PTX-authored WeBWorK problem
INFO    : sending webwork-1585 to server to save in /Users/alex.jordan/orcca/generated-assets/webwork/webwork-representations.xml: origin is 'ptx'
INFO    : building representations of PTX-authored WeBWorK problem
INFO    : sending webwork-1586 to server to save in /Users/alex.jordan/orcca/generated-assets/webwork/webwork-representations.xml: origin is 'ptx'
INFO    : building representations of PTX-authored WeBWorK problem
INFO    : sending webwork-1587 to server to save in /Users/alex.jordan/orcca/generated-assets/webwork/webwork-representations.xml: origin is 'ptx'
INFO    : building representations of PTX-authored WeBWorK problem
INFO    : sending webwork-1588 to server to save in /Users/alex.jordan/orcca/generated-assets/webwork/webwork-representations.xml: origin is 'ptx'
INFO    : building representations of PTX-authored WeBWorK problem
INFO    : sending webwork-1589 to server to save in /Users/alex.jordan/orcca/generated-assets/webwork/webwork-representations.xml: origin is 'ptx'
INFO    : building representations of PTX-authored WeBWorK problem
INFO    : sending webwork-1590 to server to save in /Users/alex.jordan/orcca/generated-assets/webwork/webwork-representations.xml: origin is 'ptx'
INFO    : building representations of PTX-authored WeBWorK problem
INFO    : sending webwork-1591 to server to save in /Users/alex.jordan/orcca/generated-assets/webwork/webwork-representations.xml: origin is 'ptx'
INFO    : building representations of PTX-authored WeBWorK problem
INFO    : sending webwork-1592 to server to save in /Users/alex.jordan/orcca/generated-assets/webwork/webwork-representations.xml: origin is 'ptx'
INFO    : building representations of PTX-authored WeBWorK problem
INFO    : sending webwork-1593 to server to save in /Users/alex.jordan/orcca/generated-assets/webwork/webwork-representations.xml: origin is 'ptx'
INFO    : building representations of PTX-authored WeBWorK problem
INFO    : sending webwork-1594 to server to save in /Users/alex.jordan/orcca/generated-assets/webwork/webwork-representations.xml: origin is 'ptx'
INFO    : building representations of PTX-authored WeBWorK problem
INFO    : sending webwork-1595 to server to save in /Users/alex.jordan/orcca/generated-assets/webwork/webwork-representations.xml: origin is 'ptx'
INFO    : building representations of PTX-authored WeBWorK problem
INFO    : sending webwork-1596 to server to save in /Users/alex.jordan/orcca/generated-assets/webwork/webwork-representations.xml: origin is 'ptx'
INFO    : building representations of PTX-authored WeBWorK problem
INFO    : sending webwork-1597 to server to save in /Users/alex.jordan/orcca/generated-assets/webwork/webwork-representations.xml: origin is 'ptx'
INFO    : building representations of PTX-authored WeBWorK problem
INFO    : sending webwork-1598 to server to save in /Users/alex.jordan/orcca/generated-assets/webwork/webwork-representations.xml: origin is 'ptx'
INFO    : building representations of PTX-authored WeBWorK problem
INFO    : sending webwork-1599 to server to save in /Users/alex.jordan/orcca/generated-assets/webwork/webwork-representations.xml: origin is 'ptx'
INFO    : building representations of PTX-authored WeBWorK problem
INFO    : sending webwork-1600 to server to save in /Users/alex.jordan/orcca/generated-assets/webwork/webwork-representations.xml: origin is 'ptx'
INFO    : building representations of PTX-authored WeBWorK problem
INFO    : sending webwork-1601 to server to save in /Users/alex.jordan/orcca/generated-assets/webwork/webwork-representations.xml: origin is 'ptx'
INFO    : building representations of PTX-authored WeBWorK problem
INFO    : sending webwork-1602 to server to save in /Users/alex.jordan/orcca/generated-assets/webwork/webwork-representations.xml: origin is 'ptx'
INFO    : building representations of PTX-authored WeBWorK problem
INFO    : sending webwork-1603 to server to save in /Users/alex.jordan/orcca/generated-assets/webwork/webwork-representations.xml: origin is 'ptx'
INFO    : building representations of PTX-authored WeBWorK problem
INFO    : sending webwork-1604 to server to save in /Users/alex.jordan/orcca/generated-assets/webwork/webwork-representations.xml: origin is 'ptx'
INFO    : building representations of PTX-authored WeBWorK problem
INFO    : sending webwork-1605 to server to save in /Users/alex.jordan/orcca/generated-assets/webwork/webwork-representations.xml: origin is 'ptx'
INFO    : building representations of PTX-authored WeBWorK problem
INFO    : sending webwork-1606 to server to save in /Users/alex.jordan/orcca/generated-assets/webwork/webwork-representations.xml: origin is 'ptx'
INFO    : building representations of PTX-authored WeBWorK problem
INFO    : sending webwork-1607 to server to save in /Users/alex.jordan/orcca/generated-assets/webwork/webwork-representations.xml: origin is 'ptx'
INFO    : building representations of server-based WeBWorK problem
INFO    : sending webwork-1608 to server to save in /Users/alex.jordan/orcca/generated-assets/webwork/webwork-representations.xml: origin is 'server'
INFO    : saving image file webwork-1608-image-1.png  in /Users/alex.jordan/orcca/generated-assets/webwork/images
INFO    : building representations of server-based WeBWorK problem
INFO    : sending webwork-1609 to server to save in /Users/alex.jordan/orcca/generated-assets/webwork/webwork-representations.xml: origin is 'server'
INFO    : saving image file webwork-1609-image-1.png  in /Users/alex.jordan/orcca/generated-assets/webwork/images
INFO    : building representations of server-based WeBWorK problem
INFO    : sending webwork-1610 to server to save in /Users/alex.jordan/orcca/generated-assets/webwork/webwork-representations.xml: origin is 'server'
INFO    : saving image file webwork-1610-image-1.png  in /Users/alex.jordan/orcca/generated-assets/webwork/images
INFO    : building representations of server-based WeBWorK problem
INFO    : sending webwork-1611 to server to save in /Users/alex.jordan/orcca/generated-assets/webwork/webwork-representations.xml: origin is 'server'
INFO    : saving image file webwork-1611-image-1.png  in /Users/alex.jordan/orcca/generated-assets/webwork/images
INFO    : building representations of server-based WeBWorK problem
INFO    : sending webwork-1612 to server to save in /Users/alex.jordan/orcca/generated-assets/webwork/webwork-representations.xml: origin is 'server'
INFO    : saving image file webwork-1612-image-1.png  in /Users/alex.jordan/orcca/generated-assets/webwork/images
INFO    : building representations of server-based WeBWorK problem
INFO    : sending webwork-1613 to server to save in /Users/alex.jordan/orcca/generated-assets/webwork/webwork-representations.xml: origin is 'server'
INFO    : saving image file webwork-1613-image-1.png  in /Users/alex.jordan/orcca/generated-assets/webwork/images
INFO    : building representations of server-based WeBWorK problem
INFO    : sending webwork-1614 to server to save in /Users/alex.jordan/orcca/generated-assets/webwork/webwork-representations.xml: origin is 'server'
INFO    : building representations of server-based WeBWorK problem
INFO    : sending webwork-1615 to server to save in /Users/alex.jordan/orcca/generated-assets/webwork/webwork-representations.xml: origin is 'server'
INFO    : building representations of server-based WeBWorK problem
INFO    : sending webwork-1616 to server to save in /Users/alex.jordan/orcca/generated-assets/webwork/webwork-representations.xml: origin is 'server'
INFO    : saving image file webwork-1616-image-1.png  in /Users/alex.jordan/orcca/generated-assets/webwork/images
INFO    : building representations of server-based WeBWorK problem
INFO    : sending webwork-1617 to server to save in /Users/alex.jordan/orcca/generated-assets/webwork/webwork-representations.xml: origin is 'server'
INFO    : saving image file webwork-1617-image-1.png  in /Users/alex.jordan/orcca/generated-assets/webwork/images
INFO    : building representations of server-based WeBWorK problem
INFO    : sending webwork-1618 to server to save in /Users/alex.jordan/orcca/generated-assets/webwork/webwork-representations.xml: origin is 'server'
INFO    : saving image file webwork-1618-image-1.png  in /Users/alex.jordan/orcca/generated-assets/webwork/images
INFO    : building representations of server-based WeBWorK problem
INFO    : sending webwork-1619 to server to save in /Users/alex.jordan/orcca/generated-assets/webwork/webwork-representations.xml: origin is 'server'
INFO    : saving image file webwork-1619-image-1.png  in /Users/alex.jordan/orcca/generated-assets/webwork/images
INFO    : building representations of server-based WeBWorK problem
INFO    : sending webwork-1620 to server to save in /Users/alex.jordan/orcca/generated-assets/webwork/webwork-representations.xml: origin is 'server'
INFO    : saving image file webwork-1620-image-1.png  in /Users/alex.jordan/orcca/generated-assets/webwork/images
INFO    : building representations of server-based WeBWorK problem
INFO    : sending webwork-1621 to server to save in /Users/alex.jordan/orcca/generated-assets/webwork/webwork-representations.xml: origin is 'server'
INFO    : saving image file webwork-1621-image-1.png  in /Users/alex.jordan/orcca/generated-assets/webwork/images
INFO    : building representations of server-based WeBWorK problem
INFO    : sending webwork-1622 to server to save in /Users/alex.jordan/orcca/generated-assets/webwork/webwork-representations.xml: origin is 'server'
INFO    : building representations of server-based WeBWorK problem
INFO    : sending webwork-1623 to server to save in /Users/alex.jordan/orcca/generated-assets/webwork/webwork-representations.xml: origin is 'server'
INFO    : building representations of server-based WeBWorK problem
INFO    : sending webwork-1624 to server to save in /Users/alex.jordan/orcca/generated-assets/webwork/webwork-representations.xml: origin is 'server'
INFO    : building representations of server-based WeBWorK problem
INFO    : sending webwork-1625 to server to save in /Users/alex.jordan/orcca/generated-assets/webwork/webwork-representations.xml: origin is 'server'
INFO    : building representations of server-based WeBWorK problem
INFO    : sending webwork-1626 to server to save in /Users/alex.jordan/orcca/generated-assets/webwork/webwork-representations.xml: origin is 'server'
INFO    : building representations of server-based WeBWorK problem
INFO    : sending webwork-1627 to server to save in /Users/alex.jordan/orcca/generated-assets/webwork/webwork-representations.xml: origin is 'server'
INFO    : building representations of server-based WeBWorK problem
INFO    : sending webwork-1628 to server to save in /Users/alex.jordan/orcca/generated-assets/webwork/webwork-representations.xml: origin is 'server'
INFO    : building representations of server-based WeBWorK problem
INFO    : sending webwork-1629 to server to save in /Users/alex.jordan/orcca/generated-assets/webwork/webwork-representations.xml: origin is 'server'
INFO    : building representations of server-based WeBWorK problem
INFO    : sending webwork-1630 to server to save in /Users/alex.jordan/orcca/generated-assets/webwork/webwork-representations.xml: origin is 'server'
INFO    : building representations of server-based WeBWorK problem
INFO    : sending webwork-1631 to server to save in /Users/alex.jordan/orcca/generated-assets/webwork/webwork-representations.xml: origin is 'server'
INFO    : building representations of server-based WeBWorK problem
INFO    : sending webwork-1632 to server to save in /Users/alex.jordan/orcca/generated-assets/webwork/webwork-representations.xml: origin is 'server'
INFO    : building representations of server-based WeBWorK problem
INFO    : sending webwork-1633 to server to save in /Users/alex.jordan/orcca/generated-assets/webwork/webwork-representations.xml: origin is 'server'
INFO    : building representations of server-based WeBWorK problem
INFO    : sending webwork-1634 to server to save in /Users/alex.jordan/orcca/generated-assets/webwork/webwork-representations.xml: origin is 'server'
INFO    : building representations of server-based WeBWorK problem
INFO    : sending webwork-1635 to server to save in /Users/alex.jordan/orcca/generated-assets/webwork/webwork-representations.xml: origin is 'server'
INFO    : building representations of server-based WeBWorK problem
INFO    : sending webwork-1636 to server to save in /Users/alex.jordan/orcca/generated-assets/webwork/webwork-representations.xml: origin is 'server'
INFO    : building representations of server-based WeBWorK problem
INFO    : sending webwork-1637 to server to save in /Users/alex.jordan/orcca/generated-assets/webwork/webwork-representations.xml: origin is 'server'
INFO    : building representations of server-based WeBWorK problem
INFO    : sending webwork-1638 to server to save in /Users/alex.jordan/orcca/generated-assets/webwork/webwork-representations.xml: origin is 'server'
INFO    : building representations of server-based WeBWorK problem
INFO    : sending webwork-1639 to server to save in /Users/alex.jordan/orcca/generated-assets/webwork/webwork-representations.xml: origin is 'server'
INFO    : building representations of server-based WeBWorK problem
INFO    : sending webwork-1640 to server to save in /Users/alex.jordan/orcca/generated-assets/webwork/webwork-representations.xml: origin is 'server'
INFO    : building representations of server-based WeBWorK problem
INFO    : sending webwork-1641 to server to save in /Users/alex.jordan/orcca/generated-assets/webwork/webwork-representations.xml: origin is 'server'
INFO    : building representations of server-based WeBWorK problem
INFO    : sending webwork-1642 to server to save in /Users/alex.jordan/orcca/generated-assets/webwork/webwork-representations.xml: origin is 'server'
INFO    : building representations of server-based WeBWorK problem
INFO    : sending webwork-1643 to server to save in /Users/alex.jordan/orcca/generated-assets/webwork/webwork-representations.xml: origin is 'server'
INFO    : building representations of server-based WeBWorK problem
INFO    : sending webwork-1644 to server to save in /Users/alex.jordan/orcca/generated-assets/webwork/webwork-representations.xml: origin is 'server'
INFO    : building representations of server-based WeBWorK problem
INFO    : sending webwork-1645 to server to save in /Users/alex.jordan/orcca/generated-assets/webwork/webwork-representations.xml: origin is 'server'
INFO    : building representations of server-based WeBWorK problem
INFO    : sending webwork-1646 to server to save in /Users/alex.jordan/orcca/generated-assets/webwork/webwork-representations.xml: origin is 'server'
INFO    : building representations of server-based WeBWorK problem
INFO    : sending webwork-1647 to server to save in /Users/alex.jordan/orcca/generated-assets/webwork/webwork-representations.xml: origin is 'server'
INFO    : building representations of server-based WeBWorK problem
INFO    : sending webwork-1648 to server to save in /Users/alex.jordan/orcca/generated-assets/webwork/webwork-representations.xml: origin is 'server'
INFO    : building representations of server-based WeBWorK problem
INFO    : sending webwork-1649 to server to save in /Users/alex.jordan/orcca/generated-assets/webwork/webwork-representations.xml: origin is 'server'
INFO    : building representations of server-based WeBWorK problem
INFO    : sending webwork-1650 to server to save in /Users/alex.jordan/orcca/generated-assets/webwork/webwork-representations.xml: origin is 'server'
INFO    : building representations of server-based WeBWorK problem
INFO    : sending webwork-1651 to server to save in /Users/alex.jordan/orcca/generated-assets/webwork/webwork-representations.xml: origin is 'server'
INFO    : building representations of server-based WeBWorK problem
INFO    : sending webwork-1652 to server to save in /Users/alex.jordan/orcca/generated-assets/webwork/webwork-representations.xml: origin is 'server'
INFO    : building representations of server-based WeBWorK problem
INFO    : sending webwork-1653 to server to save in /Users/alex.jordan/orcca/generated-assets/webwork/webwork-representations.xml: origin is 'server'
INFO    : building representations of server-based WeBWorK problem
INFO    : sending webwork-1654 to server to save in /Users/alex.jordan/orcca/generated-assets/webwork/webwork-representations.xml: origin is 'server'
INFO    : building representations of server-based WeBWorK problem
INFO    : sending webwork-1655 to server to save in /Users/alex.jordan/orcca/generated-assets/webwork/webwork-representations.xml: origin is 'server'
INFO    : building representations of server-based WeBWorK problem
INFO    : sending webwork-1656 to server to save in /Users/alex.jordan/orcca/generated-assets/webwork/webwork-representations.xml: origin is 'server'
INFO    : building representations of server-based WeBWorK problem
INFO    : sending webwork-1657 to server to save in /Users/alex.jordan/orcca/generated-assets/webwork/webwork-representations.xml: origin is 'server'
INFO    : building representations of server-based WeBWorK problem
INFO    : sending webwork-1658 to server to save in /Users/alex.jordan/orcca/generated-assets/webwork/webwork-representations.xml: origin is 'server'
INFO    : building representations of server-based WeBWorK problem
INFO    : sending webwork-1659 to server to save in /Users/alex.jordan/orcca/generated-assets/webwork/webwork-representations.xml: origin is 'server'
INFO    : building representations of server-based WeBWorK problem
INFO    : sending webwork-1660 to server to save in /Users/alex.jordan/orcca/generated-assets/webwork/webwork-representations.xml: origin is 'server'
INFO    : building representations of server-based WeBWorK problem
INFO    : sending webwork-1661 to server to save in /Users/alex.jordan/orcca/generated-assets/webwork/webwork-representations.xml: origin is 'server'
INFO    : building representations of server-based WeBWorK problem
INFO    : sending webwork-1662 to server to save in /Users/alex.jordan/orcca/generated-assets/webwork/webwork-representations.xml: origin is 'server'
INFO    : building representations of server-based WeBWorK problem
INFO    : sending webwork-1663 to server to save in /Users/alex.jordan/orcca/generated-assets/webwork/webwork-representations.xml: origin is 'server'
INFO    : building representations of PTX-authored WeBWorK problem
INFO    : sending webwork-1664 to server to save in /Users/alex.jordan/orcca/generated-assets/webwork/webwork-representations.xml: origin is 'ptx'
INFO    : building representations of PTX-authored WeBWorK problem
INFO    : sending webwork-1665 to server to save in /Users/alex.jordan/orcca/generated-assets/webwork/webwork-representations.xml: origin is 'ptx'
INFO    : building representations of PTX-authored WeBWorK problem
INFO    : sending webwork-1666 to server to save in /Users/alex.jordan/orcca/generated-assets/webwork/webwork-representations.xml: origin is 'ptx'
INFO    : saving image file webwork-1666-image-1.tgz (contents) in /Users/alex.jordan/orcca/generated-assets/webwork/images
INFO    : building representations of PTX-authored WeBWorK problem
INFO    : sending webwork-1667 to server to save in /Users/alex.jordan/orcca/generated-assets/webwork/webwork-representations.xml: origin is 'ptx'
INFO    : building representations of PTX-authored WeBWorK problem
INFO    : sending webwork-1668 to server to save in /Users/alex.jordan/orcca/generated-assets/webwork/webwork-representations.xml: origin is 'ptx'
INFO    : building representations of PTX-authored WeBWorK problem
INFO    : sending webwork-1669 to server to save in /Users/alex.jordan/orcca/generated-assets/webwork/webwork-representations.xml: origin is 'ptx'
INFO    : building representations of PTX-authored WeBWorK problem
INFO    : sending webwork-1670 to server to save in /Users/alex.jordan/orcca/generated-assets/webwork/webwork-representations.xml: origin is 'ptx'
INFO    : building representations of PTX-authored WeBWorK problem
INFO    : sending webwork-1671 to server to save in /Users/alex.jordan/orcca/generated-assets/webwork/webwork-representations.xml: origin is 'ptx'
INFO    : building representations of PTX-authored WeBWorK problem
INFO    : sending webwork-1672 to server to save in /Users/alex.jordan/orcca/generated-assets/webwork/webwork-representations.xml: origin is 'ptx'
INFO    : building representations of PTX-authored WeBWorK problem
INFO    : sending webwork-1673 to server to save in /Users/alex.jordan/orcca/generated-assets/webwork/webwork-representations.xml: origin is 'ptx'
INFO    : building representations of PTX-authored WeBWorK problem
INFO    : sending webwork-1674 to server to save in /Users/alex.jordan/orcca/generated-assets/webwork/webwork-representations.xml: origin is 'ptx'
INFO    : saving image file webwork-1674-image-1.tgz (contents) in /Users/alex.jordan/orcca/generated-assets/webwork/images
INFO    : building representations of PTX-authored WeBWorK problem
INFO    : sending webwork-1675 to server to save in /Users/alex.jordan/orcca/generated-assets/webwork/webwork-representations.xml: origin is 'ptx'
INFO    : saving image file webwork-1675-image-1.tgz (contents) in /Users/alex.jordan/orcca/generated-assets/webwork/images
INFO    : building representations of server-based WeBWorK problem
INFO    : sending webwork-1676 to server to save in /Users/alex.jordan/orcca/generated-assets/webwork/webwork-representations.xml: origin is 'server'
INFO    : saving image file webwork-1676-image-1.png  in /Users/alex.jordan/orcca/generated-assets/webwork/images
INFO    : building representations of server-based WeBWorK problem
INFO    : sending webwork-1677 to server to save in /Users/alex.jordan/orcca/generated-assets/webwork/webwork-representations.xml: origin is 'server'
INFO    : saving image file webwork-1677-image-1.png  in /Users/alex.jordan/orcca/generated-assets/webwork/images
INFO    : building representations of server-based WeBWorK problem
INFO    : sending webwork-1678 to server to save in /Users/alex.jordan/orcca/generated-assets/webwork/webwork-representations.xml: origin is 'server'
INFO    : saving image file webwork-1678-image-1.png  in /Users/alex.jordan/orcca/generated-assets/webwork/images
INFO    : building representations of server-based WeBWorK problem
INFO    : sending webwork-1679 to server to save in /Users/alex.jordan/orcca/generated-assets/webwork/webwork-representations.xml: origin is 'server'
INFO    : saving image file webwork-1679-image-1.png  in /Users/alex.jordan/orcca/generated-assets/webwork/images
INFO    : building representations of server-based WeBWorK problem
INFO    : sending webwork-1680 to server to save in /Users/alex.jordan/orcca/generated-assets/webwork/webwork-representations.xml: origin is 'server'
INFO    : building representations of server-based WeBWorK problem
INFO    : sending webwork-1681 to server to save in /Users/alex.jordan/orcca/generated-assets/webwork/webwork-representations.xml: origin is 'server'
INFO    : building representations of server-based WeBWorK problem
INFO    : sending webwork-1682 to server to save in /Users/alex.jordan/orcca/generated-assets/webwork/webwork-representations.xml: origin is 'server'
INFO    : building representations of server-based WeBWorK problem
INFO    : sending webwork-1683 to server to save in /Users/alex.jordan/orcca/generated-assets/webwork/webwork-representations.xml: origin is 'server'
INFO    : building representations of server-based WeBWorK problem
INFO    : sending webwork-1684 to server to save in /Users/alex.jordan/orcca/generated-assets/webwork/webwork-representations.xml: origin is 'server'
INFO    : building representations of server-based WeBWorK problem
INFO    : sending webwork-1685 to server to save in /Users/alex.jordan/orcca/generated-assets/webwork/webwork-representations.xml: origin is 'server'
INFO    : building representations of server-based WeBWorK problem
INFO    : sending webwork-1686 to server to save in /Users/alex.jordan/orcca/generated-assets/webwork/webwork-representations.xml: origin is 'server'
INFO    : building representations of server-based WeBWorK problem
INFO    : sending webwork-1687 to server to save in /Users/alex.jordan/orcca/generated-assets/webwork/webwork-representations.xml: origin is 'server'
INFO    : building representations of server-based WeBWorK problem
INFO    : sending webwork-1688 to server to save in /Users/alex.jordan/orcca/generated-assets/webwork/webwork-representations.xml: origin is 'server'
INFO    : building representations of server-based WeBWorK problem
INFO    : sending webwork-1689 to server to save in /Users/alex.jordan/orcca/generated-assets/webwork/webwork-representations.xml: origin is 'server'
INFO    : building representations of server-based WeBWorK problem
INFO    : sending webwork-1690 to server to save in /Users/alex.jordan/orcca/generated-assets/webwork/webwork-representations.xml: origin is 'server'
INFO    : building representations of server-based WeBWorK problem
INFO    : sending webwork-1691 to server to save in /Users/alex.jordan/orcca/generated-assets/webwork/webwork-representations.xml: origin is 'server'
INFO    : building representations of server-based WeBWorK problem
INFO    : sending webwork-1692 to server to save in /Users/alex.jordan/orcca/generated-assets/webwork/webwork-representations.xml: origin is 'server'
INFO    : building representations of server-based WeBWorK problem
INFO    : sending webwork-1693 to server to save in /Users/alex.jordan/orcca/generated-assets/webwork/webwork-representations.xml: origin is 'server'
INFO    : building representations of server-based WeBWorK problem
INFO    : sending webwork-1694 to server to save in /Users/alex.jordan/orcca/generated-assets/webwork/webwork-representations.xml: origin is 'server'
INFO    : building representations of server-based WeBWorK problem
INFO    : sending webwork-1695 to server to save in /Users/alex.jordan/orcca/generated-assets/webwork/webwork-representations.xml: origin is 'server'
INFO    : building representations of server-based WeBWorK problem
INFO    : sending webwork-1696 to server to save in /Users/alex.jordan/orcca/generated-assets/webwork/webwork-representations.xml: origin is 'server'
INFO    : building representations of server-based WeBWorK problem
INFO    : sending webwork-1697 to server to save in /Users/alex.jordan/orcca/generated-assets/webwork/webwork-representations.xml: origin is 'server'
INFO    : building representations of server-based WeBWorK problem
INFO    : sending webwork-1698 to server to save in /Users/alex.jordan/orcca/generated-assets/webwork/webwork-representations.xml: origin is 'server'
INFO    : building representations of server-based WeBWorK problem
INFO    : sending webwork-1699 to server to save in /Users/alex.jordan/orcca/generated-assets/webwork/webwork-representations.xml: origin is 'server'
INFO    : building representations of server-based WeBWorK problem
INFO    : sending webwork-1700 to server to save in /Users/alex.jordan/orcca/generated-assets/webwork/webwork-representations.xml: origin is 'server'
INFO    : building representations of server-based WeBWorK problem
INFO    : sending webwork-1701 to server to save in /Users/alex.jordan/orcca/generated-assets/webwork/webwork-representations.xml: origin is 'server'
INFO    : building representations of server-based WeBWorK problem
INFO    : sending webwork-1702 to server to save in /Users/alex.jordan/orcca/generated-assets/webwork/webwork-representations.xml: origin is 'server'
INFO    : building representations of server-based WeBWorK problem
INFO    : sending webwork-1703 to server to save in /Users/alex.jordan/orcca/generated-assets/webwork/webwork-representations.xml: origin is 'server'
INFO    : building representations of server-based WeBWorK problem
INFO    : sending webwork-1704 to server to save in /Users/alex.jordan/orcca/generated-assets/webwork/webwork-representations.xml: origin is 'server'
INFO    : building representations of server-based WeBWorK problem
INFO    : sending webwork-1705 to server to save in /Users/alex.jordan/orcca/generated-assets/webwork/webwork-representations.xml: origin is 'server'
INFO    : building representations of server-based WeBWorK problem
INFO    : sending webwork-1706 to server to save in /Users/alex.jordan/orcca/generated-assets/webwork/webwork-representations.xml: origin is 'server'
INFO    : building representations of server-based WeBWorK problem
INFO    : sending webwork-1707 to server to save in /Users/alex.jordan/orcca/generated-assets/webwork/webwork-representations.xml: origin is 'server'
INFO    : building representations of server-based WeBWorK problem
INFO    : sending webwork-1708 to server to save in /Users/alex.jordan/orcca/generated-assets/webwork/webwork-representations.xml: origin is 'server'
INFO    : building representations of server-based WeBWorK problem
INFO    : sending webwork-1709 to server to save in /Users/alex.jordan/orcca/generated-assets/webwork/webwork-representations.xml: origin is 'server'
INFO    : building representations of server-based WeBWorK problem
INFO    : sending webwork-1710 to server to save in /Users/alex.jordan/orcca/generated-assets/webwork/webwork-representations.xml: origin is 'server'
INFO    : building representations of server-based WeBWorK problem
INFO    : sending webwork-1711 to server to save in /Users/alex.jordan/orcca/generated-assets/webwork/webwork-representations.xml: origin is 'server'
INFO    : building representations of server-based WeBWorK problem
INFO    : sending webwork-1712 to server to save in /Users/alex.jordan/orcca/generated-assets/webwork/webwork-representations.xml: origin is 'server'
INFO    : building representations of server-based WeBWorK problem
INFO    : sending webwork-1713 to server to save in /Users/alex.jordan/orcca/generated-assets/webwork/webwork-representations.xml: origin is 'server'
INFO    : building representations of server-based WeBWorK problem
INFO    : sending webwork-1714 to server to save in /Users/alex.jordan/orcca/generated-assets/webwork/webwork-representations.xml: origin is 'server'
INFO    : building representations of server-based WeBWorK problem
INFO    : sending webwork-1715 to server to save in /Users/alex.jordan/orcca/generated-assets/webwork/webwork-representations.xml: origin is 'server'
INFO    : building representations of server-based WeBWorK problem
INFO    : sending webwork-1716 to server to save in /Users/alex.jordan/orcca/generated-assets/webwork/webwork-representations.xml: origin is 'server'
INFO    : building representations of server-based WeBWorK problem
INFO    : sending webwork-1717 to server to save in /Users/alex.jordan/orcca/generated-assets/webwork/webwork-representations.xml: origin is 'server'
INFO    : building representations of server-based WeBWorK problem
INFO    : sending webwork-1718 to server to save in /Users/alex.jordan/orcca/generated-assets/webwork/webwork-representations.xml: origin is 'server'
INFO    : building representations of server-based WeBWorK problem
INFO    : sending webwork-1719 to server to save in /Users/alex.jordan/orcca/generated-assets/webwork/webwork-representations.xml: origin is 'server'
INFO    : building representations of server-based WeBWorK problem
INFO    : sending webwork-1720 to server to save in /Users/alex.jordan/orcca/generated-assets/webwork/webwork-representations.xml: origin is 'server'
INFO    : building representations of server-based WeBWorK problem
INFO    : sending webwork-1721 to server to save in /Users/alex.jordan/orcca/generated-assets/webwork/webwork-representations.xml: origin is 'server'
INFO    : building representations of server-based WeBWorK problem
INFO    : sending webwork-1722 to server to save in /Users/alex.jordan/orcca/generated-assets/webwork/webwork-representations.xml: origin is 'server'
INFO    : building representations of server-based WeBWorK problem
INFO    : sending webwork-1723 to server to save in /Users/alex.jordan/orcca/generated-assets/webwork/webwork-representations.xml: origin is 'server'
INFO    : building representations of server-based WeBWorK problem
INFO    : sending webwork-1724 to server to save in /Users/alex.jordan/orcca/generated-assets/webwork/webwork-representations.xml: origin is 'server'
INFO    : building representations of server-based WeBWorK problem
INFO    : sending webwork-1725 to server to save in /Users/alex.jordan/orcca/generated-assets/webwork/webwork-representations.xml: origin is 'server'
INFO    : building representations of server-based WeBWorK problem
INFO    : sending webwork-1726 to server to save in /Users/alex.jordan/orcca/generated-assets/webwork/webwork-representations.xml: origin is 'server'
INFO    : building representations of server-based WeBWorK problem
INFO    : sending webwork-1727 to server to save in /Users/alex.jordan/orcca/generated-assets/webwork/webwork-representations.xml: origin is 'server'
INFO    : building representations of server-based WeBWorK problem
INFO    : sending webwork-1728 to server to save in /Users/alex.jordan/orcca/generated-assets/webwork/webwork-representations.xml: origin is 'server'
INFO    : building representations of server-based WeBWorK problem
INFO    : sending webwork-1729 to server to save in /Users/alex.jordan/orcca/generated-assets/webwork/webwork-representations.xml: origin is 'server'
INFO    : building representations of server-based WeBWorK problem
INFO    : sending webwork-1730 to server to save in /Users/alex.jordan/orcca/generated-assets/webwork/webwork-representations.xml: origin is 'server'
INFO    : building representations of server-based WeBWorK problem
INFO    : sending webwork-1731 to server to save in /Users/alex.jordan/orcca/generated-assets/webwork/webwork-representations.xml: origin is 'server'
INFO    : building representations of server-based WeBWorK problem
INFO    : sending webwork-1732 to server to save in /Users/alex.jordan/orcca/generated-assets/webwork/webwork-representations.xml: origin is 'server'
INFO    : building representations of server-based WeBWorK problem
INFO    : sending webwork-1733 to server to save in /Users/alex.jordan/orcca/generated-assets/webwork/webwork-representations.xml: origin is 'server'
INFO    : building representations of server-based WeBWorK problem
INFO    : sending webwork-1734 to server to save in /Users/alex.jordan/orcca/generated-assets/webwork/webwork-representations.xml: origin is 'server'
INFO    : building representations of server-based WeBWorK problem
INFO    : sending webwork-1735 to server to save in /Users/alex.jordan/orcca/generated-assets/webwork/webwork-representations.xml: origin is 'server'
INFO    : building representations of server-based WeBWorK problem
INFO    : sending webwork-1736 to server to save in /Users/alex.jordan/orcca/generated-assets/webwork/webwork-representations.xml: origin is 'server'
INFO    : building representations of server-based WeBWorK problem
INFO    : sending webwork-1737 to server to save in /Users/alex.jordan/orcca/generated-assets/webwork/webwork-representations.xml: origin is 'server'
INFO    : building representations of server-based WeBWorK problem
INFO    : sending webwork-1738 to server to save in /Users/alex.jordan/orcca/generated-assets/webwork/webwork-representations.xml: origin is 'server'
INFO    : building representations of server-based WeBWorK problem
INFO    : sending webwork-1739 to server to save in /Users/alex.jordan/orcca/generated-assets/webwork/webwork-representations.xml: origin is 'server'
INFO    : building representations of server-based WeBWorK problem
INFO    : sending webwork-1740 to server to save in /Users/alex.jordan/orcca/generated-assets/webwork/webwork-representations.xml: origin is 'server'
INFO    : building representations of server-based WeBWorK problem
INFO    : sending webwork-1741 to server to save in /Users/alex.jordan/orcca/generated-assets/webwork/webwork-representations.xml: origin is 'server'
INFO    : building representations of server-based WeBWorK problem
INFO    : sending webwork-1742 to server to save in /Users/alex.jordan/orcca/generated-assets/webwork/webwork-representations.xml: origin is 'server'
INFO    : building representations of server-based WeBWorK problem
INFO    : sending webwork-1743 to server to save in /Users/alex.jordan/orcca/generated-assets/webwork/webwork-representations.xml: origin is 'server'
INFO    : building representations of server-based WeBWorK problem
INFO    : sending webwork-1744 to server to save in /Users/alex.jordan/orcca/generated-assets/webwork/webwork-representations.xml: origin is 'server'
INFO    : building representations of server-based WeBWorK problem
INFO    : sending webwork-1745 to server to save in /Users/alex.jordan/orcca/generated-assets/webwork/webwork-representations.xml: origin is 'server'
INFO    : building representations of server-based WeBWorK problem
INFO    : sending webwork-1746 to server to save in /Users/alex.jordan/orcca/generated-assets/webwork/webwork-representations.xml: origin is 'server'
INFO    : building representations of server-based WeBWorK problem
INFO    : sending webwork-1747 to server to save in /Users/alex.jordan/orcca/generated-assets/webwork/webwork-representations.xml: origin is 'server'
INFO    : building representations of server-based WeBWorK problem
INFO    : sending webwork-1748 to server to save in /Users/alex.jordan/orcca/generated-assets/webwork/webwork-representations.xml: origin is 'server'
INFO    : building representations of server-based WeBWorK problem
INFO    : sending webwork-1749 to server to save in /Users/alex.jordan/orcca/generated-assets/webwork/webwork-representations.xml: origin is 'server'
INFO    : building representations of server-based WeBWorK problem
INFO    : sending webwork-1750 to server to save in /Users/alex.jordan/orcca/generated-assets/webwork/webwork-representations.xml: origin is 'server'
INFO    : building representations of server-based WeBWorK problem
INFO    : sending webwork-1751 to server to save in /Users/alex.jordan/orcca/generated-assets/webwork/webwork-representations.xml: origin is 'server'
INFO    : building representations of server-based WeBWorK problem
INFO    : sending webwork-1752 to server to save in /Users/alex.jordan/orcca/generated-assets/webwork/webwork-representations.xml: origin is 'server'
INFO    : building representations of server-based WeBWorK problem
INFO    : sending webwork-1753 to server to save in /Users/alex.jordan/orcca/generated-assets/webwork/webwork-representations.xml: origin is 'server'
INFO    : building representations of server-based WeBWorK problem
INFO    : sending webwork-1754 to server to save in /Users/alex.jordan/orcca/generated-assets/webwork/webwork-representations.xml: origin is 'server'
INFO    : building representations of server-based WeBWorK problem
INFO    : sending webwork-1755 to server to save in /Users/alex.jordan/orcca/generated-assets/webwork/webwork-representations.xml: origin is 'server'
INFO    : building representations of server-based WeBWorK problem
INFO    : sending webwork-1756 to server to save in /Users/alex.jordan/orcca/generated-assets/webwork/webwork-representations.xml: origin is 'server'
INFO    : saving image file webwork-1756-image-1.png  in /Users/alex.jordan/orcca/generated-assets/webwork/images
INFO    : building representations of server-based WeBWorK problem
INFO    : sending webwork-1757 to server to save in /Users/alex.jordan/orcca/generated-assets/webwork/webwork-representations.xml: origin is 'server'
INFO    : building representations of server-based WeBWorK problem
INFO    : sending webwork-1758 to server to save in /Users/alex.jordan/orcca/generated-assets/webwork/webwork-representations.xml: origin is 'server'
INFO    : building representations of server-based WeBWorK problem
INFO    : sending webwork-1759 to server to save in /Users/alex.jordan/orcca/generated-assets/webwork/webwork-representations.xml: origin is 'server'
INFO    : building representations of server-based WeBWorK problem
INFO    : sending webwork-1760 to server to save in /Users/alex.jordan/orcca/generated-assets/webwork/webwork-representations.xml: origin is 'server'
INFO    : building representations of server-based WeBWorK problem
INFO    : sending webwork-1761 to server to save in /Users/alex.jordan/orcca/generated-assets/webwork/webwork-representations.xml: origin is 'server'
INFO    : building representations of server-based WeBWorK problem
INFO    : sending webwork-1762 to server to save in /Users/alex.jordan/orcca/generated-assets/webwork/webwork-representations.xml: origin is 'server'
INFO    : building representations of server-based WeBWorK problem
INFO    : sending webwork-1763 to server to save in /Users/alex.jordan/orcca/generated-assets/webwork/webwork-representations.xml: origin is 'server'
INFO    : saving image file webwork-1763-image-1.png  in /Users/alex.jordan/orcca/generated-assets/webwork/images
INFO    : building representations of server-based WeBWorK problem
INFO    : sending webwork-1764 to server to save in /Users/alex.jordan/orcca/generated-assets/webwork/webwork-representations.xml: origin is 'server'
INFO    : building representations of server-based WeBWorK problem
INFO    : sending webwork-1765 to server to save in /Users/alex.jordan/orcca/generated-assets/webwork/webwork-representations.xml: origin is 'server'
INFO    : building representations of server-based WeBWorK problem
INFO    : sending webwork-1766 to server to save in /Users/alex.jordan/orcca/generated-assets/webwork/webwork-representations.xml: origin is 'server'
INFO    : building representations of server-based WeBWorK problem
INFO    : sending webwork-1767 to server to save in /Users/alex.jordan/orcca/generated-assets/webwork/webwork-representations.xml: origin is 'server'
INFO    : building representations of server-based WeBWorK problem
INFO    : sending webwork-1768 to server to save in /Users/alex.jordan/orcca/generated-assets/webwork/webwork-representations.xml: origin is 'server'
INFO    : building representations of server-based WeBWorK problem
INFO    : sending webwork-1769 to server to save in /Users/alex.jordan/orcca/generated-assets/webwork/webwork-representations.xml: origin is 'server'
INFO    : building representations of server-based WeBWorK problem
INFO    : sending webwork-1770 to server to save in /Users/alex.jordan/orcca/generated-assets/webwork/webwork-representations.xml: origin is 'server'
INFO    : building representations of server-based WeBWorK problem
INFO    : sending webwork-1771 to server to save in /Users/alex.jordan/orcca/generated-assets/webwork/webwork-representations.xml: origin is 'server'
INFO    : building representations of server-based WeBWorK problem
INFO    : sending webwork-1772 to server to save in /Users/alex.jordan/orcca/generated-assets/webwork/webwork-representations.xml: origin is 'server'
INFO    : building representations of server-based WeBWorK problem
INFO    : sending webwork-1773 to server to save in /Users/alex.jordan/orcca/generated-assets/webwork/webwork-representations.xml: origin is 'server'
INFO    : building representations of server-based WeBWorK problem
INFO    : sending webwork-1774 to server to save in /Users/alex.jordan/orcca/generated-assets/webwork/webwork-representations.xml: origin is 'server'
INFO    : building representations of server-based WeBWorK problem
INFO    : sending webwork-1775 to server to save in /Users/alex.jordan/orcca/generated-assets/webwork/webwork-representations.xml: origin is 'server'
INFO    : building representations of PTX-authored WeBWorK problem
INFO    : sending webwork-1776 to server to save in /Users/alex.jordan/orcca/generated-assets/webwork/webwork-representations.xml: origin is 'ptx'
INFO    : building representations of PTX-authored WeBWorK problem
INFO    : sending webwork-1777 to server to save in /Users/alex.jordan/orcca/generated-assets/webwork/webwork-representations.xml: origin is 'ptx'
INFO    : building representations of PTX-authored WeBWorK problem
INFO    : sending webwork-1778 to server to save in /Users/alex.jordan/orcca/generated-assets/webwork/webwork-representations.xml: origin is 'ptx'
INFO    : building representations of PTX-authored WeBWorK problem
INFO    : sending webwork-1779 to server to save in /Users/alex.jordan/orcca/generated-assets/webwork/webwork-representations.xml: origin is 'ptx'
INFO    : building representations of PTX-authored WeBWorK problem
INFO    : sending webwork-1780 to server to save in /Users/alex.jordan/orcca/generated-assets/webwork/webwork-representations.xml: origin is 'ptx'
INFO    : building representations of PTX-authored WeBWorK problem
INFO    : sending webwork-1781 to server to save in /Users/alex.jordan/orcca/generated-assets/webwork/webwork-representations.xml: origin is 'ptx'
INFO    : building representations of PTX-authored WeBWorK problem
INFO    : sending webwork-1782 to server to save in /Users/alex.jordan/orcca/generated-assets/webwork/webwork-representations.xml: origin is 'ptx'
INFO    : building representations of server-based WeBWorK problem
INFO    : sending webwork-1783 to server to save in /Users/alex.jordan/orcca/generated-assets/webwork/webwork-representations.xml: origin is 'server'
INFO    : building representations of server-based WeBWorK problem
INFO    : sending webwork-1784 to server to save in /Users/alex.jordan/orcca/generated-assets/webwork/webwork-representations.xml: origin is 'server'
INFO    : building representations of server-based WeBWorK problem
INFO    : sending webwork-1785 to server to save in /Users/alex.jordan/orcca/generated-assets/webwork/webwork-representations.xml: origin is 'server'
INFO    : building representations of server-based WeBWorK problem
INFO    : sending webwork-1786 to server to save in /Users/alex.jordan/orcca/generated-assets/webwork/webwork-representations.xml: origin is 'server'
INFO    : building representations of server-based WeBWorK problem
INFO    : sending webwork-1787 to server to save in /Users/alex.jordan/orcca/generated-assets/webwork/webwork-representations.xml: origin is 'server'
INFO    : building representations of server-based WeBWorK problem
INFO    : sending webwork-1788 to server to save in /Users/alex.jordan/orcca/generated-assets/webwork/webwork-representations.xml: origin is 'server'
INFO    : building representations of server-based WeBWorK problem
INFO    : sending webwork-1789 to server to save in /Users/alex.jordan/orcca/generated-assets/webwork/webwork-representations.xml: origin is 'server'
INFO    : building representations of server-based WeBWorK problem
INFO    : sending webwork-1790 to server to save in /Users/alex.jordan/orcca/generated-assets/webwork/webwork-representations.xml: origin is 'server'
INFO    : building representations of server-based WeBWorK problem
INFO    : sending webwork-1791 to server to save in /Users/alex.jordan/orcca/generated-assets/webwork/webwork-representations.xml: origin is 'server'
INFO    : building representations of server-based WeBWorK problem
INFO    : sending webwork-1792 to server to save in /Users/alex.jordan/orcca/generated-assets/webwork/webwork-representations.xml: origin is 'server'
INFO    : building representations of server-based WeBWorK problem
INFO    : sending webwork-1793 to server to save in /Users/alex.jordan/orcca/generated-assets/webwork/webwork-representations.xml: origin is 'server'
INFO    : building representations of server-based WeBWorK problem
INFO    : sending webwork-1794 to server to save in /Users/alex.jordan/orcca/generated-assets/webwork/webwork-representations.xml: origin is 'server'
INFO    : building representations of server-based WeBWorK problem
INFO    : sending webwork-1795 to server to save in /Users/alex.jordan/orcca/generated-assets/webwork/webwork-representations.xml: origin is 'server'
INFO    : building representations of server-based WeBWorK problem
INFO    : sending webwork-1796 to server to save in /Users/alex.jordan/orcca/generated-assets/webwork/webwork-representations.xml: origin is 'server'
INFO    : building representations of server-based WeBWorK problem
INFO    : sending webwork-1797 to server to save in /Users/alex.jordan/orcca/generated-assets/webwork/webwork-representations.xml: origin is 'server'
INFO    : building representations of server-based WeBWorK problem
INFO    : sending webwork-1798 to server to save in /Users/alex.jordan/orcca/generated-assets/webwork/webwork-representations.xml: origin is 'server'
INFO    : building representations of server-based WeBWorK problem
INFO    : sending webwork-1799 to server to save in /Users/alex.jordan/orcca/generated-assets/webwork/webwork-representations.xml: origin is 'server'
INFO    : building representations of server-based WeBWorK problem
INFO    : sending webwork-1800 to server to save in /Users/alex.jordan/orcca/generated-assets/webwork/webwork-representations.xml: origin is 'server'
INFO    : building representations of server-based WeBWorK problem
INFO    : sending webwork-1801 to server to save in /Users/alex.jordan/orcca/generated-assets/webwork/webwork-representations.xml: origin is 'server'
INFO    : building representations of server-based WeBWorK problem
INFO    : sending webwork-1802 to server to save in /Users/alex.jordan/orcca/generated-assets/webwork/webwork-representations.xml: origin is 'server'
INFO    : building representations of server-based WeBWorK problem
INFO    : sending webwork-1803 to server to save in /Users/alex.jordan/orcca/generated-assets/webwork/webwork-representations.xml: origin is 'server'
INFO    : building representations of server-based WeBWorK problem
INFO    : sending webwork-1804 to server to save in /Users/alex.jordan/orcca/generated-assets/webwork/webwork-representations.xml: origin is 'server'
INFO    : building representations of server-based WeBWorK problem
INFO    : sending webwork-1805 to server to save in /Users/alex.jordan/orcca/generated-assets/webwork/webwork-representations.xml: origin is 'server'
INFO    : building representations of server-based WeBWorK problem
INFO    : sending webwork-1806 to server to save in /Users/alex.jordan/orcca/generated-assets/webwork/webwork-representations.xml: origin is 'server'
INFO    : building representations of server-based WeBWorK problem
INFO    : sending webwork-1807 to server to save in /Users/alex.jordan/orcca/generated-assets/webwork/webwork-representations.xml: origin is 'server'
INFO    : building representations of server-based WeBWorK problem
INFO    : sending webwork-1808 to server to save in /Users/alex.jordan/orcca/generated-assets/webwork/webwork-representations.xml: origin is 'server'
INFO    : building representations of server-based WeBWorK problem
INFO    : sending webwork-1809 to server to save in /Users/alex.jordan/orcca/generated-assets/webwork/webwork-representations.xml: origin is 'server'
INFO    : building representations of server-based WeBWorK problem
INFO    : sending webwork-1810 to server to save in /Users/alex.jordan/orcca/generated-assets/webwork/webwork-representations.xml: origin is 'server'
INFO    : building representations of server-based WeBWorK problem
INFO    : sending webwork-1811 to server to save in /Users/alex.jordan/orcca/generated-assets/webwork/webwork-representations.xml: origin is 'server'
INFO    : building representations of server-based WeBWorK problem
INFO    : sending webwork-1812 to server to save in /Users/alex.jordan/orcca/generated-assets/webwork/webwork-representations.xml: origin is 'server'
INFO    : building representations of server-based WeBWorK problem
INFO    : sending webwork-1813 to server to save in /Users/alex.jordan/orcca/generated-assets/webwork/webwork-representations.xml: origin is 'server'
INFO    : building representations of server-based WeBWorK problem
INFO    : sending webwork-1814 to server to save in /Users/alex.jordan/orcca/generated-assets/webwork/webwork-representations.xml: origin is 'server'
INFO    : building representations of server-based WeBWorK problem
INFO    : sending webwork-1815 to server to save in /Users/alex.jordan/orcca/generated-assets/webwork/webwork-representations.xml: origin is 'server'
INFO    : building representations of server-based WeBWorK problem
INFO    : sending webwork-1816 to server to save in /Users/alex.jordan/orcca/generated-assets/webwork/webwork-representations.xml: origin is 'server'
INFO    : building representations of server-based WeBWorK problem
INFO    : sending webwork-1817 to server to save in /Users/alex.jordan/orcca/generated-assets/webwork/webwork-representations.xml: origin is 'server'
INFO    : building representations of server-based WeBWorK problem
INFO    : sending webwork-1818 to server to save in /Users/alex.jordan/orcca/generated-assets/webwork/webwork-representations.xml: origin is 'server'
INFO    : building representations of server-based WeBWorK problem
INFO    : sending webwork-1819 to server to save in /Users/alex.jordan/orcca/generated-assets/webwork/webwork-representations.xml: origin is 'server'
INFO    : building representations of server-based WeBWorK problem
INFO    : sending webwork-1820 to server to save in /Users/alex.jordan/orcca/generated-assets/webwork/webwork-representations.xml: origin is 'server'
INFO    : building representations of server-based WeBWorK problem
INFO    : sending webwork-1821 to server to save in /Users/alex.jordan/orcca/generated-assets/webwork/webwork-representations.xml: origin is 'server'
INFO    : building representations of server-based WeBWorK problem
INFO    : sending webwork-1822 to server to save in /Users/alex.jordan/orcca/generated-assets/webwork/webwork-representations.xml: origin is 'server'
INFO    : building representations of PTX-authored WeBWorK problem
INFO    : sending webwork-1823 to server to save in /Users/alex.jordan/orcca/generated-assets/webwork/webwork-representations.xml: origin is 'ptx'
INFO    : building representations of PTX-authored WeBWorK problem
INFO    : sending webwork-1824 to server to save in /Users/alex.jordan/orcca/generated-assets/webwork/webwork-representations.xml: origin is 'ptx'
INFO    : building representations of PTX-authored WeBWorK problem
INFO    : sending webwork-1825 to server to save in /Users/alex.jordan/orcca/generated-assets/webwork/webwork-representations.xml: origin is 'ptx'
INFO    : building representations of server-based WeBWorK problem
INFO    : sending webwork-1826 to server to save in /Users/alex.jordan/orcca/generated-assets/webwork/webwork-representations.xml: origin is 'server'
INFO    : building representations of server-based WeBWorK problem
INFO    : sending webwork-1827 to server to save in /Users/alex.jordan/orcca/generated-assets/webwork/webwork-representations.xml: origin is 'server'
INFO    : building representations of server-based WeBWorK problem
INFO    : sending webwork-1828 to server to save in /Users/alex.jordan/orcca/generated-assets/webwork/webwork-representations.xml: origin is 'server'
INFO    : building representations of server-based WeBWorK problem
INFO    : sending webwork-1829 to server to save in /Users/alex.jordan/orcca/generated-assets/webwork/webwork-representations.xml: origin is 'server'
INFO    : building representations of server-based WeBWorK problem
INFO    : sending webwork-1830 to server to save in /Users/alex.jordan/orcca/generated-assets/webwork/webwork-representations.xml: origin is 'server'
INFO    : building representations of server-based WeBWorK problem
INFO    : sending webwork-1831 to server to save in /Users/alex.jordan/orcca/generated-assets/webwork/webwork-representations.xml: origin is 'server'
INFO    : building representations of server-based WeBWorK problem
INFO    : sending webwork-1832 to server to save in /Users/alex.jordan/orcca/generated-assets/webwork/webwork-representations.xml: origin is 'server'
INFO    : building representations of server-based WeBWorK problem
INFO    : sending webwork-1833 to server to save in /Users/alex.jordan/orcca/generated-assets/webwork/webwork-representations.xml: origin is 'server'
INFO    : building representations of server-based WeBWorK problem
INFO    : sending webwork-1834 to server to save in /Users/alex.jordan/orcca/generated-assets/webwork/webwork-representations.xml: origin is 'server'
INFO    : building representations of server-based WeBWorK problem
INFO    : sending webwork-1835 to server to save in /Users/alex.jordan/orcca/generated-assets/webwork/webwork-representations.xml: origin is 'server'
INFO    : building representations of server-based WeBWorK problem
INFO    : sending webwork-1836 to server to save in /Users/alex.jordan/orcca/generated-assets/webwork/webwork-representations.xml: origin is 'server'
INFO    : building representations of server-based WeBWorK problem
INFO    : sending webwork-1837 to server to save in /Users/alex.jordan/orcca/generated-assets/webwork/webwork-representations.xml: origin is 'server'
INFO    : building representations of server-based WeBWorK problem
INFO    : sending webwork-1838 to server to save in /Users/alex.jordan/orcca/generated-assets/webwork/webwork-representations.xml: origin is 'server'
INFO    : building representations of server-based WeBWorK problem
INFO    : sending webwork-1839 to server to save in /Users/alex.jordan/orcca/generated-assets/webwork/webwork-representations.xml: origin is 'server'
INFO    : building representations of server-based WeBWorK problem
INFO    : sending webwork-1840 to server to save in /Users/alex.jordan/orcca/generated-assets/webwork/webwork-representations.xml: origin is 'server'
INFO    : building representations of server-based WeBWorK problem
INFO    : sending webwork-1841 to server to save in /Users/alex.jordan/orcca/generated-assets/webwork/webwork-representations.xml: origin is 'server'
INFO    : building representations of server-based WeBWorK problem
INFO    : sending webwork-1842 to server to save in /Users/alex.jordan/orcca/generated-assets/webwork/webwork-representations.xml: origin is 'server'
INFO    : building representations of server-based WeBWorK problem
INFO    : sending webwork-1843 to server to save in /Users/alex.jordan/orcca/generated-assets/webwork/webwork-representations.xml: origin is 'server'
INFO    : building representations of server-based WeBWorK problem
INFO    : sending webwork-1844 to server to save in /Users/alex.jordan/orcca/generated-assets/webwork/webwork-representations.xml: origin is 'server'
INFO    : building representations of server-based WeBWorK problem
INFO    : sending webwork-1845 to server to save in /Users/alex.jordan/orcca/generated-assets/webwork/webwork-representations.xml: origin is 'server'
INFO    : building representations of server-based WeBWorK problem
INFO    : sending webwork-1846 to server to save in /Users/alex.jordan/orcca/generated-assets/webwork/webwork-representations.xml: origin is 'server'
INFO    : building representations of server-based WeBWorK problem
INFO    : sending webwork-1847 to server to save in /Users/alex.jordan/orcca/generated-assets/webwork/webwork-representations.xml: origin is 'server'
INFO    : building representations of server-based WeBWorK problem
INFO    : sending webwork-1848 to server to save in /Users/alex.jordan/orcca/generated-assets/webwork/webwork-representations.xml: origin is 'server'
INFO    : building representations of server-based WeBWorK problem
INFO    : sending webwork-1849 to server to save in /Users/alex.jordan/orcca/generated-assets/webwork/webwork-representations.xml: origin is 'server'
INFO    : building representations of server-based WeBWorK problem
INFO    : sending webwork-1850 to server to save in /Users/alex.jordan/orcca/generated-assets/webwork/webwork-representations.xml: origin is 'server'
INFO    : building representations of server-based WeBWorK problem
INFO    : sending webwork-1851 to server to save in /Users/alex.jordan/orcca/generated-assets/webwork/webwork-representations.xml: origin is 'server'
INFO    : building representations of server-based WeBWorK problem
INFO    : sending webwork-1852 to server to save in /Users/alex.jordan/orcca/generated-assets/webwork/webwork-representations.xml: origin is 'server'
INFO    : building representations of server-based WeBWorK problem
INFO    : sending webwork-1853 to server to save in /Users/alex.jordan/orcca/generated-assets/webwork/webwork-representations.xml: origin is 'server'
INFO    : building representations of server-based WeBWorK problem
INFO    : sending webwork-1854 to server to save in /Users/alex.jordan/orcca/generated-assets/webwork/webwork-representations.xml: origin is 'server'
INFO    : building representations of server-based WeBWorK problem
INFO    : sending webwork-1855 to server to save in /Users/alex.jordan/orcca/generated-assets/webwork/webwork-representations.xml: origin is 'server'
INFO    : building representations of server-based WeBWorK problem
INFO    : sending webwork-1856 to server to save in /Users/alex.jordan/orcca/generated-assets/webwork/webwork-representations.xml: origin is 'server'
INFO    : building representations of server-based WeBWorK problem
INFO    : sending webwork-1857 to server to save in /Users/alex.jordan/orcca/generated-assets/webwork/webwork-representations.xml: origin is 'server'
INFO    : building representations of server-based WeBWorK problem
INFO    : sending webwork-1858 to server to save in /Users/alex.jordan/orcca/generated-assets/webwork/webwork-representations.xml: origin is 'server'
INFO    : building representations of server-based WeBWorK problem
INFO    : sending webwork-1859 to server to save in /Users/alex.jordan/orcca/generated-assets/webwork/webwork-representations.xml: origin is 'server'
INFO    : building representations of server-based WeBWorK problem
INFO    : sending webwork-1860 to server to save in /Users/alex.jordan/orcca/generated-assets/webwork/webwork-representations.xml: origin is 'server'
INFO    : building representations of server-based WeBWorK problem
INFO    : sending webwork-1861 to server to save in /Users/alex.jordan/orcca/generated-assets/webwork/webwork-representations.xml: origin is 'server'
INFO    : building representations of server-based WeBWorK problem
INFO    : sending webwork-1862 to server to save in /Users/alex.jordan/orcca/generated-assets/webwork/webwork-representations.xml: origin is 'server'
INFO    : building representations of server-based WeBWorK problem
INFO    : sending webwork-1863 to server to save in /Users/alex.jordan/orcca/generated-assets/webwork/webwork-representations.xml: origin is 'server'
INFO    : building representations of server-based WeBWorK problem
INFO    : sending webwork-1864 to server to save in /Users/alex.jordan/orcca/generated-assets/webwork/webwork-representations.xml: origin is 'server'
INFO    : building representations of server-based WeBWorK problem
INFO    : sending webwork-1865 to server to save in /Users/alex.jordan/orcca/generated-assets/webwork/webwork-representations.xml: origin is 'server'
INFO    : building representations of server-based WeBWorK problem
INFO    : sending webwork-1866 to server to save in /Users/alex.jordan/orcca/generated-assets/webwork/webwork-representations.xml: origin is 'server'
INFO    : building representations of server-based WeBWorK problem
INFO    : sending webwork-1867 to server to save in /Users/alex.jordan/orcca/generated-assets/webwork/webwork-representations.xml: origin is 'server'
INFO    : building representations of server-based WeBWorK problem
INFO    : sending webwork-1868 to server to save in /Users/alex.jordan/orcca/generated-assets/webwork/webwork-representations.xml: origin is 'server'
INFO    : saving image file webwork-1868-image-1.png  in /Users/alex.jordan/orcca/generated-assets/webwork/images
INFO    : building representations of server-based WeBWorK problem
INFO    : sending webwork-1869 to server to save in /Users/alex.jordan/orcca/generated-assets/webwork/webwork-representations.xml: origin is 'server'
INFO    : saving image file webwork-1869-image-1.png  in /Users/alex.jordan/orcca/generated-assets/webwork/images
INFO    : building representations of server-based WeBWorK problem
INFO    : sending webwork-1870 to server to save in /Users/alex.jordan/orcca/generated-assets/webwork/webwork-representations.xml: origin is 'server'
INFO    : building representations of server-based WeBWorK problem
INFO    : sending webwork-1871 to server to save in /Users/alex.jordan/orcca/generated-assets/webwork/webwork-representations.xml: origin is 'server'
INFO    : building representations of server-based WeBWorK problem
INFO    : sending webwork-1872 to server to save in /Users/alex.jordan/orcca/generated-assets/webwork/webwork-representations.xml: origin is 'server'
INFO    : building representations of server-based WeBWorK problem
INFO    : sending webwork-1873 to server to save in /Users/alex.jordan/orcca/generated-assets/webwork/webwork-representations.xml: origin is 'server'
INFO    : building representations of server-based WeBWorK problem
INFO    : sending webwork-1874 to server to save in /Users/alex.jordan/orcca/generated-assets/webwork/webwork-representations.xml: origin is 'server'
INFO    : building representations of server-based WeBWorK problem
INFO    : sending webwork-1875 to server to save in /Users/alex.jordan/orcca/generated-assets/webwork/webwork-representations.xml: origin is 'server'
INFO    : building representations of server-based WeBWorK problem
INFO    : sending webwork-1876 to server to save in /Users/alex.jordan/orcca/generated-assets/webwork/webwork-representations.xml: origin is 'server'
INFO    : building representations of server-based WeBWorK problem
INFO    : sending webwork-1877 to server to save in /Users/alex.jordan/orcca/generated-assets/webwork/webwork-representations.xml: origin is 'server'
INFO    : building representations of server-based WeBWorK problem
INFO    : sending webwork-1878 to server to save in /Users/alex.jordan/orcca/generated-assets/webwork/webwork-representations.xml: origin is 'server'
INFO    : saving image file webwork-1878-image-1.png  in /Users/alex.jordan/orcca/generated-assets/webwork/images
INFO    : building representations of server-based WeBWorK problem
INFO    : sending webwork-1879 to server to save in /Users/alex.jordan/orcca/generated-assets/webwork/webwork-representations.xml: origin is 'server'
INFO    : saving image file webwork-1879-image-1.png  in /Users/alex.jordan/orcca/generated-assets/webwork/images
INFO    : building representations of server-based WeBWorK problem
INFO    : sending webwork-1880 to server to save in /Users/alex.jordan/orcca/generated-assets/webwork/webwork-representations.xml: origin is 'server'
INFO    : saving image file webwork-1880-image-1.png  in /Users/alex.jordan/orcca/generated-assets/webwork/images
INFO    : building representations of server-based WeBWorK problem
INFO    : sending webwork-1881 to server to save in /Users/alex.jordan/orcca/generated-assets/webwork/webwork-representations.xml: origin is 'server'
INFO    : saving image file webwork-1881-image-1.png  in /Users/alex.jordan/orcca/generated-assets/webwork/images
INFO    : building representations of server-based WeBWorK problem
INFO    : sending webwork-1882 to server to save in /Users/alex.jordan/orcca/generated-assets/webwork/webwork-representations.xml: origin is 'server'
INFO    : building representations of server-based WeBWorK problem
INFO    : sending webwork-1883 to server to save in /Users/alex.jordan/orcca/generated-assets/webwork/webwork-representations.xml: origin is 'server'
INFO    : building representations of server-based WeBWorK problem
INFO    : sending webwork-1884 to server to save in /Users/alex.jordan/orcca/generated-assets/webwork/webwork-representations.xml: origin is 'server'
INFO    : building representations of server-based WeBWorK problem
INFO    : sending webwork-1885 to server to save in /Users/alex.jordan/orcca/generated-assets/webwork/webwork-representations.xml: origin is 'server'
INFO    : building representations of server-based WeBWorK problem
INFO    : sending webwork-1886 to server to save in /Users/alex.jordan/orcca/generated-assets/webwork/webwork-representations.xml: origin is 'server'
INFO    : building representations of server-based WeBWorK problem
INFO    : sending webwork-1887 to server to save in /Users/alex.jordan/orcca/generated-assets/webwork/webwork-representations.xml: origin is 'server'
INFO    : building representations of server-based WeBWorK problem
INFO    : sending webwork-1888 to server to save in /Users/alex.jordan/orcca/generated-assets/webwork/webwork-representations.xml: origin is 'server'
INFO    : building representations of server-based WeBWorK problem
INFO    : sending webwork-1889 to server to save in /Users/alex.jordan/orcca/generated-assets/webwork/webwork-representations.xml: origin is 'server'
INFO    : building representations of server-based WeBWorK problem
INFO    : sending webwork-1890 to server to save in /Users/alex.jordan/orcca/generated-assets/webwork/webwork-representations.xml: origin is 'server'
INFO    : building representations of server-based WeBWorK problem
INFO    : sending webwork-1891 to server to save in /Users/alex.jordan/orcca/generated-assets/webwork/webwork-representations.xml: origin is 'server'
INFO    : building representations of server-based WeBWorK problem
INFO    : sending webwork-1892 to server to save in /Users/alex.jordan/orcca/generated-assets/webwork/webwork-representations.xml: origin is 'server'
INFO    : building representations of server-based WeBWorK problem
INFO    : sending webwork-1893 to server to save in /Users/alex.jordan/orcca/generated-assets/webwork/webwork-representations.xml: origin is 'server'
INFO    : building representations of server-based WeBWorK problem
INFO    : sending webwork-1894 to server to save in /Users/alex.jordan/orcca/generated-assets/webwork/webwork-representations.xml: origin is 'server'
INFO    : building representations of server-based WeBWorK problem
INFO    : sending webwork-1895 to server to save in /Users/alex.jordan/orcca/generated-assets/webwork/webwork-representations.xml: origin is 'server'
INFO    : building representations of server-based WeBWorK problem
INFO    : sending webwork-1896 to server to save in /Users/alex.jordan/orcca/generated-assets/webwork/webwork-representations.xml: origin is 'server'
INFO    : saving image file webwork-1896-image-1.png  in /Users/alex.jordan/orcca/generated-assets/webwork/images
INFO    : building representations of server-based WeBWorK problem
INFO    : sending webwork-1897 to server to save in /Users/alex.jordan/orcca/generated-assets/webwork/webwork-representations.xml: origin is 'server'
INFO    : saving image file webwork-1897-image-1.png  in /Users/alex.jordan/orcca/generated-assets/webwork/images
INFO    : building representations of PTX-authored WeBWorK problem
INFO    : sending webwork-order-of-operations-checkpoint-aminusgroupgroupbplusctimesd to server to save in /Users/alex.jordan/orcca/generated-assets/webwork/webwork-representations.xml: origin is 'ptx'
INFO    : building representations of PTX-authored WeBWorK problem
INFO    : sending webwork-order-of-operations-checkpoint-stepbystep to server to save in /Users/alex.jordan/orcca/generated-assets/webwork/webwork-representations.xml: origin is 'ptx'
INFO    : building representations of PTX-authored WeBWorK problem
INFO    : sending webwork-order-of-operations-checkpoint-adivgroupgroupbdivcplusdpluse to server to save in /Users/alex.jordan/orcca/generated-assets/webwork/webwork-representations.xml: origin is 'ptx'
INFO    : building representations of PTX-authored WeBWorK problem
INFO    : sending webwork-order-of-operations-checkpoint-groupaminusgroupbsquareddivgroupcminusdcubed to server to save in /Users/alex.jordan/orcca/generated-assets/webwork/webwork-representations.xml: origin is 'ptx'
INFO    : building representations of PTX-authored WeBWorK problem
INFO    : sending webwork-order-of-operations-checkpoint-impliedgrouping to server to save in /Users/alex.jordan/orcca/generated-assets/webwork/webwork-representations.xml: origin is 'ptx'
INFO    : building representations of PTX-authored WeBWorK problem
INFO    : sending webwork-order-of-operations-checkpoint-impliedgrouping2 to server to save in /Users/alex.jordan/orcca/generated-assets/webwork/webwork-representations.xml: origin is 'ptx'
INFO    : building representations of PTX-authored WeBWorK problem
INFO    : sending webwork-order-of-operations-checkpoint-negative-to-power to server to save in /Users/alex.jordan/orcca/generated-assets/webwork/webwork-representations.xml: origin is 'ptx'
INFO    : building representations of PTX-authored WeBWorK problem
INFO    : sending webwork-order-of-operations-aminusbplusc to server to save in /Users/alex.jordan/orcca/generated-assets/webwork/webwork-representations.xml: origin is 'ptx'
INFO    : building representations of PTX-authored WeBWorK problem
INFO    : sending webwork-order-of-operations-aplusbtimesc to server to save in /Users/alex.jordan/orcca/generated-assets/webwork/webwork-representations.xml: origin is 'ptx'
INFO    : building representations of PTX-authored WeBWorK problem
INFO    : sending webwork-order-of-operations-aminusbtimesc to server to save in /Users/alex.jordan/orcca/generated-assets/webwork/webwork-representations.xml: origin is 'ptx'
INFO    : building representations of PTX-authored WeBWorK problem
INFO    : sending webwork-order-of-operations-aplusbc to server to save in /Users/alex.jordan/orcca/generated-assets/webwork/webwork-representations.xml: origin is 'ptx'
INFO    : building representations of PTX-authored WeBWorK problem
INFO    : sending webwork-order-of-operations-aminusbc to server to save in /Users/alex.jordan/orcca/generated-assets/webwork/webwork-representations.xml: origin is 'ptx'
INFO    : building representations of PTX-authored WeBWorK problem
INFO    : sending webwork-order-of-operations-aplusbdivc to server to save in /Users/alex.jordan/orcca/generated-assets/webwork/webwork-representations.xml: origin is 'ptx'
INFO    : building representations of PTX-authored WeBWorK problem
INFO    : sending webwork-order-of-operations-aminusbdivc to server to save in /Users/alex.jordan/orcca/generated-assets/webwork/webwork-representations.xml: origin is 'ptx'
INFO    : building representations of PTX-authored WeBWorK problem
INFO    : sending webwork-order-of-operations-aplusbslashc to server to save in /Users/alex.jordan/orcca/generated-assets/webwork/webwork-representations.xml: origin is 'ptx'
INFO    : building representations of PTX-authored WeBWorK problem
INFO    : sending webwork-order-of-operations-aminusbslashc to server to save in /Users/alex.jordan/orcca/generated-assets/webwork/webwork-representations.xml: origin is 'ptx'
INFO    : building representations of PTX-authored WeBWorK problem
INFO    : sending webwork-order-of-operations-adivbslashc to server to save in /Users/alex.jordan/orcca/generated-assets/webwork/webwork-representations.xml: origin is 'ptx'
INFO    : building representations of PTX-authored WeBWorK problem
INFO    : sending webwork-order-of-operations-aplusbtoc to server to save in /Users/alex.jordan/orcca/generated-assets/webwork/webwork-representations.xml: origin is 'ptx'
INFO    : building representations of PTX-authored WeBWorK problem
INFO    : sending webwork-order-of-operations-aminusbtoc to server to save in /Users/alex.jordan/orcca/generated-assets/webwork/webwork-representations.xml: origin is 'ptx'
INFO    : building representations of PTX-authored WeBWorK problem
INFO    : sending webwork-order-of-operations-atimesbtoc to server to save in /Users/alex.jordan/orcca/generated-assets/webwork/webwork-representations.xml: origin is 'ptx'
INFO    : building representations of PTX-authored WeBWorK problem
INFO    : sending webwork-order-of-operations-adivbtoc to server to save in /Users/alex.jordan/orcca/generated-assets/webwork/webwork-representations.xml: origin is 'ptx'
INFO    : building representations of PTX-authored WeBWorK problem
INFO    : sending webwork-order-of-operations-aslashbtoc to server to save in /Users/alex.jordan/orcca/generated-assets/webwork/webwork-representations.xml: origin is 'ptx'
INFO    : building representations of PTX-authored WeBWorK problem
INFO    : sending webwork-order-of-operations-atimesbcaretc to server to save in /Users/alex.jordan/orcca/generated-assets/webwork/webwork-representations.xml: origin is 'ptx'
INFO    : building representations of PTX-authored WeBWorK problem
INFO    : sending webwork-order-of-operations-aminusgroupbplusc to server to save in /Users/alex.jordan/orcca/generated-assets/webwork/webwork-representations.xml: origin is 'ptx'
INFO    : building representations of PTX-authored WeBWorK problem
INFO    : sending webwork-order-of-operations-aminusgroupbminusc to server to save in /Users/alex.jordan/orcca/generated-assets/webwork/webwork-representations.xml: origin is 'ptx'
INFO    : building representations of PTX-authored WeBWorK problem
INFO    : sending webwork-order-of-operations-atimesgroupbplusc to server to save in /Users/alex.jordan/orcca/generated-assets/webwork/webwork-representations.xml: origin is 'ptx'
INFO    : building representations of PTX-authored WeBWorK problem
INFO    : sending webwork-order-of-operations-groupaplusbtimesc to server to save in /Users/alex.jordan/orcca/generated-assets/webwork/webwork-representations.xml: origin is 'ptx'
INFO    : building representations of PTX-authored WeBWorK problem
INFO    : sending webwork-order-of-operations-atimesgroupbminusc to server to save in /Users/alex.jordan/orcca/generated-assets/webwork/webwork-representations.xml: origin is 'ptx'
INFO    : building representations of PTX-authored WeBWorK problem
INFO    : sending webwork-order-of-operations-groupaminusbtimesc to server to save in /Users/alex.jordan/orcca/generated-assets/webwork/webwork-representations.xml: origin is 'ptx'
INFO    : building representations of PTX-authored WeBWorK problem
INFO    : sending webwork-order-of-operations-agroupbplusc to server to save in /Users/alex.jordan/orcca/generated-assets/webwork/webwork-representations.xml: origin is 'ptx'
INFO    : building representations of PTX-authored WeBWorK problem
INFO    : sending webwork-order-of-operations-groupaplusbc to server to save in /Users/alex.jordan/orcca/generated-assets/webwork/webwork-representations.xml: origin is 'ptx'
INFO    : building representations of PTX-authored WeBWorK problem
INFO    : sending webwork-order-of-operations-agroupbminusc to server to save in /Users/alex.jordan/orcca/generated-assets/webwork/webwork-representations.xml: origin is 'ptx'
INFO    : building representations of PTX-authored WeBWorK problem
INFO    : sending webwork-order-of-operations-groupaminusbc to server to save in /Users/alex.jordan/orcca/generated-assets/webwork/webwork-representations.xml: origin is 'ptx'
INFO    : building representations of PTX-authored WeBWorK problem
INFO    : sending webwork-order-of-operations-adivgroupbplusc to server to save in /Users/alex.jordan/orcca/generated-assets/webwork/webwork-representations.xml: origin is 'ptx'
INFO    : building representations of PTX-authored WeBWorK problem
INFO    : sending webwork-order-of-operations-groupaplusbdivc to server to save in /Users/alex.jordan/orcca/generated-assets/webwork/webwork-representations.xml: origin is 'ptx'
INFO    : building representations of PTX-authored WeBWorK problem
INFO    : sending webwork-order-of-operations-adivgroupbminusc to server to save in /Users/alex.jordan/orcca/generated-assets/webwork/webwork-representations.xml: origin is 'ptx'
INFO    : building representations of PTX-authored WeBWorK problem
INFO    : sending webwork-order-of-operations-groupaminusbdivc to server to save in /Users/alex.jordan/orcca/generated-assets/webwork/webwork-representations.xml: origin is 'ptx'
INFO    : building representations of PTX-authored WeBWorK problem
INFO    : sending webwork-order-of-operations-adivgroupbtimesc to server to save in /Users/alex.jordan/orcca/generated-assets/webwork/webwork-representations.xml: origin is 'ptx'
INFO    : building representations of PTX-authored WeBWorK problem
INFO    : sending webwork-order-of-operations-adivgroupbdivc to server to save in /Users/alex.jordan/orcca/generated-assets/webwork/webwork-representations.xml: origin is 'ptx'
INFO    : building representations of PTX-authored WeBWorK problem
INFO    : sending webwork-order-of-operations-groupaplusbtoc to server to save in /Users/alex.jordan/orcca/generated-assets/webwork/webwork-representations.xml: origin is 'ptx'
INFO    : building representations of PTX-authored WeBWorK problem
INFO    : sending webwork-order-of-operations-groupaminusbtoc to server to save in /Users/alex.jordan/orcca/generated-assets/webwork/webwork-representations.xml: origin is 'ptx'
INFO    : building representations of PTX-authored WeBWorK problem
INFO    : sending webwork-order-of-operations-groupatimesbtoc to server to save in /Users/alex.jordan/orcca/generated-assets/webwork/webwork-representations.xml: origin is 'ptx'
INFO    : building representations of PTX-authored WeBWorK problem
INFO    : sending webwork-order-of-operations-groupadivbtoc to server to save in /Users/alex.jordan/orcca/generated-assets/webwork/webwork-representations.xml: origin is 'ptx'
INFO    : building representations of PTX-authored WeBWorK problem
INFO    : sending webwork-order-of-operations-neggroupaplusb to server to save in /Users/alex.jordan/orcca/generated-assets/webwork/webwork-representations.xml: origin is 'ptx'
INFO    : building representations of PTX-authored WeBWorK problem
INFO    : sending webwork-order-of-operations-neggroupaminusb to server to save in /Users/alex.jordan/orcca/generated-assets/webwork/webwork-representations.xml: origin is 'ptx'
INFO    : building representations of PTX-authored WeBWorK problem
INFO    : sending webwork-order-of-operations-neggroupatimeesb to server to save in /Users/alex.jordan/orcca/generated-assets/webwork/webwork-representations.xml: origin is 'ptx'
INFO    : building representations of PTX-authored WeBWorK problem
INFO    : sending webwork-order-of-operations-neggroupadivb to server to save in /Users/alex.jordan/orcca/generated-assets/webwork/webwork-representations.xml: origin is 'ptx'
INFO    : building representations of PTX-authored WeBWorK problem
INFO    : sending webwork-order-of-operations-neggroupatob to server to save in /Users/alex.jordan/orcca/generated-assets/webwork/webwork-representations.xml: origin is 'ptx'
INFO    : building representations of PTX-authored WeBWorK problem
INFO    : sending webwork-order-of-operations-groupnegatob to server to save in /Users/alex.jordan/orcca/generated-assets/webwork/webwork-representations.xml: origin is 'ptx'
INFO    : building representations of PTX-authored WeBWorK problem
INFO    : sending webwork-order-of-operations-aminusabsbminusc to server to save in /Users/alex.jordan/orcca/generated-assets/webwork/webwork-representations.xml: origin is 'ptx'
INFO    : building representations of PTX-authored WeBWorK problem
INFO    : sending webwork-order-of-operations-atimesabsbminusc to server to save in /Users/alex.jordan/orcca/generated-assets/webwork/webwork-representations.xml: origin is 'ptx'
INFO    : building representations of PTX-authored WeBWorK problem
INFO    : sending webwork-order-of-operations-absaminusbtimesc to server to save in /Users/alex.jordan/orcca/generated-assets/webwork/webwork-representations.xml: origin is 'ptx'
INFO    : building representations of PTX-authored WeBWorK problem
INFO    : sending webwork-order-of-operations-aabsbminusc to server to save in /Users/alex.jordan/orcca/generated-assets/webwork/webwork-representations.xml: origin is 'ptx'
INFO    : building representations of PTX-authored WeBWorK problem
INFO    : sending webwork-order-of-operations-absaminusbc to server to save in /Users/alex.jordan/orcca/generated-assets/webwork/webwork-representations.xml: origin is 'ptx'
INFO    : building representations of PTX-authored WeBWorK problem
INFO    : sending webwork-order-of-operations-adivabsbminusc to server to save in /Users/alex.jordan/orcca/generated-assets/webwork/webwork-representations.xml: origin is 'ptx'
INFO    : building representations of PTX-authored WeBWorK problem
INFO    : sending webwork-order-of-operations-absaminusbdivc to server to save in /Users/alex.jordan/orcca/generated-assets/webwork/webwork-representations.xml: origin is 'ptx'
INFO    : building representations of PTX-authored WeBWorK problem
INFO    : sending webwork-order-of-operations-absaminusbtoc to server to save in /Users/alex.jordan/orcca/generated-assets/webwork/webwork-representations.xml: origin is 'ptx'
INFO    : building representations of PTX-authored WeBWorK problem
INFO    : sending webwork-order-of-operations-negabsaplusb to server to save in /Users/alex.jordan/orcca/generated-assets/webwork/webwork-representations.xml: origin is 'ptx'
INFO    : building representations of PTX-authored WeBWorK problem
INFO    : sending webwork-order-of-operations-negabsaminusb to server to save in /Users/alex.jordan/orcca/generated-assets/webwork/webwork-representations.xml: origin is 'ptx'
INFO    : building representations of PTX-authored WeBWorK problem
INFO    : sending webwork-order-of-operations-sqrtaplusbplusc to server to save in /Users/alex.jordan/orcca/generated-assets/webwork/webwork-representations.xml: origin is 'ptx'
INFO    : building representations of PTX-authored WeBWorK problem
INFO    : sending webwork-order-of-operations-aplussqrtbplusc to server to save in /Users/alex.jordan/orcca/generated-assets/webwork/webwork-representations.xml: origin is 'ptx'
INFO    : building representations of PTX-authored WeBWorK problem
INFO    : sending webwork-order-of-operations-sqrtaminusbminusc to server to save in /Users/alex.jordan/orcca/generated-assets/webwork/webwork-representations.xml: origin is 'ptx'
INFO    : building representations of PTX-authored WeBWorK problem
INFO    : sending webwork-order-of-operations-aminussqrtbminusc to server to save in /Users/alex.jordan/orcca/generated-assets/webwork/webwork-representations.xml: origin is 'ptx'
INFO    : building representations of PTX-authored WeBWorK problem
INFO    : sending webwork-order-of-operations-asqrtbplusc to server to save in /Users/alex.jordan/orcca/generated-assets/webwork/webwork-representations.xml: origin is 'ptx'
INFO    : building representations of PTX-authored WeBWorK problem
INFO    : sending webwork-order-of-operations-asqrtbminusc to server to save in /Users/alex.jordan/orcca/generated-assets/webwork/webwork-representations.xml: origin is 'ptx'
INFO    : building representations of PTX-authored WeBWorK problem
INFO    : sending webwork-order-of-operations-asqrtbtimesc to server to save in /Users/alex.jordan/orcca/generated-assets/webwork/webwork-representations.xml: origin is 'ptx'
INFO    : building representations of PTX-authored WeBWorK problem
INFO    : sending webwork-order-of-operations-asqrtbdivc to server to save in /Users/alex.jordan/orcca/generated-assets/webwork/webwork-representations.xml: origin is 'ptx'
INFO    : building representations of PTX-authored WeBWorK problem
INFO    : sending webwork-order-of-operations-fractiongrouping to server to save in /Users/alex.jordan/orcca/generated-assets/webwork/webwork-representations.xml: origin is 'ptx'
INFO    : building representations of PTX-authored WeBWorK problem
INFO    : sending webwork-1966 to server to save in /Users/alex.jordan/orcca/generated-assets/webwork/webwork-representations.xml: origin is 'ptx'
INFO    : building representations of PTX-authored WeBWorK problem
INFO    : sending webwork-1967 to server to save in /Users/alex.jordan/orcca/generated-assets/webwork/webwork-representations.xml: origin is 'ptx'
INFO    : building representations of PTX-authored WeBWorK problem
INFO    : sending webwork-1968 to server to save in /Users/alex.jordan/orcca/generated-assets/webwork/webwork-representations.xml: origin is 'ptx'
INFO    : building representations of PTX-authored WeBWorK problem
INFO    : sending webwork-order-of-operations-exponentgrouping to server to save in /Users/alex.jordan/orcca/generated-assets/webwork/webwork-representations.xml: origin is 'ptx'
INFO    : building representations of PTX-authored WeBWorK problem
INFO    : sending webwork-1970 to server to save in /Users/alex.jordan/orcca/generated-assets/webwork/webwork-representations.xml: origin is 'ptx'
INFO    : building representations of PTX-authored WeBWorK problem
INFO    : sending webwork-1971 to server to save in /Users/alex.jordan/orcca/generated-assets/webwork/webwork-representations.xml: origin is 'ptx'
INFO    : building representations of PTX-authored WeBWorK problem
INFO    : sending webwork-1972 to server to save in /Users/alex.jordan/orcca/generated-assets/webwork/webwork-representations.xml: origin is 'ptx'
INFO    : building representations of PTX-authored WeBWorK problem
INFO    : sending webwork-order-of-operations-challenge to server to save in /Users/alex.jordan/orcca/generated-assets/webwork/webwork-representations.xml: origin is 'ptx'
INFO    : building representations of PTX-authored WeBWorK problem
INFO    : sending webwork-1974 to server to save in /Users/alex.jordan/orcca/generated-assets/webwork/webwork-representations.xml: origin is 'ptx'
INFO    : building representations of server-based WeBWorK problem
INFO    : sending webwork-1975 to server to save in /Users/alex.jordan/orcca/generated-assets/webwork/webwork-representations.xml: origin is 'server'
INFO    : building representations of PTX-authored WeBWorK problem
INFO    : sending webwork-1976 to server to save in /Users/alex.jordan/orcca/generated-assets/webwork/webwork-representations.xml: origin is 'ptx'
INFO    : building representations of PTX-authored WeBWorK problem
INFO    : sending webwork-1977 to server to save in /Users/alex.jordan/orcca/generated-assets/webwork/webwork-representations.xml: origin is 'ptx'
INFO    : building representations of server-based WeBWorK problem
INFO    : sending webwork-1978 to server to save in /Users/alex.jordan/orcca/generated-assets/webwork/webwork-representations.xml: origin is 'server'
INFO    : building representations of server-based WeBWorK problem
INFO    : sending webwork-1979 to server to save in /Users/alex.jordan/orcca/generated-assets/webwork/webwork-representations.xml: origin is 'server'
INFO    : building representations of server-based WeBWorK problem
INFO    : sending webwork-1980 to server to save in /Users/alex.jordan/orcca/generated-assets/webwork/webwork-representations.xml: origin is 'server'
INFO    : building representations of server-based WeBWorK problem
INFO    : sending webwork-1981 to server to save in /Users/alex.jordan/orcca/generated-assets/webwork/webwork-representations.xml: origin is 'server'
INFO    : building representations of server-based WeBWorK problem
INFO    : sending webwork-1982 to server to save in /Users/alex.jordan/orcca/generated-assets/webwork/webwork-representations.xml: origin is 'server'
INFO    : building representations of server-based WeBWorK problem
INFO    : sending webwork-1983 to server to save in /Users/alex.jordan/orcca/generated-assets/webwork/webwork-representations.xml: origin is 'server'
INFO    : building representations of server-based WeBWorK problem
INFO    : sending webwork-1984 to server to save in /Users/alex.jordan/orcca/generated-assets/webwork/webwork-representations.xml: origin is 'server'
INFO    : building representations of server-based WeBWorK problem
INFO    : sending webwork-1985 to server to save in /Users/alex.jordan/orcca/generated-assets/webwork/webwork-representations.xml: origin is 'server'
INFO    : building representations of server-based WeBWorK problem
INFO    : sending webwork-1986 to server to save in /Users/alex.jordan/orcca/generated-assets/webwork/webwork-representations.xml: origin is 'server'
INFO    : building representations of server-based WeBWorK problem
INFO    : sending webwork-1987 to server to save in /Users/alex.jordan/orcca/generated-assets/webwork/webwork-representations.xml: origin is 'server'
INFO    : building representations of PTX-authored WeBWorK problem
INFO    : sending webwork-1988 to server to save in /Users/alex.jordan/orcca/generated-assets/webwork/webwork-representations.xml: origin is 'ptx'
INFO    : building representations of PTX-authored WeBWorK problem
INFO    : sending webwork-1989 to server to save in /Users/alex.jordan/orcca/generated-assets/webwork/webwork-representations.xml: origin is 'ptx'
INFO    : building representations of PTX-authored WeBWorK problem
INFO    : sending webwork-1990 to server to save in /Users/alex.jordan/orcca/generated-assets/webwork/webwork-representations.xml: origin is 'ptx'
INFO    : building representations of PTX-authored WeBWorK problem
INFO    : sending webwork-1991 to server to save in /Users/alex.jordan/orcca/generated-assets/webwork/webwork-representations.xml: origin is 'ptx'
INFO    : building representations of server-based WeBWorK problem
INFO    : sending webwork-1992 to server to save in /Users/alex.jordan/orcca/generated-assets/webwork/webwork-representations.xml: origin is 'server'
INFO    : building representations of server-based WeBWorK problem
INFO    : sending webwork-1993 to server to save in /Users/alex.jordan/orcca/generated-assets/webwork/webwork-representations.xml: origin is 'server'
INFO    : building representations of server-based WeBWorK problem
INFO    : sending webwork-1994 to server to save in /Users/alex.jordan/orcca/generated-assets/webwork/webwork-representations.xml: origin is 'server'
INFO    : building representations of server-based WeBWorK problem
INFO    : sending webwork-1995 to server to save in /Users/alex.jordan/orcca/generated-assets/webwork/webwork-representations.xml: origin is 'server'
INFO    : building representations of server-based WeBWorK problem
INFO    : sending webwork-1996 to server to save in /Users/alex.jordan/orcca/generated-assets/webwork/webwork-representations.xml: origin is 'server'
INFO    : building representations of server-based WeBWorK problem
INFO    : sending webwork-1997 to server to save in /Users/alex.jordan/orcca/generated-assets/webwork/webwork-representations.xml: origin is 'server'
INFO    : building representations of server-based WeBWorK problem
INFO    : sending webwork-1998 to server to save in /Users/alex.jordan/orcca/generated-assets/webwork/webwork-representations.xml: origin is 'server'
INFO    : building representations of server-based WeBWorK problem
INFO    : sending webwork-1999 to server to save in /Users/alex.jordan/orcca/generated-assets/webwork/webwork-representations.xml: origin is 'server'
INFO    : building representations of server-based WeBWorK problem
INFO    : sending webwork-2000 to server to save in /Users/alex.jordan/orcca/generated-assets/webwork/webwork-representations.xml: origin is 'server'
INFO    : building representations of server-based WeBWorK problem
INFO    : sending webwork-2001 to server to save in /Users/alex.jordan/orcca/generated-assets/webwork/webwork-representations.xml: origin is 'server'
INFO    : building representations of server-based WeBWorK problem
INFO    : sending webwork-2002 to server to save in /Users/alex.jordan/orcca/generated-assets/webwork/webwork-representations.xml: origin is 'server'
INFO    : building representations of server-based WeBWorK problem
INFO    : sending webwork-2003 to server to save in /Users/alex.jordan/orcca/generated-assets/webwork/webwork-representations.xml: origin is 'server'
INFO    : building representations of PTX-authored WeBWorK problem
INFO    : sending webwork-2004 to server to save in /Users/alex.jordan/orcca/generated-assets/webwork/webwork-representations.xml: origin is 'ptx'
INFO    : building representations of server-based WeBWorK problem
INFO    : sending webwork-2005 to server to save in /Users/alex.jordan/orcca/generated-assets/webwork/webwork-representations.xml: origin is 'server'
INFO    : building representations of PTX-authored WeBWorK problem
INFO    : sending webwork-2006 to server to save in /Users/alex.jordan/orcca/generated-assets/webwork/webwork-representations.xml: origin is 'ptx'
INFO    : building representations of PTX-authored WeBWorK problem
INFO    : sending webwork-2007 to server to save in /Users/alex.jordan/orcca/generated-assets/webwork/webwork-representations.xml: origin is 'ptx'
INFO    : building representations of PTX-authored WeBWorK problem
INFO    : sending webwork-2008 to server to save in /Users/alex.jordan/orcca/generated-assets/webwork/webwork-representations.xml: origin is 'ptx'
INFO    : building representations of PTX-authored WeBWorK problem
INFO    : sending webwork-2009 to server to save in /Users/alex.jordan/orcca/generated-assets/webwork/webwork-representations.xml: origin is 'ptx'
INFO    : building representations of PTX-authored WeBWorK problem
INFO    : sending webwork-2010 to server to save in /Users/alex.jordan/orcca/generated-assets/webwork/webwork-representations.xml: origin is 'ptx'
INFO    : building representations of PTX-authored WeBWorK problem
INFO    : sending webwork-2011 to server to save in /Users/alex.jordan/orcca/generated-assets/webwork/webwork-representations.xml: origin is 'ptx'
INFO    : building representations of PTX-authored WeBWorK problem
INFO    : sending webwork-2012 to server to save in /Users/alex.jordan/orcca/generated-assets/webwork/webwork-representations.xml: origin is 'ptx'
INFO    : converting latex-image pictures from /Users/alex.jordan/orcca/src/orcca.ptx to svg graphics for placement in /Users/alex.jordan/orcca/generated-assets/latex-image
INFO    : extracting latex-image pictures from /Users/alex.jordan/orcca/src/orcca.ptx
INFO    : string parameters passed to extraction stylesheet: {'publisher': '/Users/alex.jordan/orcca/publication/publication.xml', 'subtree': 'example-stair-rise-and-run'}
INFO    : discovering source file's directory name: /Users/alex.jordan/orcca/src
INFO    : verifying and expanding input directory: /Users/alex.jordan/orcca/src/../generated-assets
INFO    : input directory expanded to absolute path: /Users/alex.jordan/orcca/generated-assets
INFO    : verifying and expanding input directory: /Users/alex.jordan/orcca/src/../assets
INFO    : input directory expanded to absolute path: /Users/alex.jordan/orcca/assets
INFO    : XSL conversion of /Users/alex.jordan/orcca/src/orcca.ptx by /Users/alex.jordan/.ptx/xsl/extract-latex-image.xsl
INFO    : messages from the log for XSL processing (indented):
INFO    :     * PTX:ERROR:    The WeBWorK problem with internal id "webwork-1309"
INFO    :     *               could not be located in the file of WeBWorK problems from
INFO    :     *               the server, which your publication file indicates should be located
INFO    :     *               at "../generated-assets/webwork/webwork-representations.xml". 
INFO    :     *               If there are many messages like this, then likely your file is missing. 
INFO    :     *               But if this is an isolated error message, then it may indicate a bug,
INFO    :     *               which should be reported.
INFO    :     * PTX:ERROR:    The WeBWorK problem with internal id "webwork-1424"
INFO    :     *               could not be located in the file of WeBWorK problems from
INFO    :     *               the server, which your publication file indicates should be located
INFO    :     *               at "../generated-assets/webwork/webwork-representations.xml". 
INFO    :     *               If there are many messages like this, then likely your file is missing. 
INFO    :     *               But if this is an isolated error message, then it may indicate a bug,
INFO    :     *               which should be reported.
INFO    :     * PTX:ERROR:    The WeBWorK problem with internal id "webwork-1426"
INFO    :     *               could not be located in the file of WeBWorK problems from
INFO    :     *               the server, which your publication file indicates should be located
INFO    :     *               at "../generated-assets/webwork/webwork-representations.xml". 
INFO    :     *               If there are many messages like this, then likely your file is missing. 
INFO    :     *               But if this is an isolated error message, then it may indicate a bug,
INFO    :     *               which should be reported.
INFO    :     * PTX:ERROR:    The WeBWorK problem with internal id "webwork-1434"
INFO    :     *               could not be located in the file of WeBWorK problems from
INFO    :     *               the server, which your publication file indicates should be located
INFO    :     *               at "../generated-assets/webwork/webwork-representations.xml". 
INFO    :     *               If there are many messages like this, then likely your file is missing. 
INFO    :     *               But if this is an isolated error message, then it may indicate a bug,
INFO    :     *               which should be reported.
INFO    :     * PTX:ERROR:    The WeBWorK problem with internal id "webwork-1436"
INFO    :     *               could not be located in the file of WeBWorK problems from
INFO    :     *               the server, which your publication file indicates should be located
INFO    :     *               at "../generated-assets/webwork/webwork-representations.xml". 
INFO    :     *               If there are many messages like this, then likely your file is missing. 
INFO    :     *               But if this is an isolated error message, then it may indicate a bug,
INFO    :     *               which should be reported.
INFO    :     * PTX:ERROR:    The WeBWorK problem with internal id "webwork-1438"
INFO    :     *               could not be located in the file of WeBWorK problems from
INFO    :     *               the server, which your publication file indicates should be located
INFO    :     *               at "../generated-assets/webwork/webwork-representations.xml". 
INFO    :     *               If there are many messages like this, then likely your file is missing. 
INFO    :     *               But if this is an isolated error message, then it may indicate a bug,
INFO    :     *               which should be reported.
INFO    :     * PTX:ERROR:    The WeBWorK problem with internal id "webwork-1440"
INFO    :     *               could not be located in the file of WeBWorK problems from
INFO    :     *               the server, which your publication file indicates should be located
INFO    :     *               at "../generated-assets/webwork/webwork-representations.xml". 
INFO    :     *               If there are many messages like this, then likely your file is missing. 
INFO    :     *               But if this is an isolated error message, then it may indicate a bug,
INFO    :     *               which should be reported.
INFO    :     * PTX:ERROR:    The WeBWorK problem with internal id "webwork-1442"
INFO    :     *               could not be located in the file of WeBWorK problems from
INFO    :     *               the server, which your publication file indicates should be located
INFO    :     *               at "../generated-assets/webwork/webwork-representations.xml". 
INFO    :     *               If there are many messages like this, then likely your file is missing. 
INFO    :     *               But if this is an isolated error message, then it may indicate a bug,
INFO    :     *               which should be reported.
INFO    :     * PTX:ERROR:    The WeBWorK problem with internal id "webwork-1444"
INFO    :     *               could not be located in the file of WeBWorK problems from
INFO    :     *               the server, which your publication file indicates should be located
INFO    :     *               at "../generated-assets/webwork/webwork-representations.xml". 
INFO    :     *               If there are many messages like this, then likely your file is missing. 
INFO    :     *               But if this is an isolated error message, then it may indicate a bug,
INFO    :     *               which should be reported.
INFO    :     * PTX:ERROR:    The WeBWorK problem with internal id "webwork-1446"
INFO    :     *               could not be located in the file of WeBWorK problems from
INFO    :     *               the server, which your publication file indicates should be located
INFO    :     *               at "../generated-assets/webwork/webwork-representations.xml". 
INFO    :     *               If there are many messages like this, then likely your file is missing. 
INFO    :     *               But if this is an isolated error message, then it may indicate a bug,
INFO    :     *               which should be reported.
INFO    :     * PTX:ERROR:    The WeBWorK problem with internal id "webwork-1448"
INFO    :     *               could not be located in the file of WeBWorK problems from
INFO    :     *               the server, which your publication file indicates should be located
INFO    :     *               at "../generated-assets/webwork/webwork-representations.xml". 
INFO    :     *               If there are many messages like this, then likely your file is missing. 
INFO    :     *               But if this is an isolated error message, then it may indicate a bug,
INFO    :     *               which should be reported.
INFO    :     * PTX:ERROR:    The WeBWorK problem with internal id "webwork-1450"
INFO    :     *               could not be located in the file of WeBWorK problems from
INFO    :     *               the server, which your publication file indicates should be located
INFO    :     *               at "../generated-assets/webwork/webwork-representations.xml". 
INFO    :     *               If there are many messages like this, then likely your file is missing. 
INFO    :     *               But if this is an isolated error message, then it may indicate a bug,
INFO    :     *               which should be reported.
INFO    :     * PTX:ERROR:    The WeBWorK problem with internal id "webwork-1452"
INFO    :     *               could not be located in the file of WeBWorK problems from
INFO    :     *               the server, which your publication file indicates should be located
INFO    :     *               at "../generated-assets/webwork/webwork-representations.xml". 
INFO    :     *               If there are many messages like this, then likely your file is missing. 
INFO    :     *               But if this is an isolated error message, then it may indicate a bug,
INFO    :     *               which should be reported.
INFO    :     * PTX:ERROR:    The WeBWorK problem with internal id "webwork-1454"
INFO    :     *               could not be located in the file of WeBWorK problems from
INFO    :     *               the server, which your publication file indicates should be located
INFO    :     *               at "../generated-assets/webwork/webwork-representations.xml". 
INFO    :     *               If there are many messages like this, then likely your file is missing. 
INFO    :     *               But if this is an isolated error message, then it may indicate a bug,
INFO    :     *               which should be reported.
INFO    :     * PTX:ERROR:    The WeBWorK problem with internal id "webwork-1456"
INFO    :     *               could not be located in the file of WeBWorK problems from
INFO    :     *               the server, which your publication file indicates should be located
INFO    :     *               at "../generated-assets/webwork/webwork-representations.xml". 
INFO    :     *               If there are many messages like this, then likely your file is missing. 
INFO    :     *               But if this is an isolated error message, then it may indicate a bug,
INFO    :     *               which should be reported.
INFO    :     * PTX:ERROR:    The WeBWorK problem with internal id "webwork-1458"
INFO    :     *               could not be located in the file of WeBWorK problems from
INFO    :     *               the server, which your publication file indicates should be located
INFO    :     *               at "../generated-assets/webwork/webwork-representations.xml". 
INFO    :     *               If there are many messages like this, then likely your file is missing. 
INFO    :     *               But if this is an isolated error message, then it may indicate a bug,
INFO    :     *               which should be reported.
INFO    :     * PTX:ERROR:    The WeBWorK problem with internal id "webwork-1460"
INFO    :     *               could not be located in the file of WeBWorK problems from
INFO    :     *               the server, which your publication file indicates should be located
INFO    :     *               at "../generated-assets/webwork/webwork-representations.xml". 
INFO    :     *               If there are many messages like this, then likely your file is missing. 
INFO    :     *               But if this is an isolated error message, then it may indicate a bug,
INFO    :     *               which should be reported.
INFO    :     * PTX:ERROR:    The WeBWorK problem with internal id "webwork-1462"
INFO    :     *               could not be located in the file of WeBWorK problems from
INFO    :     *               the server, which your publication file indicates should be located
INFO    :     *               at "../generated-assets/webwork/webwork-representations.xml". 
INFO    :     *               If there are many messages like this, then likely your file is missing. 
INFO    :     *               But if this is an isolated error message, then it may indicate a bug,
INFO    :     *               which should be reported.
INFO    :     * PTX:ERROR:    The WeBWorK problem with internal id "webwork-1464"
INFO    :     *               could not be located in the file of WeBWorK problems from
INFO    :     *               the server, which your publication file indicates should be located
INFO    :     *               at "../generated-assets/webwork/webwork-representations.xml". 
INFO    :     *               If there are many messages like this, then likely your file is missing. 
INFO    :     *               But if this is an isolated error message, then it may indicate a bug,
INFO    :     *               which should be reported.
INFO    :     * PTX:ERROR:    The WeBWorK problem with internal id "webwork-1466"
INFO    :     *               could not be located in the file of WeBWorK problems from
INFO    :     *               the server, which your publication file indicates should be located
INFO    :     *               at "../generated-assets/webwork/webwork-representations.xml". 
INFO    :     *               If there are many messages like this, then likely your file is missing. 
INFO    :     *               But if this is an isolated error message, then it may indicate a bug,
INFO    :     *               which should be reported.
INFO    :     * PTX:ERROR:    The WeBWorK problem with internal id "webwork-1468"
INFO    :     *               could not be located in the file of WeBWorK problems from
INFO    :     *               the server, which your publication file indicates should be located
INFO    :     *               at "../generated-assets/webwork/webwork-representations.xml". 
INFO    :     *               If there are many messages like this, then likely your file is missing. 
INFO    :     *               But if this is an isolated error message, then it may indicate a bug,
INFO    :     *               which should be reported.
INFO    :     * PTX:ERROR:    The WeBWorK problem with internal id "webwork-1470"
INFO    :     *               could not be located in the file of WeBWorK problems from
INFO    :     *               the server, which your publication file indicates should be located
INFO    :     *               at "../generated-assets/webwork/webwork-representations.xml". 
INFO    :     *               If there are many messages like this, then likely your file is missing. 
INFO    :     *               But if this is an isolated error message, then it may indicate a bug,
INFO    :     *               which should be reported.
INFO    :     * PTX:ERROR:    The WeBWorK problem with internal id "webwork-1472"
INFO    :     *               could not be located in the file of WeBWorK problems from
INFO    :     *               the server, which your publication file indicates should be located
INFO    :     *               at "../generated-assets/webwork/webwork-representations.xml". 
INFO    :     *               If there are many messages like this, then likely your file is missing. 
INFO    :     *               But if this is an isolated error message, then it may indicate a bug,
INFO    :     *               which should be reported.
INFO    :     * PTX:ERROR:    The WeBWorK problem with internal id "webwork-1474"
INFO    :     *               could not be located in the file of WeBWorK problems from
INFO    :     *               the server, which your publication file indicates should be located
INFO    :     *               at "../generated-assets/webwork/webwork-representations.xml". 
INFO    :     *               If there are many messages like this, then likely your file is missing. 
INFO    :     *               But if this is an isolated error message, then it may indicate a bug,
INFO    :     *               which should be reported.
INFO    :     * PTX:ERROR:    The WeBWorK problem with internal id "webwork-1476"
INFO    :     *               could not be located in the file of WeBWorK problems from
INFO    :     *               the server, which your publication file indicates should be located
INFO    :     *               at "../generated-assets/webwork/webwork-representations.xml". 
INFO    :     *               If there are many messages like this, then likely your file is missing. 
INFO    :     *               But if this is an isolated error message, then it may indicate a bug,
INFO    :     *               which should be reported.
INFO    :     * PTX:ERROR:    The WeBWorK problem with internal id "webwork-1478"
INFO    :     *               could not be located in the file of WeBWorK problems from
INFO    :     *               the server, which your publication file indicates should be located
INFO    :     *               at "../generated-assets/webwork/webwork-representations.xml". 
INFO    :     *               If there are many messages like this, then likely your file is missing. 
INFO    :     *               But if this is an isolated error message, then it may indicate a bug,
INFO    :     *               which should be reported.
INFO    :     * PTX:ERROR:    The WeBWorK problem with internal id "webwork-1480"
INFO    :     *               could not be located in the file of WeBWorK problems from
INFO    :     *               the server, which your publication file indicates should be located
INFO    :     *               at "../generated-assets/webwork/webwork-representations.xml". 
INFO    :     *               If there are many messages like this, then likely your file is missing. 
INFO    :     *               But if this is an isolated error message, then it may indicate a bug,
INFO    :     *               which should be reported.
INFO    :     * PTX:ERROR:    The WeBWorK problem with internal id "webwork-1482"
INFO    :     *               could not be located in the file of WeBWorK problems from
INFO    :     *               the server, which your publication file indicates should be located
INFO    :     *               at "../generated-assets/webwork/webwork-representations.xml". 
INFO    :     *               If there are many messages like this, then likely your file is missing. 
INFO    :     *               But if this is an isolated error message, then it may indicate a bug,
INFO    :     *               which should be reported.
INFO    :     * PTX:ERROR:    The WeBWorK problem with internal id "webwork-1484"
INFO    :     *               could not be located in the file of WeBWorK problems from
INFO    :     *               the server, which your publication file indicates should be located
INFO    :     *               at "../generated-assets/webwork/webwork-representations.xml". 
INFO    :     *               If there are many messages like this, then likely your file is missing. 
INFO    :     *               But if this is an isolated error message, then it may indicate a bug,
INFO    :     *               which should be reported.
INFO    :     * PTX:ERROR:    The WeBWorK problem with internal id "webwork-1498"
INFO    :     *               could not be located in the file of WeBWorK problems from
INFO    :     *               the server, which your publication file indicates should be located
INFO    :     *               at "../generated-assets/webwork/webwork-representations.xml". 
INFO    :     *               If there are many messages like this, then likely your file is missing. 
INFO    :     *               But if this is an isolated error message, then it may indicate a bug,
INFO    :     *               which should be reported.
INFO    :     * PTX:ERROR:    The WeBWorK problem with internal id "webwork-1500"
INFO    :     *               could not be located in the file of WeBWorK problems from
INFO    :     *               the server, which your publication file indicates should be located
INFO    :     *               at "../generated-assets/webwork/webwork-representations.xml". 
INFO    :     *               If there are many messages like this, then likely your file is missing. 
INFO    :     *               But if this is an isolated error message, then it may indicate a bug,
INFO    :     *               which should be reported.
INFO    :     * PTX:ERROR:    The WeBWorK problem with internal id "webwork-1502"
INFO    :     *               could not be located in the file of WeBWorK problems from
INFO    :     *               the server, which your publication file indicates should be located
INFO    :     *               at "../generated-assets/webwork/webwork-representations.xml". 
INFO    :     *               If there are many messages like this, then likely your file is missing. 
INFO    :     *               But if this is an isolated error message, then it may indicate a bug,
INFO    :     *               which should be reported.
INFO    :     * PTX:ERROR:    The WeBWorK problem with internal id "webwork-1504"
INFO    :     *               could not be located in the file of WeBWorK problems from
INFO    :     *               the server, which your publication file indicates should be located
INFO    :     *               at "../generated-assets/webwork/webwork-representations.xml". 
INFO    :     *               If there are many messages like this, then likely your file is missing. 
INFO    :     *               But if this is an isolated error message, then it may indicate a bug,
INFO    :     *               which should be reported.
INFO    :     * PTX:ERROR:    The WeBWorK problem with internal id "webwork-1506"
INFO    :     *               could not be located in the file of WeBWorK problems from
INFO    :     *               the server, which your publication file indicates should be located
INFO    :     *               at "../generated-assets/webwork/webwork-representations.xml". 
INFO    :     *               If there are many messages like this, then likely your file is missing. 
INFO    :     *               But if this is an isolated error message, then it may indicate a bug,
INFO    :     *               which should be reported.
INFO    :     * PTX:ERROR:    The WeBWorK problem with internal id "webwork-1508"
INFO    :     *               could not be located in the file of WeBWorK problems from
INFO    :     *               the server, which your publication file indicates should be located
INFO    :     *               at "../generated-assets/webwork/webwork-representations.xml". 
INFO    :     *               If there are many messages like this, then likely your file is missing. 
INFO    :     *               But if this is an isolated error message, then it may indicate a bug,
INFO    :     *               which should be reported.
INFO    :     * PTX:ERROR:    The WeBWorK problem with internal id "webwork-1510"
INFO    :     *               could not be located in the file of WeBWorK problems from
INFO    :     *               the server, which your publication file indicates should be located
INFO    :     *               at "../generated-assets/webwork/webwork-representations.xml". 
INFO    :     *               If there are many messages like this, then likely your file is missing. 
INFO    :     *               But if this is an isolated error message, then it may indicate a bug,
INFO    :     *               which should be reported.
INFO    :     * PTX:ERROR:    The WeBWorK problem with internal id "webwork-1512"
INFO    :     *               could not be located in the file of WeBWorK problems from
INFO    :     *               the server, which your publication file indicates should be located
INFO    :     *               at "../generated-assets/webwork/webwork-representations.xml". 
INFO    :     *               If there are many messages like this, then likely your file is missing. 
INFO    :     *               But if this is an isolated error message, then it may indicate a bug,
INFO    :     *               which should be reported.
INFO    :     * PTX:ERROR:    The WeBWorK problem with internal id "webwork-1514"
INFO    :     *               could not be located in the file of WeBWorK problems from
INFO    :     *               the server, which your publication file indicates should be located
INFO    :     *               at "../generated-assets/webwork/webwork-representations.xml". 
INFO    :     *               If there are many messages like this, then likely your file is missing. 
INFO    :     *               But if this is an isolated error message, then it may indicate a bug,
INFO    :     *               which should be reported.
INFO    :     * PTX:ERROR:    The WeBWorK problem with internal id "webwork-1516"
INFO    :     *               could not be located in the file of WeBWorK problems from
INFO    :     *               the server, which your publication file indicates should be located
INFO    :     *               at "../generated-assets/webwork/webwork-representations.xml". 
INFO    :     *               If there are many messages like this, then likely your file is missing. 
INFO    :     *               But if this is an isolated error message, then it may indicate a bug,
INFO    :     *               which should be reported.
INFO    :     * PTX:ERROR:    The WeBWorK problem with internal id "webwork-1518"
INFO    :     *               could not be located in the file of WeBWorK problems from
INFO    :     *               the server, which your publication file indicates should be located
INFO    :     *               at "../generated-assets/webwork/webwork-representations.xml". 
INFO    :     *               If there are many messages like this, then likely your file is missing. 
INFO    :     *               But if this is an isolated error message, then it may indicate a bug,
INFO    :     *               which should be reported.
INFO    :     * PTX:ERROR:    The WeBWorK problem with internal id "webwork-1520"
INFO    :     *               could not be located in the file of WeBWorK problems from
INFO    :     *               the server, which your publication file indicates should be located
INFO    :     *               at "../generated-assets/webwork/webwork-representations.xml". 
INFO    :     *               If there are many messages like this, then likely your file is missing. 
INFO    :     *               But if this is an isolated error message, then it may indicate a bug,
INFO    :     *               which should be reported.
INFO    :     * PTX:ERROR:    The WeBWorK problem with internal id "webwork-1522"
INFO    :     *               could not be located in the file of WeBWorK problems from
INFO    :     *               the server, which your publication file indicates should be located
INFO    :     *               at "../generated-assets/webwork/webwork-representations.xml". 
INFO    :     *               If there are many messages like this, then likely your file is missing. 
INFO    :     *               But if this is an isolated error message, then it may indicate a bug,
INFO    :     *               which should be reported.
INFO    :     * PTX:ERROR:    The WeBWorK problem with internal id "webwork-1524"
INFO    :     *               could not be located in the file of WeBWorK problems from
INFO    :     *               the server, which your publication file indicates should be located
INFO    :     *               at "../generated-assets/webwork/webwork-representations.xml". 
INFO    :     *               If there are many messages like this, then likely your file is missing. 
INFO    :     *               But if this is an isolated error message, then it may indicate a bug,
INFO    :     *               which should be reported.
INFO    :     * PTX:ERROR:    The WeBWorK problem with internal id "webwork-1526"
INFO    :     *               could not be located in the file of WeBWorK problems from
INFO    :     *               the server, which your publication file indicates should be located
INFO    :     *               at "../generated-assets/webwork/webwork-representations.xml". 
INFO    :     *               If there are many messages like this, then likely your file is missing. 
INFO    :     *               But if this is an isolated error message, then it may indicate a bug,
INFO    :     *               which should be reported.
INFO    :     * PTX:ERROR:    The WeBWorK problem with internal id "webwork-1528"
INFO    :     *               could not be located in the file of WeBWorK problems from
INFO    :     *               the server, which your publication file indicates should be located
INFO    :     *               at "../generated-assets/webwork/webwork-representations.xml". 
INFO    :     *               If there are many messages like this, then likely your file is missing. 
INFO    :     *               But if this is an isolated error message, then it may indicate a bug,
INFO    :     *               which should be reported.
INFO    :     * PTX:ERROR:    The WeBWorK problem with internal id "webwork-1534"
INFO    :     *               could not be located in the file of WeBWorK problems from
INFO    :     *               the server, which your publication file indicates should be located
INFO    :     *               at "../generated-assets/webwork/webwork-representations.xml". 
INFO    :     *               If there are many messages like this, then likely your file is missing. 
INFO    :     *               But if this is an isolated error message, then it may indicate a bug,
INFO    :     *               which should be reported.
INFO    :     * PTX:ERROR:    The WeBWorK problem with internal id "webwork-1536"
INFO    :     *               could not be located in the file of WeBWorK problems from
INFO    :     *               the server, which your publication file indicates should be located
INFO    :     *               at "../generated-assets/webwork/webwork-representations.xml". 
INFO    :     *               If there are many messages like this, then likely your file is missing. 
INFO    :     *               But if this is an isolated error message, then it may indicate a bug,
INFO    :     *               which should be reported.
INFO    :     * PTX:ERROR:    The WeBWorK problem with internal id "webwork-1538"
INFO    :     *               could not be located in the file of WeBWorK problems from
INFO    :     *               the server, which your publication file indicates should be located
INFO    :     *               at "../generated-assets/webwork/webwork-representations.xml". 
INFO    :     *               If there are many messages like this, then likely your file is missing. 
INFO    :     *               But if this is an isolated error message, then it may indicate a bug,
INFO    :     *               which should be reported.
INFO    :     * PTX:ERROR:    The WeBWorK problem with internal id "webwork-1540"
INFO    :     *               could not be located in the file of WeBWorK problems from
INFO    :     *               the server, which your publication file indicates should be located
INFO    :     *               at "../generated-assets/webwork/webwork-representations.xml". 
INFO    :     *               If there are many messages like this, then likely your file is missing. 
INFO    :     *               But if this is an isolated error message, then it may indicate a bug,
INFO    :     *               which should be reported.
INFO    :     * PTX:ERROR:    The WeBWorK problem with internal id "webwork-1542"
INFO    :     *               could not be located in the file of WeBWorK problems from
INFO    :     *               the server, which your publication file indicates should be located
INFO    :     *               at "../generated-assets/webwork/webwork-representations.xml". 
INFO    :     *               If there are many messages like this, then likely your file is missing. 
INFO    :     *               But if this is an isolated error message, then it may indicate a bug,
INFO    :     *               which should be reported.
INFO    :     * PTX:ERROR:    The WeBWorK problem with internal id "webwork-1544"
INFO    :     *               could not be located in the file of WeBWorK problems from
INFO    :     *               the server, which your publication file indicates should be located
INFO    :     *               at "../generated-assets/webwork/webwork-representations.xml". 
INFO    :     *               If there are many messages like this, then likely your file is missing. 
INFO    :     *               But if this is an isolated error message, then it may indicate a bug,
INFO    :     *               which should be reported.
INFO    :     * PTX:ERROR:    The WeBWorK problem with internal id "webwork-1546"
INFO    :     *               could not be located in the file of WeBWorK problems from
INFO    :     *               the server, which your publication file indicates should be located
INFO    :     *               at "../generated-assets/webwork/webwork-representations.xml". 
INFO    :     *               If there are many messages like this, then likely your file is missing. 
INFO    :     *               But if this is an isolated error message, then it may indicate a bug,
INFO    :     *               which should be reported.
INFO    :     * PTX:ERROR:    The WeBWorK problem with internal id "webwork-1548"
INFO    :     *               could not be located in the file of WeBWorK problems from
INFO    :     *               the server, which your publication file indicates should be located
INFO    :     *               at "../generated-assets/webwork/webwork-representations.xml". 
INFO    :     *               If there are many messages like this, then likely your file is missing. 
INFO    :     *               But if this is an isolated error message, then it may indicate a bug,
INFO    :     *               which should be reported.
INFO    :     * PTX:ERROR:    The WeBWorK problem with internal id "webwork-1550"
INFO    :     *               could not be located in the file of WeBWorK problems from
INFO    :     *               the server, which your publication file indicates should be located
INFO    :     *               at "../generated-assets/webwork/webwork-representations.xml". 
INFO    :     *               If there are many messages like this, then likely your file is missing. 
INFO    :     *               But if this is an isolated error message, then it may indicate a bug,
INFO    :     *               which should be reported.
INFO    :     * PTX:ERROR:    The WeBWorK problem with internal id "webwork-1552"
INFO    :     *               could not be located in the file of WeBWorK problems from
INFO    :     *               the server, which your publication file indicates should be located
INFO    :     *               at "../generated-assets/webwork/webwork-representations.xml". 
INFO    :     *               If there are many messages like this, then likely your file is missing. 
INFO    :     *               But if this is an isolated error message, then it may indicate a bug,
INFO    :     *               which should be reported.
INFO    :     * PTX:ERROR:    The WeBWorK problem with internal id "webwork-1554"
INFO    :     *               could not be located in the file of WeBWorK problems from
INFO    :     *               the server, which your publication file indicates should be located
INFO    :     *               at "../generated-assets/webwork/webwork-representations.xml". 
INFO    :     *               If there are many messages like this, then likely your file is missing. 
INFO    :     *               But if this is an isolated error message, then it may indicate a bug,
INFO    :     *               which should be reported.
INFO    :     * PTX:ERROR:    The WeBWorK problem with internal id "webwork-1556"
INFO    :     *               could not be located in the file of WeBWorK problems from
INFO    :     *               the server, which your publication file indicates should be located
INFO    :     *               at "../generated-assets/webwork/webwork-representations.xml". 
INFO    :     *               If there are many messages like this, then likely your file is missing. 
INFO    :     *               But if this is an isolated error message, then it may indicate a bug,
INFO    :     *               which should be reported.
INFO    :     * PTX:ERROR:    The WeBWorK problem with internal id "webwork-1558"
INFO    :     *               could not be located in the file of WeBWorK problems from
INFO    :     *               the server, which your publication file indicates should be located
INFO    :     *               at "../generated-assets/webwork/webwork-representations.xml". 
INFO    :     *               If there are many messages like this, then likely your file is missing. 
INFO    :     *               But if this is an isolated error message, then it may indicate a bug,
INFO    :     *               which should be reported.
INFO    :     * PTX:ERROR:    The WeBWorK problem with internal id "webwork-1560"
INFO    :     *               could not be located in the file of WeBWorK problems from
INFO    :     *               the server, which your publication file indicates should be located
INFO    :     *               at "../generated-assets/webwork/webwork-representations.xml". 
INFO    :     *               If there are many messages like this, then likely your file is missing. 
INFO    :     *               But if this is an isolated error message, then it may indicate a bug,
INFO    :     *               which should be reported.
INFO    :     * PTX:ERROR:    The WeBWorK problem with internal id "webwork-1562"
INFO    :     *               could not be located in the file of WeBWorK problems from
INFO    :     *               the server, which your publication file indicates should be located
INFO    :     *               at "../generated-assets/webwork/webwork-representations.xml". 
INFO    :     *               If there are many messages like this, then likely your file is missing. 
INFO    :     *               But if this is an isolated error message, then it may indicate a bug,
INFO    :     *               which should be reported.
INFO    :     * PTX:ERROR:    The WeBWorK problem with internal id "webwork-1564"
INFO    :     *               could not be located in the file of WeBWorK problems from
INFO    :     *               the server, which your publication file indicates should be located
INFO    :     *               at "../generated-assets/webwork/webwork-representations.xml". 
INFO    :     *               If there are many messages like this, then likely your file is missing. 
INFO    :     *               But if this is an isolated error message, then it may indicate a bug,
INFO    :     *               which should be reported.
INFO    :     * PTX:ERROR:    The WeBWorK problem with internal id "webwork-1565"
INFO    :     *               could not be located in the file of WeBWorK problems from
INFO    :     *               the server, which your publication file indicates should be located
INFO    :     *               at "../generated-assets/webwork/webwork-representations.xml". 
INFO    :     *               If there are many messages like this, then likely your file is missing. 
INFO    :     *               But if this is an isolated error message, then it may indicate a bug,
INFO    :     *               which should be reported.
INFO    :     * PTX:ERROR:    The WeBWorK problem with internal id "webwork-1566"
INFO    :     *               could not be located in the file of WeBWorK problems from
INFO    :     *               the server, which your publication file indicates should be located
INFO    :     *               at "../generated-assets/webwork/webwork-representations.xml". 
INFO    :     *               If there are many messages like this, then likely your file is missing. 
INFO    :     *               But if this is an isolated error message, then it may indicate a bug,
INFO    :     *               which should be reported.
INFO    :     * PTX:ERROR:    The WeBWorK problem with internal id "webwork-1567"
INFO    :     *               could not be located in the file of WeBWorK problems from
INFO    :     *               the server, which your publication file indicates should be located
INFO    :     *               at "../generated-assets/webwork/webwork-representations.xml". 
INFO    :     *               If there are many messages like this, then likely your file is missing. 
INFO    :     *               But if this is an isolated error message, then it may indicate a bug,
INFO    :     *               which should be reported.
INFO    :     * PTX:ERROR:    The WeBWorK problem with internal id "webwork-1931"
INFO    :     *               could not be located in the file of WeBWorK problems from
INFO    :     *               the server, which your publication file indicates should be located
INFO    :     *               at "../generated-assets/webwork/webwork-representations.xml". 
INFO    :     *               If there are many messages like this, then likely your file is missing. 
INFO    :     *               But if this is an isolated error message, then it may indicate a bug,
INFO    :     *               which should be reported.
INFO    :     * PTX:ERROR:    The WeBWorK problem with internal id "webwork-1932"
INFO    :     *               could not be located in the file of WeBWorK problems from
INFO    :     *               the server, which your publication file indicates should be located
INFO    :     *               at "../generated-assets/webwork/webwork-representations.xml". 
INFO    :     *               If there are many messages like this, then likely your file is missing. 
INFO    :     *               But if this is an isolated error message, then it may indicate a bug,
INFO    :     *               which should be reported.
INFO    :     * PTX:ERROR:    The WeBWorK problem with internal id "webwork-1933"
INFO    :     *               could not be located in the file of WeBWorK problems from
INFO    :     *               the server, which your publication file indicates should be located
INFO    :     *               at "../generated-assets/webwork/webwork-representations.xml". 
INFO    :     *               If there are many messages like this, then likely your file is missing. 
INFO    :     *               But if this is an isolated error message, then it may indicate a bug,
INFO    :     *               which should be reported.
INFO    :     * PTX:ERROR:    The WeBWorK problem with internal id "webwork-1935"
INFO    :     *               could not be located in the file of WeBWorK problems from
INFO    :     *               the server, which your publication file indicates should be located
INFO    :     *               at "../generated-assets/webwork/webwork-representations.xml". 
INFO    :     *               If there are many messages like this, then likely your file is missing. 
INFO    :     *               But if this is an isolated error message, then it may indicate a bug,
INFO    :     *               which should be reported.
INFO    :     * PTX:ERROR:    The WeBWorK problem with internal id "webwork-1936"
INFO    :     *               could not be located in the file of WeBWorK problems from
INFO    :     *               the server, which your publication file indicates should be located
INFO    :     *               at "../generated-assets/webwork/webwork-representations.xml". 
INFO    :     *               If there are many messages like this, then likely your file is missing. 
INFO    :     *               But if this is an isolated error message, then it may indicate a bug,
INFO    :     *               which should be reported.
INFO    :     * PTX:ERROR:    The WeBWorK problem with internal id "webwork-1937"
INFO    :     *               could not be located in the file of WeBWorK problems from
INFO    :     *               the server, which your publication file indicates should be located
INFO    :     *               at "../generated-assets/webwork/webwork-representations.xml". 
INFO    :     *               If there are many messages like this, then likely your file is missing. 
INFO    :     *               But if this is an isolated error message, then it may indicate a bug,
INFO    :     *               which should be reported.
INFO    :     * PTX:ERROR:    The WeBWorK problem with internal id "webwork-1939"
INFO    :     *               could not be located in the file of WeBWorK problems from
INFO    :     *               the server, which your publication file indicates should be located
INFO    :     *               at "../generated-assets/webwork/webwork-representations.xml". 
INFO    :     *               If there are many messages like this, then likely your file is missing. 
INFO    :     *               But if this is an isolated error message, then it may indicate a bug,
INFO    :     *               which should be reported.
INFO    :     * PTX:ERROR:    The WeBWorK problem with internal id "webwork-1940"
INFO    :     *               could not be located in the file of WeBWorK problems from
INFO    :     *               the server, which your publication file indicates should be located
INFO    :     *               at "../generated-assets/webwork/webwork-representations.xml". 
INFO    :     *               If there are many messages like this, then likely your file is missing. 
INFO    :     *               But if this is an isolated error message, then it may indicate a bug,
INFO    :     *               which should be reported.
INFO    :     * PTX:ERROR:    The WeBWorK problem with internal id "webwork-1941"
INFO    :     *               could not be located in the file of WeBWorK problems from
INFO    :     *               the server, which your publication file indicates should be located
INFO    :     *               at "../generated-assets/webwork/webwork-representations.xml". 
INFO    :     *               If there are many messages like this, then likely your file is missing. 
INFO    :     *               But if this is an isolated error message, then it may indicate a bug,
INFO    :     *               which should be reported.
INFO    :     * PTX:ERROR:    The WeBWorK problem with internal id "webwork-1942"
INFO    :     *               could not be located in the file of WeBWorK problems from
INFO    :     *               the server, which your publication file indicates should be located
INFO    :     *               at "../generated-assets/webwork/webwork-representations.xml". 
INFO    :     *               If there are many messages like this, then likely your file is missing. 
INFO    :     *               But if this is an isolated error message, then it may indicate a bug,
INFO    :     *               which should be reported.
INFO    :     * PTX:ERROR:    The WeBWorK problem with internal id "webwork-1943"
INFO    :     *               could not be located in the file of WeBWorK problems from
INFO    :     *               the server, which your publication file indicates should be located
INFO    :     *               at "../generated-assets/webwork/webwork-representations.xml". 
INFO    :     *               If there are many messages like this, then likely your file is missing. 
INFO    :     *               But if this is an isolated error message, then it may indicate a bug,
INFO    :     *               which should be reported.
INFO    :     * PTX:ERROR:    The WeBWorK problem with internal id "webwork-1944"
INFO    :     *               could not be located in the file of WeBWorK problems from
INFO    :     *               the server, which your publication file indicates should be located
INFO    :     *               at "../generated-assets/webwork/webwork-representations.xml". 
INFO    :     *               If there are many messages like this, then likely your file is missing. 
INFO    :     *               But if this is an isolated error message, then it may indicate a bug,
INFO    :     *               which should be reported.
INFO    :     * PTX:ERROR:    The WeBWorK problem with internal id "webwork-1945"
INFO    :     *               could not be located in the file of WeBWorK problems from
INFO    :     *               the server, which your publication file indicates should be located
INFO    :     *               at "../generated-assets/webwork/webwork-representations.xml". 
INFO    :     *               If there are many messages like this, then likely your file is missing. 
INFO    :     *               But if this is an isolated error message, then it may indicate a bug,
INFO    :     *               which should be reported.
INFO    :     * PTX:ERROR:    The WeBWorK problem with internal id "webwork-1946"
INFO    :     *               could not be located in the file of WeBWorK problems from
INFO    :     *               the server, which your publication file indicates should be located
INFO    :     *               at "../generated-assets/webwork/webwork-representations.xml". 
INFO    :     *               If there are many messages like this, then likely your file is missing. 
INFO    :     *               But if this is an isolated error message, then it may indicate a bug,
INFO    :     *               which should be reported.
INFO    :     * PTX:ERROR:    The WeBWorK problem with internal id "webwork-1947"
INFO    :     *               could not be located in the file of WeBWorK problems from
INFO    :     *               the server, which your publication file indicates should be located
INFO    :     *               at "../generated-assets/webwork/webwork-representations.xml". 
INFO    :     *               If there are many messages like this, then likely your file is missing. 
INFO    :     *               But if this is an isolated error message, then it may indicate a bug,
INFO    :     *               which should be reported.
INFO    :     * PTX:ERROR:    The WeBWorK problem with internal id "webwork-1948"
INFO    :     *               could not be located in the file of WeBWorK problems from
INFO    :     *               the server, which your publication file indicates should be located
INFO    :     *               at "../generated-assets/webwork/webwork-representations.xml". 
INFO    :     *               If there are many messages like this, then likely your file is missing. 
INFO    :     *               But if this is an isolated error message, then it may indicate a bug,
INFO    :     *               which should be reported.
INFO    :     * PTX:ERROR:    The WeBWorK problem with internal id "webwork-1949"
INFO    :     *               could not be located in the file of WeBWorK problems from
INFO    :     *               the server, which your publication file indicates should be located
INFO    :     *               at "../generated-assets/webwork/webwork-representations.xml". 
INFO    :     *               If there are many messages like this, then likely your file is missing. 
INFO    :     *               But if this is an isolated error message, then it may indicate a bug,
INFO    :     *               which should be reported.
INFO    :     * PTX:ERROR:    The WeBWorK problem with internal id "webwork-1950"
INFO    :     *               could not be located in the file of WeBWorK problems from
INFO    :     *               the server, which your publication file indicates should be located
INFO    :     *               at "../generated-assets/webwork/webwork-representations.xml". 
INFO    :     *               If there are many messages like this, then likely your file is missing. 
INFO    :     *               But if this is an isolated error message, then it may indicate a bug,
INFO    :     *               which should be reported.
INFO    :     * PTX:ERROR:    The WeBWorK problem with internal id "webwork-1951"
INFO    :     *               could not be located in the file of WeBWorK problems from
INFO    :     *               the server, which your publication file indicates should be located
INFO    :     *               at "../generated-assets/webwork/webwork-representations.xml". 
INFO    :     *               If there are many messages like this, then likely your file is missing. 
INFO    :     *               But if this is an isolated error message, then it may indicate a bug,
INFO    :     *               which should be reported.
INFO    :     * PTX:ERROR:    The WeBWorK problem with internal id "webwork-1952"
INFO    :     *               could not be located in the file of WeBWorK problems from
INFO    :     *               the server, which your publication file indicates should be located
INFO    :     *               at "../generated-assets/webwork/webwork-representations.xml". 
INFO    :     *               If there are many messages like this, then likely your file is missing. 
INFO    :     *               But if this is an isolated error message, then it may indicate a bug,
INFO    :     *               which should be reported.
INFO    :     * PTX:ERROR:    The WeBWorK problem with internal id "webwork-1953"
INFO    :     *               could not be located in the file of WeBWorK problems from
INFO    :     *               the server, which your publication file indicates should be located
INFO    :     *               at "../generated-assets/webwork/webwork-representations.xml". 
INFO    :     *               If there are many messages like this, then likely your file is missing. 
INFO    :     *               But if this is an isolated error message, then it may indicate a bug,
INFO    :     *               which should be reported.
INFO    :     * PTX:ERROR:    The WeBWorK problem with internal id "webwork-1954"
INFO    :     *               could not be located in the file of WeBWorK problems from
INFO    :     *               the server, which your publication file indicates should be located
INFO    :     *               at "../generated-assets/webwork/webwork-representations.xml". 
INFO    :     *               If there are many messages like this, then likely your file is missing. 
INFO    :     *               But if this is an isolated error message, then it may indicate a bug,
INFO    :     *               which should be reported.
INFO    :     * PTX:ERROR:    The WeBWorK problem with internal id "webwork-1955"
INFO    :     *               could not be located in the file of WeBWorK problems from
INFO    :     *               the server, which your publication file indicates should be located
INFO    :     *               at "../generated-assets/webwork/webwork-representations.xml". 
INFO    :     *               If there are many messages like this, then likely your file is missing. 
INFO    :     *               But if this is an isolated error message, then it may indicate a bug,
INFO    :     *               which should be reported.
INFO    :     * PTX:ERROR:    The WeBWorK problem with internal id "webwork-1956"
INFO    :     *               could not be located in the file of WeBWorK problems from
INFO    :     *               the server, which your publication file indicates should be located
INFO    :     *               at "../generated-assets/webwork/webwork-representations.xml". 
INFO    :     *               If there are many messages like this, then likely your file is missing. 
INFO    :     *               But if this is an isolated error message, then it may indicate a bug,
INFO    :     *               which should be reported.
INFO    :     * PTX:ERROR:    The WeBWorK problem with internal id "webwork-1957"
INFO    :     *               could not be located in the file of WeBWorK problems from
INFO    :     *               the server, which your publication file indicates should be located
INFO    :     *               at "../generated-assets/webwork/webwork-representations.xml". 
INFO    :     *               If there are many messages like this, then likely your file is missing. 
INFO    :     *               But if this is an isolated error message, then it may indicate a bug,
INFO    :     *               which should be reported.
INFO    :     * PTX:ERROR:    The WeBWorK problem with internal id "webwork-1958"
INFO    :     *               could not be located in the file of WeBWorK problems from
INFO    :     *               the server, which your publication file indicates should be located
INFO    :     *               at "../generated-assets/webwork/webwork-representations.xml". 
INFO    :     *               If there are many messages like this, then likely your file is missing. 
INFO    :     *               But if this is an isolated error message, then it may indicate a bug,
INFO    :     *               which should be reported.
INFO    :     * PTX:ERROR:    The WeBWorK problem with internal id "webwork-1959"
INFO    :     *               could not be located in the file of WeBWorK problems from
INFO    :     *               the server, which your publication file indicates should be located
INFO    :     *               at "../generated-assets/webwork/webwork-representations.xml". 
INFO    :     *               If there are many messages like this, then likely your file is missing. 
INFO    :     *               But if this is an isolated error message, then it may indicate a bug,
INFO    :     *               which should be reported.
INFO    :     * PTX:ERROR:    The WeBWorK problem with internal id "webwork-1960"
INFO    :     *               could not be located in the file of WeBWorK problems from
INFO    :     *               the server, which your publication file indicates should be located
INFO    :     *               at "../generated-assets/webwork/webwork-representations.xml". 
INFO    :     *               If there are many messages like this, then likely your file is missing. 
INFO    :     *               But if this is an isolated error message, then it may indicate a bug,
INFO    :     *               which should be reported.
INFO    :     * PTX:ERROR:    The WeBWorK problem with internal id "webwork-1961"
INFO    :     *               could not be located in the file of WeBWorK problems from
INFO    :     *               the server, which your publication file indicates should be located
INFO    :     *               at "../generated-assets/webwork/webwork-representations.xml". 
INFO    :     *               If there are many messages like this, then likely your file is missing. 
INFO    :     *               But if this is an isolated error message, then it may indicate a bug,
INFO    :     *               which should be reported.
INFO    :     * PTX:ERROR:    The WeBWorK problem with internal id "webwork-1962"
INFO    :     *               could not be located in the file of WeBWorK problems from
INFO    :     *               the server, which your publication file indicates should be located
INFO    :     *               at "../generated-assets/webwork/webwork-representations.xml". 
INFO    :     *               If there are many messages like this, then likely your file is missing. 
INFO    :     *               But if this is an isolated error message, then it may indicate a bug,
INFO    :     *               which should be reported.
INFO    :     * PTX:ERROR:    The WeBWorK problem with internal id "webwork-1963"
INFO    :     *               could not be located in the file of WeBWorK problems from
INFO    :     *               the server, which your publication file indicates should be located
INFO    :     *               at "../generated-assets/webwork/webwork-representations.xml". 
INFO    :     *               If there are many messages like this, then likely your file is missing. 
INFO    :     *               But if this is an isolated error message, then it may indicate a bug,
INFO    :     *               which should be reported.
INFO    :     * PTX:ERROR:    The WeBWorK problem with internal id "webwork-1964"
INFO    :     *               could not be located in the file of WeBWorK problems from
INFO    :     *               the server, which your publication file indicates should be located
INFO    :     *               at "../generated-assets/webwork/webwork-representations.xml". 
INFO    :     *               If there are many messages like this, then likely your file is missing. 
INFO    :     *               But if this is an isolated error message, then it may indicate a bug,
INFO    :     *               which should be reported.
INFO    :     * PTX:ERROR:    The WeBWorK problem with internal id "webwork-1965"
INFO    :     *               could not be located in the file of WeBWorK problems from
INFO    :     *               the server, which your publication file indicates should be located
INFO    :     *               at "../generated-assets/webwork/webwork-representations.xml". 
INFO    :     *               If there are many messages like this, then likely your file is missing. 
INFO    :     *               But if this is an isolated error message, then it may indicate a bug,
INFO    :     *               which should be reported.
INFO    :     * PTX:ERROR:    The WeBWorK problem with internal id "webwork-1969"
INFO    :     *               could not be located in the file of WeBWorK problems from
INFO    :     *               the server, which your publication file indicates should be located
INFO    :     *               at "../generated-assets/webwork/webwork-representations.xml". 
INFO    :     *               If there are many messages like this, then likely your file is missing. 
INFO    :     *               But if this is an isolated error message, then it may indicate a bug,
INFO    :     *               which should be reported.
INFO    :     * PTX:ERROR:    The WeBWorK problem with internal id "webwork-1973"
INFO    :     *               could not be located in the file of WeBWorK problems from
INFO    :     *               the server, which your publication file indicates should be located
INFO    :     *               at "../generated-assets/webwork/webwork-representations.xml". 
INFO    :     *               If there are many messages like this, then likely your file is missing. 
INFO    :     *               But if this is an isolated error message, then it may indicate a bug,
INFO    :     *               which should be reported.
INFO    : successful application of /Users/alex.jordan/.ptx/xsl/extract-latex-image.xsl
INFO    : converting stair-rise-run.tex to stair-rise-run.pdf
INFO    : cropping stair-rise-run.pdf to cropped-stair-rise-run.pdf
INFO    : renaming cropped-stair-rise-run.pdf to stair-rise-run.pdf
INFO    : converting stair-rise-run.pdf to stair-rise-run.svg
INFO    : converting latex-image pictures from /Users/alex.jordan/orcca/src/orcca.ptx to svg graphics for placement in /Users/alex.jordan/orcca/generated-assets/latex-image
INFO    : extracting latex-image pictures from /Users/alex.jordan/orcca/src/orcca.ptx
INFO    : string parameters passed to extraction stylesheet: {'publisher': '/Users/alex.jordan/orcca/publication/publication.xml', 'subtree': 'section-variables-and-evaluating-expressions'}
INFO    : discovering source file's directory name: /Users/alex.jordan/orcca/src
INFO    : verifying and expanding input directory: /Users/alex.jordan/orcca/src/../generated-assets
INFO    : input directory expanded to absolute path: /Users/alex.jordan/orcca/generated-assets
INFO    : verifying and expanding input directory: /Users/alex.jordan/orcca/src/../assets
INFO    : input directory expanded to absolute path: /Users/alex.jordan/orcca/assets
INFO    : XSL conversion of /Users/alex.jordan/orcca/src/orcca.ptx by /Users/alex.jordan/.ptx/xsl/extract-latex-image.xsl
INFO    : messages from the log for XSL processing (indented):
INFO    :     * PTX:ERROR:    The WeBWorK problem with internal id "webwork-1309"
INFO    :     *               could not be located in the file of WeBWorK problems from
INFO    :     *               the server, which your publication file indicates should be located
INFO    :     *               at "../generated-assets/webwork/webwork-representations.xml". 
INFO    :     *               If there are many messages like this, then likely your file is missing. 
INFO    :     *               But if this is an isolated error message, then it may indicate a bug,
INFO    :     *               which should be reported.
INFO    :     * PTX:ERROR:    The WeBWorK problem with internal id "webwork-1424"
INFO    :     *               could not be located in the file of WeBWorK problems from
INFO    :     *               the server, which your publication file indicates should be located
INFO    :     *               at "../generated-assets/webwork/webwork-representations.xml". 
INFO    :     *               If there are many messages like this, then likely your file is missing. 
INFO    :     *               But if this is an isolated error message, then it may indicate a bug,
INFO    :     *               which should be reported.
INFO    :     * PTX:ERROR:    The WeBWorK problem with internal id "webwork-1426"
INFO    :     *               could not be located in the file of WeBWorK problems from
INFO    :     *               the server, which your publication file indicates should be located
INFO    :     *               at "../generated-assets/webwork/webwork-representations.xml". 
INFO    :     *               If there are many messages like this, then likely your file is missing. 
INFO    :     *               But if this is an isolated error message, then it may indicate a bug,
INFO    :     *               which should be reported.
INFO    :     * PTX:ERROR:    The WeBWorK problem with internal id "webwork-1434"
INFO    :     *               could not be located in the file of WeBWorK problems from
INFO    :     *               the server, which your publication file indicates should be located
INFO    :     *               at "../generated-assets/webwork/webwork-representations.xml". 
INFO    :     *               If there are many messages like this, then likely your file is missing. 
INFO    :     *               But if this is an isolated error message, then it may indicate a bug,
INFO    :     *               which should be reported.
INFO    :     * PTX:ERROR:    The WeBWorK problem with internal id "webwork-1436"
INFO    :     *               could not be located in the file of WeBWorK problems from
INFO    :     *               the server, which your publication file indicates should be located
INFO    :     *               at "../generated-assets/webwork/webwork-representations.xml". 
INFO    :     *               If there are many messages like this, then likely your file is missing. 
INFO    :     *               But if this is an isolated error message, then it may indicate a bug,
INFO    :     *               which should be reported.
INFO    :     * PTX:ERROR:    The WeBWorK problem with internal id "webwork-1438"
INFO    :     *               could not be located in the file of WeBWorK problems from
INFO    :     *               the server, which your publication file indicates should be located
INFO    :     *               at "../generated-assets/webwork/webwork-representations.xml". 
INFO    :     *               If there are many messages like this, then likely your file is missing. 
INFO    :     *               But if this is an isolated error message, then it may indicate a bug,
INFO    :     *               which should be reported.
INFO    :     * PTX:ERROR:    The WeBWorK problem with internal id "webwork-1440"
INFO    :     *               could not be located in the file of WeBWorK problems from
INFO    :     *               the server, which your publication file indicates should be located
INFO    :     *               at "../generated-assets/webwork/webwork-representations.xml". 
INFO    :     *               If there are many messages like this, then likely your file is missing. 
INFO    :     *               But if this is an isolated error message, then it may indicate a bug,
INFO    :     *               which should be reported.
INFO    :     * PTX:ERROR:    The WeBWorK problem with internal id "webwork-1442"
INFO    :     *               could not be located in the file of WeBWorK problems from
INFO    :     *               the server, which your publication file indicates should be located
INFO    :     *               at "../generated-assets/webwork/webwork-representations.xml". 
INFO    :     *               If there are many messages like this, then likely your file is missing. 
INFO    :     *               But if this is an isolated error message, then it may indicate a bug,
INFO    :     *               which should be reported.
INFO    :     * PTX:ERROR:    The WeBWorK problem with internal id "webwork-1444"
INFO    :     *               could not be located in the file of WeBWorK problems from
INFO    :     *               the server, which your publication file indicates should be located
INFO    :     *               at "../generated-assets/webwork/webwork-representations.xml". 
INFO    :     *               If there are many messages like this, then likely your file is missing. 
INFO    :     *               But if this is an isolated error message, then it may indicate a bug,
INFO    :     *               which should be reported.
INFO    :     * PTX:ERROR:    The WeBWorK problem with internal id "webwork-1446"
INFO    :     *               could not be located in the file of WeBWorK problems from
INFO    :     *               the server, which your publication file indicates should be located
INFO    :     *               at "../generated-assets/webwork/webwork-representations.xml". 
INFO    :     *               If there are many messages like this, then likely your file is missing. 
INFO    :     *               But if this is an isolated error message, then it may indicate a bug,
INFO    :     *               which should be reported.
INFO    :     * PTX:ERROR:    The WeBWorK problem with internal id "webwork-1448"
INFO    :     *               could not be located in the file of WeBWorK problems from
INFO    :     *               the server, which your publication file indicates should be located
INFO    :     *               at "../generated-assets/webwork/webwork-representations.xml". 
INFO    :     *               If there are many messages like this, then likely your file is missing. 
INFO    :     *               But if this is an isolated error message, then it may indicate a bug,
INFO    :     *               which should be reported.
INFO    :     * PTX:ERROR:    The WeBWorK problem with internal id "webwork-1450"
INFO    :     *               could not be located in the file of WeBWorK problems from
INFO    :     *               the server, which your publication file indicates should be located
INFO    :     *               at "../generated-assets/webwork/webwork-representations.xml". 
INFO    :     *               If there are many messages like this, then likely your file is missing. 
INFO    :     *               But if this is an isolated error message, then it may indicate a bug,
INFO    :     *               which should be reported.
INFO    :     * PTX:ERROR:    The WeBWorK problem with internal id "webwork-1452"
INFO    :     *               could not be located in the file of WeBWorK problems from
INFO    :     *               the server, which your publication file indicates should be located
INFO    :     *               at "../generated-assets/webwork/webwork-representations.xml". 
INFO    :     *               If there are many messages like this, then likely your file is missing. 
INFO    :     *               But if this is an isolated error message, then it may indicate a bug,
INFO    :     *               which should be reported.
INFO    :     * PTX:ERROR:    The WeBWorK problem with internal id "webwork-1454"
INFO    :     *               could not be located in the file of WeBWorK problems from
INFO    :     *               the server, which your publication file indicates should be located
INFO    :     *               at "../generated-assets/webwork/webwork-representations.xml". 
INFO    :     *               If there are many messages like this, then likely your file is missing. 
INFO    :     *               But if this is an isolated error message, then it may indicate a bug,
INFO    :     *               which should be reported.
INFO    :     * PTX:ERROR:    The WeBWorK problem with internal id "webwork-1456"
INFO    :     *               could not be located in the file of WeBWorK problems from
INFO    :     *               the server, which your publication file indicates should be located
INFO    :     *               at "../generated-assets/webwork/webwork-representations.xml". 
INFO    :     *               If there are many messages like this, then likely your file is missing. 
INFO    :     *               But if this is an isolated error message, then it may indicate a bug,
INFO    :     *               which should be reported.
INFO    :     * PTX:ERROR:    The WeBWorK problem with internal id "webwork-1458"
INFO    :     *               could not be located in the file of WeBWorK problems from
INFO    :     *               the server, which your publication file indicates should be located
INFO    :     *               at "../generated-assets/webwork/webwork-representations.xml". 
INFO    :     *               If there are many messages like this, then likely your file is missing. 
INFO    :     *               But if this is an isolated error message, then it may indicate a bug,
INFO    :     *               which should be reported.
INFO    :     * PTX:ERROR:    The WeBWorK problem with internal id "webwork-1460"
INFO    :     *               could not be located in the file of WeBWorK problems from
INFO    :     *               the server, which your publication file indicates should be located
INFO    :     *               at "../generated-assets/webwork/webwork-representations.xml". 
INFO    :     *               If there are many messages like this, then likely your file is missing. 
INFO    :     *               But if this is an isolated error message, then it may indicate a bug,
INFO    :     *               which should be reported.
INFO    :     * PTX:ERROR:    The WeBWorK problem with internal id "webwork-1462"
INFO    :     *               could not be located in the file of WeBWorK problems from
INFO    :     *               the server, which your publication file indicates should be located
INFO    :     *               at "../generated-assets/webwork/webwork-representations.xml". 
INFO    :     *               If there are many messages like this, then likely your file is missing. 
INFO    :     *               But if this is an isolated error message, then it may indicate a bug,
INFO    :     *               which should be reported.
INFO    :     * PTX:ERROR:    The WeBWorK problem with internal id "webwork-1464"
INFO    :     *               could not be located in the file of WeBWorK problems from
INFO    :     *               the server, which your publication file indicates should be located
INFO    :     *               at "../generated-assets/webwork/webwork-representations.xml". 
INFO    :     *               If there are many messages like this, then likely your file is missing. 
INFO    :     *               But if this is an isolated error message, then it may indicate a bug,
INFO    :     *               which should be reported.
INFO    :     * PTX:ERROR:    The WeBWorK problem with internal id "webwork-1466"
INFO    :     *               could not be located in the file of WeBWorK problems from
INFO    :     *               the server, which your publication file indicates should be located
INFO    :     *               at "../generated-assets/webwork/webwork-representations.xml". 
INFO    :     *               If there are many messages like this, then likely your file is missing. 
INFO    :     *               But if this is an isolated error message, then it may indicate a bug,
INFO    :     *               which should be reported.
INFO    :     * PTX:ERROR:    The WeBWorK problem with internal id "webwork-1468"
INFO    :     *               could not be located in the file of WeBWorK problems from
INFO    :     *               the server, which your publication file indicates should be located
INFO    :     *               at "../generated-assets/webwork/webwork-representations.xml". 
INFO    :     *               If there are many messages like this, then likely your file is missing. 
INFO    :     *               But if this is an isolated error message, then it may indicate a bug,
INFO    :     *               which should be reported.
INFO    :     * PTX:ERROR:    The WeBWorK problem with internal id "webwork-1470"
INFO    :     *               could not be located in the file of WeBWorK problems from
INFO    :     *               the server, which your publication file indicates should be located
INFO    :     *               at "../generated-assets/webwork/webwork-representations.xml". 
INFO    :     *               If there are many messages like this, then likely your file is missing. 
INFO    :     *               But if this is an isolated error message, then it may indicate a bug,
INFO    :     *               which should be reported.
INFO    :     * PTX:ERROR:    The WeBWorK problem with internal id "webwork-1472"
INFO    :     *               could not be located in the file of WeBWorK problems from
INFO    :     *               the server, which your publication file indicates should be located
INFO    :     *               at "../generated-assets/webwork/webwork-representations.xml". 
INFO    :     *               If there are many messages like this, then likely your file is missing. 
INFO    :     *               But if this is an isolated error message, then it may indicate a bug,
INFO    :     *               which should be reported.
INFO    :     * PTX:ERROR:    The WeBWorK problem with internal id "webwork-1474"
INFO    :     *               could not be located in the file of WeBWorK problems from
INFO    :     *               the server, which your publication file indicates should be located
INFO    :     *               at "../generated-assets/webwork/webwork-representations.xml". 
INFO    :     *               If there are many messages like this, then likely your file is missing. 
INFO    :     *               But if this is an isolated error message, then it may indicate a bug,
INFO    :     *               which should be reported.
INFO    :     * PTX:ERROR:    The WeBWorK problem with internal id "webwork-1476"
INFO    :     *               could not be located in the file of WeBWorK problems from
INFO    :     *               the server, which your publication file indicates should be located
INFO    :     *               at "../generated-assets/webwork/webwork-representations.xml". 
INFO    :     *               If there are many messages like this, then likely your file is missing. 
INFO    :     *               But if this is an isolated error message, then it may indicate a bug,
INFO    :     *               which should be reported.
INFO    :     * PTX:ERROR:    The WeBWorK problem with internal id "webwork-1478"
INFO    :     *               could not be located in the file of WeBWorK problems from
INFO    :     *               the server, which your publication file indicates should be located
INFO    :     *               at "../generated-assets/webwork/webwork-representations.xml". 
INFO    :     *               If there are many messages like this, then likely your file is missing. 
INFO    :     *               But if this is an isolated error message, then it may indicate a bug,
INFO    :     *               which should be reported.
INFO    :     * PTX:ERROR:    The WeBWorK problem with internal id "webwork-1480"
INFO    :     *               could not be located in the file of WeBWorK problems from
INFO    :     *               the server, which your publication file indicates should be located
INFO    :     *               at "../generated-assets/webwork/webwork-representations.xml". 
INFO    :     *               If there are many messages like this, then likely your file is missing. 
INFO    :     *               But if this is an isolated error message, then it may indicate a bug,
INFO    :     *               which should be reported.
INFO    :     * PTX:ERROR:    The WeBWorK problem with internal id "webwork-1482"
INFO    :     *               could not be located in the file of WeBWorK problems from
INFO    :     *               the server, which your publication file indicates should be located
INFO    :     *               at "../generated-assets/webwork/webwork-representations.xml". 
INFO    :     *               If there are many messages like this, then likely your file is missing. 
INFO    :     *               But if this is an isolated error message, then it may indicate a bug,
INFO    :     *               which should be reported.
INFO    :     * PTX:ERROR:    The WeBWorK problem with internal id "webwork-1484"
INFO    :     *               could not be located in the file of WeBWorK problems from
INFO    :     *               the server, which your publication file indicates should be located
INFO    :     *               at "../generated-assets/webwork/webwork-representations.xml". 
INFO    :     *               If there are many messages like this, then likely your file is missing. 
INFO    :     *               But if this is an isolated error message, then it may indicate a bug,
INFO    :     *               which should be reported.
INFO    :     * PTX:ERROR:    The WeBWorK problem with internal id "webwork-1498"
INFO    :     *               could not be located in the file of WeBWorK problems from
INFO    :     *               the server, which your publication file indicates should be located
INFO    :     *               at "../generated-assets/webwork/webwork-representations.xml". 
INFO    :     *               If there are many messages like this, then likely your file is missing. 
INFO    :     *               But if this is an isolated error message, then it may indicate a bug,
INFO    :     *               which should be reported.
INFO    :     * PTX:ERROR:    The WeBWorK problem with internal id "webwork-1500"
INFO    :     *               could not be located in the file of WeBWorK problems from
INFO    :     *               the server, which your publication file indicates should be located
INFO    :     *               at "../generated-assets/webwork/webwork-representations.xml". 
INFO    :     *               If there are many messages like this, then likely your file is missing. 
INFO    :     *               But if this is an isolated error message, then it may indicate a bug,
INFO    :     *               which should be reported.
INFO    :     * PTX:ERROR:    The WeBWorK problem with internal id "webwork-1502"
INFO    :     *               could not be located in the file of WeBWorK problems from
INFO    :     *               the server, which your publication file indicates should be located
INFO    :     *               at "../generated-assets/webwork/webwork-representations.xml". 
INFO    :     *               If there are many messages like this, then likely your file is missing. 
INFO    :     *               But if this is an isolated error message, then it may indicate a bug,
INFO    :     *               which should be reported.
INFO    :     * PTX:ERROR:    The WeBWorK problem with internal id "webwork-1504"
INFO    :     *               could not be located in the file of WeBWorK problems from
INFO    :     *               the server, which your publication file indicates should be located
INFO    :     *               at "../generated-assets/webwork/webwork-representations.xml". 
INFO    :     *               If there are many messages like this, then likely your file is missing. 
INFO    :     *               But if this is an isolated error message, then it may indicate a bug,
INFO    :     *               which should be reported.
INFO    :     * PTX:ERROR:    The WeBWorK problem with internal id "webwork-1506"
INFO    :     *               could not be located in the file of WeBWorK problems from
INFO    :     *               the server, which your publication file indicates should be located
INFO    :     *               at "../generated-assets/webwork/webwork-representations.xml". 
INFO    :     *               If there are many messages like this, then likely your file is missing. 
INFO    :     *               But if this is an isolated error message, then it may indicate a bug,
INFO    :     *               which should be reported.
INFO    :     * PTX:ERROR:    The WeBWorK problem with internal id "webwork-1508"
INFO    :     *               could not be located in the file of WeBWorK problems from
INFO    :     *               the server, which your publication file indicates should be located
INFO    :     *               at "../generated-assets/webwork/webwork-representations.xml". 
INFO    :     *               If there are many messages like this, then likely your file is missing. 
INFO    :     *               But if this is an isolated error message, then it may indicate a bug,
INFO    :     *               which should be reported.
INFO    :     * PTX:ERROR:    The WeBWorK problem with internal id "webwork-1510"
INFO    :     *               could not be located in the file of WeBWorK problems from
INFO    :     *               the server, which your publication file indicates should be located
INFO    :     *               at "../generated-assets/webwork/webwork-representations.xml". 
INFO    :     *               If there are many messages like this, then likely your file is missing. 
INFO    :     *               But if this is an isolated error message, then it may indicate a bug,
INFO    :     *               which should be reported.
INFO    :     * PTX:ERROR:    The WeBWorK problem with internal id "webwork-1512"
INFO    :     *               could not be located in the file of WeBWorK problems from
INFO    :     *               the server, which your publication file indicates should be located
INFO    :     *               at "../generated-assets/webwork/webwork-representations.xml". 
INFO    :     *               If there are many messages like this, then likely your file is missing. 
INFO    :     *               But if this is an isolated error message, then it may indicate a bug,
INFO    :     *               which should be reported.
INFO    :     * PTX:ERROR:    The WeBWorK problem with internal id "webwork-1514"
INFO    :     *               could not be located in the file of WeBWorK problems from
INFO    :     *               the server, which your publication file indicates should be located
INFO    :     *               at "../generated-assets/webwork/webwork-representations.xml". 
INFO    :     *               If there are many messages like this, then likely your file is missing. 
INFO    :     *               But if this is an isolated error message, then it may indicate a bug,
INFO    :     *               which should be reported.
INFO    :     * PTX:ERROR:    The WeBWorK problem with internal id "webwork-1516"
INFO    :     *               could not be located in the file of WeBWorK problems from
INFO    :     *               the server, which your publication file indicates should be located
INFO    :     *               at "../generated-assets/webwork/webwork-representations.xml". 
INFO    :     *               If there are many messages like this, then likely your file is missing. 
INFO    :     *               But if this is an isolated error message, then it may indicate a bug,
INFO    :     *               which should be reported.
INFO    :     * PTX:ERROR:    The WeBWorK problem with internal id "webwork-1518"
INFO    :     *               could not be located in the file of WeBWorK problems from
INFO    :     *               the server, which your publication file indicates should be located
INFO    :     *               at "../generated-assets/webwork/webwork-representations.xml". 
INFO    :     *               If there are many messages like this, then likely your file is missing. 
INFO    :     *               But if this is an isolated error message, then it may indicate a bug,
INFO    :     *               which should be reported.
INFO    :     * PTX:ERROR:    The WeBWorK problem with internal id "webwork-1520"
INFO    :     *               could not be located in the file of WeBWorK problems from
INFO    :     *               the server, which your publication file indicates should be located
INFO    :     *               at "../generated-assets/webwork/webwork-representations.xml". 
INFO    :     *               If there are many messages like this, then likely your file is missing. 
INFO    :     *               But if this is an isolated error message, then it may indicate a bug,
INFO    :     *               which should be reported.
INFO    :     * PTX:ERROR:    The WeBWorK problem with internal id "webwork-1522"
INFO    :     *               could not be located in the file of WeBWorK problems from
INFO    :     *               the server, which your publication file indicates should be located
INFO    :     *               at "../generated-assets/webwork/webwork-representations.xml". 
INFO    :     *               If there are many messages like this, then likely your file is missing. 
INFO    :     *               But if this is an isolated error message, then it may indicate a bug,
INFO    :     *               which should be reported.
INFO    :     * PTX:ERROR:    The WeBWorK problem with internal id "webwork-1524"
INFO    :     *               could not be located in the file of WeBWorK problems from
INFO    :     *               the server, which your publication file indicates should be located
INFO    :     *               at "../generated-assets/webwork/webwork-representations.xml". 
INFO    :     *               If there are many messages like this, then likely your file is missing. 
INFO    :     *               But if this is an isolated error message, then it may indicate a bug,
INFO    :     *               which should be reported.
INFO    :     * PTX:ERROR:    The WeBWorK problem with internal id "webwork-1526"
INFO    :     *               could not be located in the file of WeBWorK problems from
INFO    :     *               the server, which your publication file indicates should be located
INFO    :     *               at "../generated-assets/webwork/webwork-representations.xml". 
INFO    :     *               If there are many messages like this, then likely your file is missing. 
INFO    :     *               But if this is an isolated error message, then it may indicate a bug,
INFO    :     *               which should be reported.
INFO    :     * PTX:ERROR:    The WeBWorK problem with internal id "webwork-1528"
INFO    :     *               could not be located in the file of WeBWorK problems from
INFO    :     *               the server, which your publication file indicates should be located
INFO    :     *               at "../generated-assets/webwork/webwork-representations.xml". 
INFO    :     *               If there are many messages like this, then likely your file is missing. 
INFO    :     *               But if this is an isolated error message, then it may indicate a bug,
INFO    :     *               which should be reported.
INFO    :     * PTX:ERROR:    The WeBWorK problem with internal id "webwork-1534"
INFO    :     *               could not be located in the file of WeBWorK problems from
INFO    :     *               the server, which your publication file indicates should be located
INFO    :     *               at "../generated-assets/webwork/webwork-representations.xml". 
INFO    :     *               If there are many messages like this, then likely your file is missing. 
INFO    :     *               But if this is an isolated error message, then it may indicate a bug,
INFO    :     *               which should be reported.
INFO    :     * PTX:ERROR:    The WeBWorK problem with internal id "webwork-1536"
INFO    :     *               could not be located in the file of WeBWorK problems from
INFO    :     *               the server, which your publication file indicates should be located
INFO    :     *               at "../generated-assets/webwork/webwork-representations.xml". 
INFO    :     *               If there are many messages like this, then likely your file is missing. 
INFO    :     *               But if this is an isolated error message, then it may indicate a bug,
INFO    :     *               which should be reported.
INFO    :     * PTX:ERROR:    The WeBWorK problem with internal id "webwork-1538"
INFO    :     *               could not be located in the file of WeBWorK problems from
INFO    :     *               the server, which your publication file indicates should be located
INFO    :     *               at "../generated-assets/webwork/webwork-representations.xml". 
INFO    :     *               If there are many messages like this, then likely your file is missing. 
INFO    :     *               But if this is an isolated error message, then it may indicate a bug,
INFO    :     *               which should be reported.
INFO    :     * PTX:ERROR:    The WeBWorK problem with internal id "webwork-1540"
INFO    :     *               could not be located in the file of WeBWorK problems from
INFO    :     *               the server, which your publication file indicates should be located
INFO    :     *               at "../generated-assets/webwork/webwork-representations.xml". 
INFO    :     *               If there are many messages like this, then likely your file is missing. 
INFO    :     *               But if this is an isolated error message, then it may indicate a bug,
INFO    :     *               which should be reported.
INFO    :     * PTX:ERROR:    The WeBWorK problem with internal id "webwork-1542"
INFO    :     *               could not be located in the file of WeBWorK problems from
INFO    :     *               the server, which your publication file indicates should be located
INFO    :     *               at "../generated-assets/webwork/webwork-representations.xml". 
INFO    :     *               If there are many messages like this, then likely your file is missing. 
INFO    :     *               But if this is an isolated error message, then it may indicate a bug,
INFO    :     *               which should be reported.
INFO    :     * PTX:ERROR:    The WeBWorK problem with internal id "webwork-1544"
INFO    :     *               could not be located in the file of WeBWorK problems from
INFO    :     *               the server, which your publication file indicates should be located
INFO    :     *               at "../generated-assets/webwork/webwork-representations.xml". 
INFO    :     *               If there are many messages like this, then likely your file is missing. 
INFO    :     *               But if this is an isolated error message, then it may indicate a bug,
INFO    :     *               which should be reported.
INFO    :     * PTX:ERROR:    The WeBWorK problem with internal id "webwork-1546"
INFO    :     *               could not be located in the file of WeBWorK problems from
INFO    :     *               the server, which your publication file indicates should be located
INFO    :     *               at "../generated-assets/webwork/webwork-representations.xml". 
INFO    :     *               If there are many messages like this, then likely your file is missing. 
INFO    :     *               But if this is an isolated error message, then it may indicate a bug,
INFO    :     *               which should be reported.
INFO    :     * PTX:ERROR:    The WeBWorK problem with internal id "webwork-1548"
INFO    :     *               could not be located in the file of WeBWorK problems from
INFO    :     *               the server, which your publication file indicates should be located
INFO    :     *               at "../generated-assets/webwork/webwork-representations.xml". 
INFO    :     *               If there are many messages like this, then likely your file is missing. 
INFO    :     *               But if this is an isolated error message, then it may indicate a bug,
INFO    :     *               which should be reported.
INFO    :     * PTX:ERROR:    The WeBWorK problem with internal id "webwork-1550"
INFO    :     *               could not be located in the file of WeBWorK problems from
INFO    :     *               the server, which your publication file indicates should be located
INFO    :     *               at "../generated-assets/webwork/webwork-representations.xml". 
INFO    :     *               If there are many messages like this, then likely your file is missing. 
INFO    :     *               But if this is an isolated error message, then it may indicate a bug,
INFO    :     *               which should be reported.
INFO    :     * PTX:ERROR:    The WeBWorK problem with internal id "webwork-1552"
INFO    :     *               could not be located in the file of WeBWorK problems from
INFO    :     *               the server, which your publication file indicates should be located
INFO    :     *               at "../generated-assets/webwork/webwork-representations.xml". 
INFO    :     *               If there are many messages like this, then likely your file is missing. 
INFO    :     *               But if this is an isolated error message, then it may indicate a bug,
INFO    :     *               which should be reported.
INFO    :     * PTX:ERROR:    The WeBWorK problem with internal id "webwork-1554"
INFO    :     *               could not be located in the file of WeBWorK problems from
INFO    :     *               the server, which your publication file indicates should be located
INFO    :     *               at "../generated-assets/webwork/webwork-representations.xml". 
INFO    :     *               If there are many messages like this, then likely your file is missing. 
INFO    :     *               But if this is an isolated error message, then it may indicate a bug,
INFO    :     *               which should be reported.
INFO    :     * PTX:ERROR:    The WeBWorK problem with internal id "webwork-1556"
INFO    :     *               could not be located in the file of WeBWorK problems from
INFO    :     *               the server, which your publication file indicates should be located
INFO    :     *               at "../generated-assets/webwork/webwork-representations.xml". 
INFO    :     *               If there are many messages like this, then likely your file is missing. 
INFO    :     *               But if this is an isolated error message, then it may indicate a bug,
INFO    :     *               which should be reported.
INFO    :     * PTX:ERROR:    The WeBWorK problem with internal id "webwork-1558"
INFO    :     *               could not be located in the file of WeBWorK problems from
INFO    :     *               the server, which your publication file indicates should be located
INFO    :     *               at "../generated-assets/webwork/webwork-representations.xml". 
INFO    :     *               If there are many messages like this, then likely your file is missing. 
INFO    :     *               But if this is an isolated error message, then it may indicate a bug,
INFO    :     *               which should be reported.
INFO    :     * PTX:ERROR:    The WeBWorK problem with internal id "webwork-1560"
INFO    :     *               could not be located in the file of WeBWorK problems from
INFO    :     *               the server, which your publication file indicates should be located
INFO    :     *               at "../generated-assets/webwork/webwork-representations.xml". 
INFO    :     *               If there are many messages like this, then likely your file is missing. 
INFO    :     *               But if this is an isolated error message, then it may indicate a bug,
INFO    :     *               which should be reported.
INFO    :     * PTX:ERROR:    The WeBWorK problem with internal id "webwork-1562"
INFO    :     *               could not be located in the file of WeBWorK problems from
INFO    :     *               the server, which your publication file indicates should be located
INFO    :     *               at "../generated-assets/webwork/webwork-representations.xml". 
INFO    :     *               If there are many messages like this, then likely your file is missing. 
INFO    :     *               But if this is an isolated error message, then it may indicate a bug,
INFO    :     *               which should be reported.
INFO    :     * PTX:ERROR:    The WeBWorK problem with internal id "webwork-1564"
INFO    :     *               could not be located in the file of WeBWorK problems from
INFO    :     *               the server, which your publication file indicates should be located
INFO    :     *               at "../generated-assets/webwork/webwork-representations.xml". 
INFO    :     *               If there are many messages like this, then likely your file is missing. 
INFO    :     *               But if this is an isolated error message, then it may indicate a bug,
INFO    :     *               which should be reported.
INFO    :     * PTX:ERROR:    The WeBWorK problem with internal id "webwork-1565"
INFO    :     *               could not be located in the file of WeBWorK problems from
INFO    :     *               the server, which your publication file indicates should be located
INFO    :     *               at "../generated-assets/webwork/webwork-representations.xml". 
INFO    :     *               If there are many messages like this, then likely your file is missing. 
INFO    :     *               But if this is an isolated error message, then it may indicate a bug,
INFO    :     *               which should be reported.
INFO    :     * PTX:ERROR:    The WeBWorK problem with internal id "webwork-1566"
INFO    :     *               could not be located in the file of WeBWorK problems from
INFO    :     *               the server, which your publication file indicates should be located
INFO    :     *               at "../generated-assets/webwork/webwork-representations.xml". 
INFO    :     *               If there are many messages like this, then likely your file is missing. 
INFO    :     *               But if this is an isolated error message, then it may indicate a bug,
INFO    :     *               which should be reported.
INFO    :     * PTX:ERROR:    The WeBWorK problem with internal id "webwork-1567"
INFO    :     *               could not be located in the file of WeBWorK problems from
INFO    :     *               the server, which your publication file indicates should be located
INFO    :     *               at "../generated-assets/webwork/webwork-representations.xml". 
INFO    :     *               If there are many messages like this, then likely your file is missing. 
INFO    :     *               But if this is an isolated error message, then it may indicate a bug,
INFO    :     *               which should be reported.
INFO    :     * PTX:ERROR:    The WeBWorK problem with internal id "webwork-1931"
INFO    :     *               could not be located in the file of WeBWorK problems from
INFO    :     *               the server, which your publication file indicates should be located
INFO    :     *               at "../generated-assets/webwork/webwork-representations.xml". 
INFO    :     *               If there are many messages like this, then likely your file is missing. 
INFO    :     *               But if this is an isolated error message, then it may indicate a bug,
INFO    :     *               which should be reported.
INFO    :     * PTX:ERROR:    The WeBWorK problem with internal id "webwork-1932"
INFO    :     *               could not be located in the file of WeBWorK problems from
INFO    :     *               the server, which your publication file indicates should be located
INFO    :     *               at "../generated-assets/webwork/webwork-representations.xml". 
INFO    :     *               If there are many messages like this, then likely your file is missing. 
INFO    :     *               But if this is an isolated error message, then it may indicate a bug,
INFO    :     *               which should be reported.
INFO    :     * PTX:ERROR:    The WeBWorK problem with internal id "webwork-1933"
INFO    :     *               could not be located in the file of WeBWorK problems from
INFO    :     *               the server, which your publication file indicates should be located
INFO    :     *               at "../generated-assets/webwork/webwork-representations.xml". 
INFO    :     *               If there are many messages like this, then likely your file is missing. 
INFO    :     *               But if this is an isolated error message, then it may indicate a bug,
INFO    :     *               which should be reported.
INFO    :     * PTX:ERROR:    The WeBWorK problem with internal id "webwork-1935"
INFO    :     *               could not be located in the file of WeBWorK problems from
INFO    :     *               the server, which your publication file indicates should be located
INFO    :     *               at "../generated-assets/webwork/webwork-representations.xml". 
INFO    :     *               If there are many messages like this, then likely your file is missing. 
INFO    :     *               But if this is an isolated error message, then it may indicate a bug,
INFO    :     *               which should be reported.
INFO    :     * PTX:ERROR:    The WeBWorK problem with internal id "webwork-1936"
INFO    :     *               could not be located in the file of WeBWorK problems from
INFO    :     *               the server, which your publication file indicates should be located
INFO    :     *               at "../generated-assets/webwork/webwork-representations.xml". 
INFO    :     *               If there are many messages like this, then likely your file is missing. 
INFO    :     *               But if this is an isolated error message, then it may indicate a bug,
INFO    :     *               which should be reported.
INFO    :     * PTX:ERROR:    The WeBWorK problem with internal id "webwork-1937"
INFO    :     *               could not be located in the file of WeBWorK problems from
INFO    :     *               the server, which your publication file indicates should be located
INFO    :     *               at "../generated-assets/webwork/webwork-representations.xml". 
INFO    :     *               If there are many messages like this, then likely your file is missing. 
INFO    :     *               But if this is an isolated error message, then it may indicate a bug,
INFO    :     *               which should be reported.
INFO    :     * PTX:ERROR:    The WeBWorK problem with internal id "webwork-1939"
INFO    :     *               could not be located in the file of WeBWorK problems from
INFO    :     *               the server, which your publication file indicates should be located
INFO    :     *               at "../generated-assets/webwork/webwork-representations.xml". 
INFO    :     *               If there are many messages like this, then likely your file is missing. 
INFO    :     *               But if this is an isolated error message, then it may indicate a bug,
INFO    :     *               which should be reported.
INFO    :     * PTX:ERROR:    The WeBWorK problem with internal id "webwork-1940"
INFO    :     *               could not be located in the file of WeBWorK problems from
INFO    :     *               the server, which your publication file indicates should be located
INFO    :     *               at "../generated-assets/webwork/webwork-representations.xml". 
INFO    :     *               If there are many messages like this, then likely your file is missing. 
INFO    :     *               But if this is an isolated error message, then it may indicate a bug,
INFO    :     *               which should be reported.
INFO    :     * PTX:ERROR:    The WeBWorK problem with internal id "webwork-1941"
INFO    :     *               could not be located in the file of WeBWorK problems from
INFO    :     *               the server, which your publication file indicates should be located
INFO    :     *               at "../generated-assets/webwork/webwork-representations.xml". 
INFO    :     *               If there are many messages like this, then likely your file is missing. 
INFO    :     *               But if this is an isolated error message, then it may indicate a bug,
INFO    :     *               which should be reported.
INFO    :     * PTX:ERROR:    The WeBWorK problem with internal id "webwork-1942"
INFO    :     *               could not be located in the file of WeBWorK problems from
INFO    :     *               the server, which your publication file indicates should be located
INFO    :     *               at "../generated-assets/webwork/webwork-representations.xml". 
INFO    :     *               If there are many messages like this, then likely your file is missing. 
INFO    :     *               But if this is an isolated error message, then it may indicate a bug,
INFO    :     *               which should be reported.
INFO    :     * PTX:ERROR:    The WeBWorK problem with internal id "webwork-1943"
INFO    :     *               could not be located in the file of WeBWorK problems from
INFO    :     *               the server, which your publication file indicates should be located
INFO    :     *               at "../generated-assets/webwork/webwork-representations.xml". 
INFO    :     *               If there are many messages like this, then likely your file is missing. 
INFO    :     *               But if this is an isolated error message, then it may indicate a bug,
INFO    :     *               which should be reported.
INFO    :     * PTX:ERROR:    The WeBWorK problem with internal id "webwork-1944"
INFO    :     *               could not be located in the file of WeBWorK problems from
INFO    :     *               the server, which your publication file indicates should be located
INFO    :     *               at "../generated-assets/webwork/webwork-representations.xml". 
INFO    :     *               If there are many messages like this, then likely your file is missing. 
INFO    :     *               But if this is an isolated error message, then it may indicate a bug,
INFO    :     *               which should be reported.
INFO    :     * PTX:ERROR:    The WeBWorK problem with internal id "webwork-1945"
INFO    :     *               could not be located in the file of WeBWorK problems from
INFO    :     *               the server, which your publication file indicates should be located
INFO    :     *               at "../generated-assets/webwork/webwork-representations.xml". 
INFO    :     *               If there are many messages like this, then likely your file is missing. 
INFO    :     *               But if this is an isolated error message, then it may indicate a bug,
INFO    :     *               which should be reported.
INFO    :     * PTX:ERROR:    The WeBWorK problem with internal id "webwork-1946"
INFO    :     *               could not be located in the file of WeBWorK problems from
INFO    :     *               the server, which your publication file indicates should be located
INFO    :     *               at "../generated-assets/webwork/webwork-representations.xml". 
INFO    :     *               If there are many messages like this, then likely your file is missing. 
INFO    :     *               But if this is an isolated error message, then it may indicate a bug,
INFO    :     *               which should be reported.
INFO    :     * PTX:ERROR:    The WeBWorK problem with internal id "webwork-1947"
INFO    :     *               could not be located in the file of WeBWorK problems from
INFO    :     *               the server, which your publication file indicates should be located
INFO    :     *               at "../generated-assets/webwork/webwork-representations.xml". 
INFO    :     *               If there are many messages like this, then likely your file is missing. 
INFO    :     *               But if this is an isolated error message, then it may indicate a bug,
INFO    :     *               which should be reported.
INFO    :     * PTX:ERROR:    The WeBWorK problem with internal id "webwork-1948"
INFO    :     *               could not be located in the file of WeBWorK problems from
INFO    :     *               the server, which your publication file indicates should be located
INFO    :     *               at "../generated-assets/webwork/webwork-representations.xml". 
INFO    :     *               If there are many messages like this, then likely your file is missing. 
INFO    :     *               But if this is an isolated error message, then it may indicate a bug,
INFO    :     *               which should be reported.
INFO    :     * PTX:ERROR:    The WeBWorK problem with internal id "webwork-1949"
INFO    :     *               could not be located in the file of WeBWorK problems from
INFO    :     *               the server, which your publication file indicates should be located
INFO    :     *               at "../generated-assets/webwork/webwork-representations.xml". 
INFO    :     *               If there are many messages like this, then likely your file is missing. 
INFO    :     *               But if this is an isolated error message, then it may indicate a bug,
INFO    :     *               which should be reported.
INFO    :     * PTX:ERROR:    The WeBWorK problem with internal id "webwork-1950"
INFO    :     *               could not be located in the file of WeBWorK problems from
INFO    :     *               the server, which your publication file indicates should be located
INFO    :     *               at "../generated-assets/webwork/webwork-representations.xml". 
INFO    :     *               If there are many messages like this, then likely your file is missing. 
INFO    :     *               But if this is an isolated error message, then it may indicate a bug,
INFO    :     *               which should be reported.
INFO    :     * PTX:ERROR:    The WeBWorK problem with internal id "webwork-1951"
INFO    :     *               could not be located in the file of WeBWorK problems from
INFO    :     *               the server, which your publication file indicates should be located
INFO    :     *               at "../generated-assets/webwork/webwork-representations.xml". 
INFO    :     *               If there are many messages like this, then likely your file is missing. 
INFO    :     *               But if this is an isolated error message, then it may indicate a bug,
INFO    :     *               which should be reported.
INFO    :     * PTX:ERROR:    The WeBWorK problem with internal id "webwork-1952"
INFO    :     *               could not be located in the file of WeBWorK problems from
INFO    :     *               the server, which your publication file indicates should be located
INFO    :     *               at "../generated-assets/webwork/webwork-representations.xml". 
INFO    :     *               If there are many messages like this, then likely your file is missing. 
INFO    :     *               But if this is an isolated error message, then it may indicate a bug,
INFO    :     *               which should be reported.
INFO    :     * PTX:ERROR:    The WeBWorK problem with internal id "webwork-1953"
INFO    :     *               could not be located in the file of WeBWorK problems from
INFO    :     *               the server, which your publication file indicates should be located
INFO    :     *               at "../generated-assets/webwork/webwork-representations.xml". 
INFO    :     *               If there are many messages like this, then likely your file is missing. 
INFO    :     *               But if this is an isolated error message, then it may indicate a bug,
INFO    :     *               which should be reported.
INFO    :     * PTX:ERROR:    The WeBWorK problem with internal id "webwork-1954"
INFO    :     *               could not be located in the file of WeBWorK problems from
INFO    :     *               the server, which your publication file indicates should be located
INFO    :     *               at "../generated-assets/webwork/webwork-representations.xml". 
INFO    :     *               If there are many messages like this, then likely your file is missing. 
INFO    :     *               But if this is an isolated error message, then it may indicate a bug,
INFO    :     *               which should be reported.
INFO    :     * PTX:ERROR:    The WeBWorK problem with internal id "webwork-1955"
INFO    :     *               could not be located in the file of WeBWorK problems from
INFO    :     *               the server, which your publication file indicates should be located
INFO    :     *               at "../generated-assets/webwork/webwork-representations.xml". 
INFO    :     *               If there are many messages like this, then likely your file is missing. 
INFO    :     *               But if this is an isolated error message, then it may indicate a bug,
INFO    :     *               which should be reported.
INFO    :     * PTX:ERROR:    The WeBWorK problem with internal id "webwork-1956"
INFO    :     *               could not be located in the file of WeBWorK problems from
INFO    :     *               the server, which your publication file indicates should be located
INFO    :     *               at "../generated-assets/webwork/webwork-representations.xml". 
INFO    :     *               If there are many messages like this, then likely your file is missing. 
INFO    :     *               But if this is an isolated error message, then it may indicate a bug,
INFO    :     *               which should be reported.
INFO    :     * PTX:ERROR:    The WeBWorK problem with internal id "webwork-1957"
INFO    :     *               could not be located in the file of WeBWorK problems from
INFO    :     *               the server, which your publication file indicates should be located
INFO    :     *               at "../generated-assets/webwork/webwork-representations.xml". 
INFO    :     *               If there are many messages like this, then likely your file is missing. 
INFO    :     *               But if this is an isolated error message, then it may indicate a bug,
INFO    :     *               which should be reported.
INFO    :     * PTX:ERROR:    The WeBWorK problem with internal id "webwork-1958"
INFO    :     *               could not be located in the file of WeBWorK problems from
INFO    :     *               the server, which your publication file indicates should be located
INFO    :     *               at "../generated-assets/webwork/webwork-representations.xml". 
INFO    :     *               If there are many messages like this, then likely your file is missing. 
INFO    :     *               But if this is an isolated error message, then it may indicate a bug,
INFO    :     *               which should be reported.
INFO    :     * PTX:ERROR:    The WeBWorK problem with internal id "webwork-1959"
INFO    :     *               could not be located in the file of WeBWorK problems from
INFO    :     *               the server, which your publication file indicates should be located
INFO    :     *               at "../generated-assets/webwork/webwork-representations.xml". 
INFO    :     *               If there are many messages like this, then likely your file is missing. 
INFO    :     *               But if this is an isolated error message, then it may indicate a bug,
INFO    :     *               which should be reported.
INFO    :     * PTX:ERROR:    The WeBWorK problem with internal id "webwork-1960"
INFO    :     *               could not be located in the file of WeBWorK problems from
INFO    :     *               the server, which your publication file indicates should be located
INFO    :     *               at "../generated-assets/webwork/webwork-representations.xml". 
INFO    :     *               If there are many messages like this, then likely your file is missing. 
INFO    :     *               But if this is an isolated error message, then it may indicate a bug,
INFO    :     *               which should be reported.
INFO    :     * PTX:ERROR:    The WeBWorK problem with internal id "webwork-1961"
INFO    :     *               could not be located in the file of WeBWorK problems from
INFO    :     *               the server, which your publication file indicates should be located
INFO    :     *               at "../generated-assets/webwork/webwork-representations.xml". 
INFO    :     *               If there are many messages like this, then likely your file is missing. 
INFO    :     *               But if this is an isolated error message, then it may indicate a bug,
INFO    :     *               which should be reported.
INFO    :     * PTX:ERROR:    The WeBWorK problem with internal id "webwork-1962"
INFO    :     *               could not be located in the file of WeBWorK problems from
INFO    :     *               the server, which your publication file indicates should be located
INFO    :     *               at "../generated-assets/webwork/webwork-representations.xml". 
INFO    :     *               If there are many messages like this, then likely your file is missing. 
INFO    :     *               But if this is an isolated error message, then it may indicate a bug,
INFO    :     *               which should be reported.
INFO    :     * PTX:ERROR:    The WeBWorK problem with internal id "webwork-1963"
INFO    :     *               could not be located in the file of WeBWorK problems from
INFO    :     *               the server, which your publication file indicates should be located
INFO    :     *               at "../generated-assets/webwork/webwork-representations.xml". 
INFO    :     *               If there are many messages like this, then likely your file is missing. 
INFO    :     *               But if this is an isolated error message, then it may indicate a bug,
INFO    :     *               which should be reported.
INFO    :     * PTX:ERROR:    The WeBWorK problem with internal id "webwork-1964"
INFO    :     *               could not be located in the file of WeBWorK problems from
INFO    :     *               the server, which your publication file indicates should be located
INFO    :     *               at "../generated-assets/webwork/webwork-representations.xml". 
INFO    :     *               If there are many messages like this, then likely your file is missing. 
INFO    :     *               But if this is an isolated error message, then it may indicate a bug,
INFO    :     *               which should be reported.
INFO    :     * PTX:ERROR:    The WeBWorK problem with internal id "webwork-1965"
INFO    :     *               could not be located in the file of WeBWorK problems from
INFO    :     *               the server, which your publication file indicates should be located
INFO    :     *               at "../generated-assets/webwork/webwork-representations.xml". 
INFO    :     *               If there are many messages like this, then likely your file is missing. 
INFO    :     *               But if this is an isolated error message, then it may indicate a bug,
INFO    :     *               which should be reported.
INFO    :     * PTX:ERROR:    The WeBWorK problem with internal id "webwork-1969"
INFO    :     *               could not be located in the file of WeBWorK problems from
INFO    :     *               the server, which your publication file indicates should be located
INFO    :     *               at "../generated-assets/webwork/webwork-representations.xml". 
INFO    :     *               If there are many messages like this, then likely your file is missing. 
INFO    :     *               But if this is an isolated error message, then it may indicate a bug,
INFO    :     *               which should be reported.
INFO    :     * PTX:ERROR:    The WeBWorK problem with internal id "webwork-1973"
INFO    :     *               could not be located in the file of WeBWorK problems from
INFO    :     *               the server, which your publication file indicates should be located
INFO    :     *               at "../generated-assets/webwork/webwork-representations.xml". 
INFO    :     *               If there are many messages like this, then likely your file is missing. 
INFO    :     *               But if this is an isolated error message, then it may indicate a bug,
INFO    :     *               which should be reported.
INFO    : successful application of /Users/alex.jordan/.ptx/xsl/extract-latex-image.xsl
INFO    : converting stair-rise-run.tex to stair-rise-run.pdf
INFO    : cropping stair-rise-run.pdf to cropped-stair-rise-run.pdf
INFO    : renaming cropped-stair-rise-run.pdf to stair-rise-run.pdf
INFO    : converting stair-rise-run.pdf to stair-rise-run.svg
INFO    : converting a-frame-tent.tex to a-frame-tent.pdf
INFO    : cropping a-frame-tent.pdf to cropped-a-frame-tent.pdf
INFO    : renaming cropped-a-frame-tent.pdf to a-frame-tent.pdf
INFO    : converting a-frame-tent.pdf to a-frame-tent.svg
INFO    : converting rectangle-with-diagonal.tex to rectangle-with-diagonal.pdf
INFO    : cropping rectangle-with-diagonal.pdf to cropped-rectangle-with-diagonal.pdf
INFO    : renaming cropped-rectangle-with-diagonal.pdf to rectangle-with-diagonal.pdf
INFO    : converting rectangle-with-diagonal.pdf to rectangle-with-diagonal.svg
INFO    : converting latex-image pictures from /Users/alex.jordan/orcca/src/orcca.ptx to svg graphics for placement in /Users/alex.jordan/orcca/generated-assets/latex-image
INFO    : extracting latex-image pictures from /Users/alex.jordan/orcca/src/orcca.ptx
INFO    : string parameters passed to extraction stylesheet: {'publisher': '/Users/alex.jordan/orcca/publication/publication.xml', 'subtree': 'figure-unlike-terms'}
INFO    : discovering source file's directory name: /Users/alex.jordan/orcca/src
INFO    : verifying and expanding input directory: /Users/alex.jordan/orcca/src/../generated-assets
INFO    : input directory expanded to absolute path: /Users/alex.jordan/orcca/generated-assets
INFO    : verifying and expanding input directory: /Users/alex.jordan/orcca/src/../assets
INFO    : input directory expanded to absolute path: /Users/alex.jordan/orcca/assets
INFO    : XSL conversion of /Users/alex.jordan/orcca/src/orcca.ptx by /Users/alex.jordan/.ptx/xsl/extract-latex-image.xsl
INFO    : messages from the log for XSL processing (indented):
INFO    :     * PTX:ERROR:    The WeBWorK problem with internal id "webwork-1309"
INFO    :     *               could not be located in the file of WeBWorK problems from
INFO    :     *               the server, which your publication file indicates should be located
INFO    :     *               at "../generated-assets/webwork/webwork-representations.xml". 
INFO    :     *               If there are many messages like this, then likely your file is missing. 
INFO    :     *               But if this is an isolated error message, then it may indicate a bug,
INFO    :     *               which should be reported.
INFO    :     * PTX:ERROR:    The WeBWorK problem with internal id "webwork-1424"
INFO    :     *               could not be located in the file of WeBWorK problems from
INFO    :     *               the server, which your publication file indicates should be located
INFO    :     *               at "../generated-assets/webwork/webwork-representations.xml". 
INFO    :     *               If there are many messages like this, then likely your file is missing. 
INFO    :     *               But if this is an isolated error message, then it may indicate a bug,
INFO    :     *               which should be reported.
INFO    :     * PTX:ERROR:    The WeBWorK problem with internal id "webwork-1426"
INFO    :     *               could not be located in the file of WeBWorK problems from
INFO    :     *               the server, which your publication file indicates should be located
INFO    :     *               at "../generated-assets/webwork/webwork-representations.xml". 
INFO    :     *               If there are many messages like this, then likely your file is missing. 
INFO    :     *               But if this is an isolated error message, then it may indicate a bug,
INFO    :     *               which should be reported.
INFO    :     * PTX:ERROR:    The WeBWorK problem with internal id "webwork-1434"
INFO    :     *               could not be located in the file of WeBWorK problems from
INFO    :     *               the server, which your publication file indicates should be located
INFO    :     *               at "../generated-assets/webwork/webwork-representations.xml". 
INFO    :     *               If there are many messages like this, then likely your file is missing. 
INFO    :     *               But if this is an isolated error message, then it may indicate a bug,
INFO    :     *               which should be reported.
INFO    :     * PTX:ERROR:    The WeBWorK problem with internal id "webwork-1436"
INFO    :     *               could not be located in the file of WeBWorK problems from
INFO    :     *               the server, which your publication file indicates should be located
INFO    :     *               at "../generated-assets/webwork/webwork-representations.xml". 
INFO    :     *               If there are many messages like this, then likely your file is missing. 
INFO    :     *               But if this is an isolated error message, then it may indicate a bug,
INFO    :     *               which should be reported.
INFO    :     * PTX:ERROR:    The WeBWorK problem with internal id "webwork-1438"
INFO    :     *               could not be located in the file of WeBWorK problems from
INFO    :     *               the server, which your publication file indicates should be located
INFO    :     *               at "../generated-assets/webwork/webwork-representations.xml". 
INFO    :     *               If there are many messages like this, then likely your file is missing. 
INFO    :     *               But if this is an isolated error message, then it may indicate a bug,
INFO    :     *               which should be reported.
INFO    :     * PTX:ERROR:    The WeBWorK problem with internal id "webwork-1440"
INFO    :     *               could not be located in the file of WeBWorK problems from
INFO    :     *               the server, which your publication file indicates should be located
INFO    :     *               at "../generated-assets/webwork/webwork-representations.xml". 
INFO    :     *               If there are many messages like this, then likely your file is missing. 
INFO    :     *               But if this is an isolated error message, then it may indicate a bug,
INFO    :     *               which should be reported.
INFO    :     * PTX:ERROR:    The WeBWorK problem with internal id "webwork-1442"
INFO    :     *               could not be located in the file of WeBWorK problems from
INFO    :     *               the server, which your publication file indicates should be located
INFO    :     *               at "../generated-assets/webwork/webwork-representations.xml". 
INFO    :     *               If there are many messages like this, then likely your file is missing. 
INFO    :     *               But if this is an isolated error message, then it may indicate a bug,
INFO    :     *               which should be reported.
INFO    :     * PTX:ERROR:    The WeBWorK problem with internal id "webwork-1444"
INFO    :     *               could not be located in the file of WeBWorK problems from
INFO    :     *               the server, which your publication file indicates should be located
INFO    :     *               at "../generated-assets/webwork/webwork-representations.xml". 
INFO    :     *               If there are many messages like this, then likely your file is missing. 
INFO    :     *               But if this is an isolated error message, then it may indicate a bug,
INFO    :     *               which should be reported.
INFO    :     * PTX:ERROR:    The WeBWorK problem with internal id "webwork-1446"
INFO    :     *               could not be located in the file of WeBWorK problems from
INFO    :     *               the server, which your publication file indicates should be located
INFO    :     *               at "../generated-assets/webwork/webwork-representations.xml". 
INFO    :     *               If there are many messages like this, then likely your file is missing. 
INFO    :     *               But if this is an isolated error message, then it may indicate a bug,
INFO    :     *               which should be reported.
INFO    :     * PTX:ERROR:    The WeBWorK problem with internal id "webwork-1448"
INFO    :     *               could not be located in the file of WeBWorK problems from
INFO    :     *               the server, which your publication file indicates should be located
INFO    :     *               at "../generated-assets/webwork/webwork-representations.xml". 
INFO    :     *               If there are many messages like this, then likely your file is missing. 
INFO    :     *               But if this is an isolated error message, then it may indicate a bug,
INFO    :     *               which should be reported.
INFO    :     * PTX:ERROR:    The WeBWorK problem with internal id "webwork-1450"
INFO    :     *               could not be located in the file of WeBWorK problems from
INFO    :     *               the server, which your publication file indicates should be located
INFO    :     *               at "../generated-assets/webwork/webwork-representations.xml". 
INFO    :     *               If there are many messages like this, then likely your file is missing. 
INFO    :     *               But if this is an isolated error message, then it may indicate a bug,
INFO    :     *               which should be reported.
INFO    :     * PTX:ERROR:    The WeBWorK problem with internal id "webwork-1452"
INFO    :     *               could not be located in the file of WeBWorK problems from
INFO    :     *               the server, which your publication file indicates should be located
INFO    :     *               at "../generated-assets/webwork/webwork-representations.xml". 
INFO    :     *               If there are many messages like this, then likely your file is missing. 
INFO    :     *               But if this is an isolated error message, then it may indicate a bug,
INFO    :     *               which should be reported.
INFO    :     * PTX:ERROR:    The WeBWorK problem with internal id "webwork-1454"
INFO    :     *               could not be located in the file of WeBWorK problems from
INFO    :     *               the server, which your publication file indicates should be located
INFO    :     *               at "../generated-assets/webwork/webwork-representations.xml". 
INFO    :     *               If there are many messages like this, then likely your file is missing. 
INFO    :     *               But if this is an isolated error message, then it may indicate a bug,
INFO    :     *               which should be reported.
INFO    :     * PTX:ERROR:    The WeBWorK problem with internal id "webwork-1456"
INFO    :     *               could not be located in the file of WeBWorK problems from
INFO    :     *               the server, which your publication file indicates should be located
INFO    :     *               at "../generated-assets/webwork/webwork-representations.xml". 
INFO    :     *               If there are many messages like this, then likely your file is missing. 
INFO    :     *               But if this is an isolated error message, then it may indicate a bug,
INFO    :     *               which should be reported.
INFO    :     * PTX:ERROR:    The WeBWorK problem with internal id "webwork-1458"
INFO    :     *               could not be located in the file of WeBWorK problems from
INFO    :     *               the server, which your publication file indicates should be located
INFO    :     *               at "../generated-assets/webwork/webwork-representations.xml". 
INFO    :     *               If there are many messages like this, then likely your file is missing. 
INFO    :     *               But if this is an isolated error message, then it may indicate a bug,
INFO    :     *               which should be reported.
INFO    :     * PTX:ERROR:    The WeBWorK problem with internal id "webwork-1460"
INFO    :     *               could not be located in the file of WeBWorK problems from
INFO    :     *               the server, which your publication file indicates should be located
INFO    :     *               at "../generated-assets/webwork/webwork-representations.xml". 
INFO    :     *               If there are many messages like this, then likely your file is missing. 
INFO    :     *               But if this is an isolated error message, then it may indicate a bug,
INFO    :     *               which should be reported.
INFO    :     * PTX:ERROR:    The WeBWorK problem with internal id "webwork-1462"
INFO    :     *               could not be located in the file of WeBWorK problems from
INFO    :     *               the server, which your publication file indicates should be located
INFO    :     *               at "../generated-assets/webwork/webwork-representations.xml". 
INFO    :     *               If there are many messages like this, then likely your file is missing. 
INFO    :     *               But if this is an isolated error message, then it may indicate a bug,
INFO    :     *               which should be reported.
INFO    :     * PTX:ERROR:    The WeBWorK problem with internal id "webwork-1464"
INFO    :     *               could not be located in the file of WeBWorK problems from
INFO    :     *               the server, which your publication file indicates should be located
INFO    :     *               at "../generated-assets/webwork/webwork-representations.xml". 
INFO    :     *               If there are many messages like this, then likely your file is missing. 
INFO    :     *               But if this is an isolated error message, then it may indicate a bug,
INFO    :     *               which should be reported.
INFO    :     * PTX:ERROR:    The WeBWorK problem with internal id "webwork-1466"
INFO    :     *               could not be located in the file of WeBWorK problems from
INFO    :     *               the server, which your publication file indicates should be located
INFO    :     *               at "../generated-assets/webwork/webwork-representations.xml". 
INFO    :     *               If there are many messages like this, then likely your file is missing. 
INFO    :     *               But if this is an isolated error message, then it may indicate a bug,
INFO    :     *               which should be reported.
INFO    :     * PTX:ERROR:    The WeBWorK problem with internal id "webwork-1468"
INFO    :     *               could not be located in the file of WeBWorK problems from
INFO    :     *               the server, which your publication file indicates should be located
INFO    :     *               at "../generated-assets/webwork/webwork-representations.xml". 
INFO    :     *               If there are many messages like this, then likely your file is missing. 
INFO    :     *               But if this is an isolated error message, then it may indicate a bug,
INFO    :     *               which should be reported.
INFO    :     * PTX:ERROR:    The WeBWorK problem with internal id "webwork-1470"
INFO    :     *               could not be located in the file of WeBWorK problems from
INFO    :     *               the server, which your publication file indicates should be located
INFO    :     *               at "../generated-assets/webwork/webwork-representations.xml". 
INFO    :     *               If there are many messages like this, then likely your file is missing. 
INFO    :     *               But if this is an isolated error message, then it may indicate a bug,
INFO    :     *               which should be reported.
INFO    :     * PTX:ERROR:    The WeBWorK problem with internal id "webwork-1472"
INFO    :     *               could not be located in the file of WeBWorK problems from
INFO    :     *               the server, which your publication file indicates should be located
INFO    :     *               at "../generated-assets/webwork/webwork-representations.xml". 
INFO    :     *               If there are many messages like this, then likely your file is missing. 
INFO    :     *               But if this is an isolated error message, then it may indicate a bug,
INFO    :     *               which should be reported.
INFO    :     * PTX:ERROR:    The WeBWorK problem with internal id "webwork-1474"
INFO    :     *               could not be located in the file of WeBWorK problems from
INFO    :     *               the server, which your publication file indicates should be located
INFO    :     *               at "../generated-assets/webwork/webwork-representations.xml". 
INFO    :     *               If there are many messages like this, then likely your file is missing. 
INFO    :     *               But if this is an isolated error message, then it may indicate a bug,
INFO    :     *               which should be reported.
INFO    :     * PTX:ERROR:    The WeBWorK problem with internal id "webwork-1476"
INFO    :     *               could not be located in the file of WeBWorK problems from
INFO    :     *               the server, which your publication file indicates should be located
INFO    :     *               at "../generated-assets/webwork/webwork-representations.xml". 
INFO    :     *               If there are many messages like this, then likely your file is missing. 
INFO    :     *               But if this is an isolated error message, then it may indicate a bug,
INFO    :     *               which should be reported.
INFO    :     * PTX:ERROR:    The WeBWorK problem with internal id "webwork-1478"
INFO    :     *               could not be located in the file of WeBWorK problems from
INFO    :     *               the server, which your publication file indicates should be located
INFO    :     *               at "../generated-assets/webwork/webwork-representations.xml". 
INFO    :     *               If there are many messages like this, then likely your file is missing. 
INFO    :     *               But if this is an isolated error message, then it may indicate a bug,
INFO    :     *               which should be reported.
INFO    :     * PTX:ERROR:    The WeBWorK problem with internal id "webwork-1480"
INFO    :     *               could not be located in the file of WeBWorK problems from
INFO    :     *               the server, which your publication file indicates should be located
INFO    :     *               at "../generated-assets/webwork/webwork-representations.xml". 
INFO    :     *               If there are many messages like this, then likely your file is missing. 
INFO    :     *               But if this is an isolated error message, then it may indicate a bug,
INFO    :     *               which should be reported.
INFO    :     * PTX:ERROR:    The WeBWorK problem with internal id "webwork-1482"
INFO    :     *               could not be located in the file of WeBWorK problems from
INFO    :     *               the server, which your publication file indicates should be located
INFO    :     *               at "../generated-assets/webwork/webwork-representations.xml". 
INFO    :     *               If there are many messages like this, then likely your file is missing. 
INFO    :     *               But if this is an isolated error message, then it may indicate a bug,
INFO    :     *               which should be reported.
INFO    :     * PTX:ERROR:    The WeBWorK problem with internal id "webwork-1484"
INFO    :     *               could not be located in the file of WeBWorK problems from
INFO    :     *               the server, which your publication file indicates should be located
INFO    :     *               at "../generated-assets/webwork/webwork-representations.xml". 
INFO    :     *               If there are many messages like this, then likely your file is missing. 
INFO    :     *               But if this is an isolated error message, then it may indicate a bug,
INFO    :     *               which should be reported.
INFO    :     * PTX:ERROR:    The WeBWorK problem with internal id "webwork-1498"
INFO    :     *               could not be located in the file of WeBWorK problems from
INFO    :     *               the server, which your publication file indicates should be located
INFO    :     *               at "../generated-assets/webwork/webwork-representations.xml". 
INFO    :     *               If there are many messages like this, then likely your file is missing. 
INFO    :     *               But if this is an isolated error message, then it may indicate a bug,
INFO    :     *               which should be reported.
INFO    :     * PTX:ERROR:    The WeBWorK problem with internal id "webwork-1500"
INFO    :     *               could not be located in the file of WeBWorK problems from
INFO    :     *               the server, which your publication file indicates should be located
INFO    :     *               at "../generated-assets/webwork/webwork-representations.xml". 
INFO    :     *               If there are many messages like this, then likely your file is missing. 
INFO    :     *               But if this is an isolated error message, then it may indicate a bug,
INFO    :     *               which should be reported.
INFO    :     * PTX:ERROR:    The WeBWorK problem with internal id "webwork-1502"
INFO    :     *               could not be located in the file of WeBWorK problems from
INFO    :     *               the server, which your publication file indicates should be located
INFO    :     *               at "../generated-assets/webwork/webwork-representations.xml". 
INFO    :     *               If there are many messages like this, then likely your file is missing. 
INFO    :     *               But if this is an isolated error message, then it may indicate a bug,
INFO    :     *               which should be reported.
INFO    :     * PTX:ERROR:    The WeBWorK problem with internal id "webwork-1504"
INFO    :     *               could not be located in the file of WeBWorK problems from
INFO    :     *               the server, which your publication file indicates should be located
INFO    :     *               at "../generated-assets/webwork/webwork-representations.xml". 
INFO    :     *               If there are many messages like this, then likely your file is missing. 
INFO    :     *               But if this is an isolated error message, then it may indicate a bug,
INFO    :     *               which should be reported.
INFO    :     * PTX:ERROR:    The WeBWorK problem with internal id "webwork-1506"
INFO    :     *               could not be located in the file of WeBWorK problems from
INFO    :     *               the server, which your publication file indicates should be located
INFO    :     *               at "../generated-assets/webwork/webwork-representations.xml". 
INFO    :     *               If there are many messages like this, then likely your file is missing. 
INFO    :     *               But if this is an isolated error message, then it may indicate a bug,
INFO    :     *               which should be reported.
INFO    :     * PTX:ERROR:    The WeBWorK problem with internal id "webwork-1508"
INFO    :     *               could not be located in the file of WeBWorK problems from
INFO    :     *               the server, which your publication file indicates should be located
INFO    :     *               at "../generated-assets/webwork/webwork-representations.xml". 
INFO    :     *               If there are many messages like this, then likely your file is missing. 
INFO    :     *               But if this is an isolated error message, then it may indicate a bug,
INFO    :     *               which should be reported.
INFO    :     * PTX:ERROR:    The WeBWorK problem with internal id "webwork-1510"
INFO    :     *               could not be located in the file of WeBWorK problems from
INFO    :     *               the server, which your publication file indicates should be located
INFO    :     *               at "../generated-assets/webwork/webwork-representations.xml". 
INFO    :     *               If there are many messages like this, then likely your file is missing. 
INFO    :     *               But if this is an isolated error message, then it may indicate a bug,
INFO    :     *               which should be reported.
INFO    :     * PTX:ERROR:    The WeBWorK problem with internal id "webwork-1512"
INFO    :     *               could not be located in the file of WeBWorK problems from
INFO    :     *               the server, which your publication file indicates should be located
INFO    :     *               at "../generated-assets/webwork/webwork-representations.xml". 
INFO    :     *               If there are many messages like this, then likely your file is missing. 
INFO    :     *               But if this is an isolated error message, then it may indicate a bug,
INFO    :     *               which should be reported.
INFO    :     * PTX:ERROR:    The WeBWorK problem with internal id "webwork-1514"
INFO    :     *               could not be located in the file of WeBWorK problems from
INFO    :     *               the server, which your publication file indicates should be located
INFO    :     *               at "../generated-assets/webwork/webwork-representations.xml". 
INFO    :     *               If there are many messages like this, then likely your file is missing. 
INFO    :     *               But if this is an isolated error message, then it may indicate a bug,
INFO    :     *               which should be reported.
INFO    :     * PTX:ERROR:    The WeBWorK problem with internal id "webwork-1516"
INFO    :     *               could not be located in the file of WeBWorK problems from
INFO    :     *               the server, which your publication file indicates should be located
INFO    :     *               at "../generated-assets/webwork/webwork-representations.xml". 
INFO    :     *               If there are many messages like this, then likely your file is missing. 
INFO    :     *               But if this is an isolated error message, then it may indicate a bug,
INFO    :     *               which should be reported.
INFO    :     * PTX:ERROR:    The WeBWorK problem with internal id "webwork-1518"
INFO    :     *               could not be located in the file of WeBWorK problems from
INFO    :     *               the server, which your publication file indicates should be located
INFO    :     *               at "../generated-assets/webwork/webwork-representations.xml". 
INFO    :     *               If there are many messages like this, then likely your file is missing. 
INFO    :     *               But if this is an isolated error message, then it may indicate a bug,
INFO    :     *               which should be reported.
INFO    :     * PTX:ERROR:    The WeBWorK problem with internal id "webwork-1520"
INFO    :     *               could not be located in the file of WeBWorK problems from
INFO    :     *               the server, which your publication file indicates should be located
INFO    :     *               at "../generated-assets/webwork/webwork-representations.xml". 
INFO    :     *               If there are many messages like this, then likely your file is missing. 
INFO    :     *               But if this is an isolated error message, then it may indicate a bug,
INFO    :     *               which should be reported.
INFO    :     * PTX:ERROR:    The WeBWorK problem with internal id "webwork-1522"
INFO    :     *               could not be located in the file of WeBWorK problems from
INFO    :     *               the server, which your publication file indicates should be located
INFO    :     *               at "../generated-assets/webwork/webwork-representations.xml". 
INFO    :     *               If there are many messages like this, then likely your file is missing. 
INFO    :     *               But if this is an isolated error message, then it may indicate a bug,
INFO    :     *               which should be reported.
INFO    :     * PTX:ERROR:    The WeBWorK problem with internal id "webwork-1524"
INFO    :     *               could not be located in the file of WeBWorK problems from
INFO    :     *               the server, which your publication file indicates should be located
INFO    :     *               at "../generated-assets/webwork/webwork-representations.xml". 
INFO    :     *               If there are many messages like this, then likely your file is missing. 
INFO    :     *               But if this is an isolated error message, then it may indicate a bug,
INFO    :     *               which should be reported.
INFO    :     * PTX:ERROR:    The WeBWorK problem with internal id "webwork-1526"
INFO    :     *               could not be located in the file of WeBWorK problems from
INFO    :     *               the server, which your publication file indicates should be located
INFO    :     *               at "../generated-assets/webwork/webwork-representations.xml". 
INFO    :     *               If there are many messages like this, then likely your file is missing. 
INFO    :     *               But if this is an isolated error message, then it may indicate a bug,
INFO    :     *               which should be reported.
INFO    :     * PTX:ERROR:    The WeBWorK problem with internal id "webwork-1528"
INFO    :     *               could not be located in the file of WeBWorK problems from
INFO    :     *               the server, which your publication file indicates should be located
INFO    :     *               at "../generated-assets/webwork/webwork-representations.xml". 
INFO    :     *               If there are many messages like this, then likely your file is missing. 
INFO    :     *               But if this is an isolated error message, then it may indicate a bug,
INFO    :     *               which should be reported.
INFO    :     * PTX:ERROR:    The WeBWorK problem with internal id "webwork-1534"
INFO    :     *               could not be located in the file of WeBWorK problems from
INFO    :     *               the server, which your publication file indicates should be located
INFO    :     *               at "../generated-assets/webwork/webwork-representations.xml". 
INFO    :     *               If there are many messages like this, then likely your file is missing. 
INFO    :     *               But if this is an isolated error message, then it may indicate a bug,
INFO    :     *               which should be reported.
INFO    :     * PTX:ERROR:    The WeBWorK problem with internal id "webwork-1536"
INFO    :     *               could not be located in the file of WeBWorK problems from
INFO    :     *               the server, which your publication file indicates should be located
INFO    :     *               at "../generated-assets/webwork/webwork-representations.xml". 
INFO    :     *               If there are many messages like this, then likely your file is missing. 
INFO    :     *               But if this is an isolated error message, then it may indicate a bug,
INFO    :     *               which should be reported.
INFO    :     * PTX:ERROR:    The WeBWorK problem with internal id "webwork-1538"
INFO    :     *               could not be located in the file of WeBWorK problems from
INFO    :     *               the server, which your publication file indicates should be located
INFO    :     *               at "../generated-assets/webwork/webwork-representations.xml". 
INFO    :     *               If there are many messages like this, then likely your file is missing. 
INFO    :     *               But if this is an isolated error message, then it may indicate a bug,
INFO    :     *               which should be reported.
INFO    :     * PTX:ERROR:    The WeBWorK problem with internal id "webwork-1540"
INFO    :     *               could not be located in the file of WeBWorK problems from
INFO    :     *               the server, which your publication file indicates should be located
INFO    :     *               at "../generated-assets/webwork/webwork-representations.xml". 
INFO    :     *               If there are many messages like this, then likely your file is missing. 
INFO    :     *               But if this is an isolated error message, then it may indicate a bug,
INFO    :     *               which should be reported.
INFO    :     * PTX:ERROR:    The WeBWorK problem with internal id "webwork-1542"
INFO    :     *               could not be located in the file of WeBWorK problems from
INFO    :     *               the server, which your publication file indicates should be located
INFO    :     *               at "../generated-assets/webwork/webwork-representations.xml". 
INFO    :     *               If there are many messages like this, then likely your file is missing. 
INFO    :     *               But if this is an isolated error message, then it may indicate a bug,
INFO    :     *               which should be reported.
INFO    :     * PTX:ERROR:    The WeBWorK problem with internal id "webwork-1544"
INFO    :     *               could not be located in the file of WeBWorK problems from
INFO    :     *               the server, which your publication file indicates should be located
INFO    :     *               at "../generated-assets/webwork/webwork-representations.xml". 
INFO    :     *               If there are many messages like this, then likely your file is missing. 
INFO    :     *               But if this is an isolated error message, then it may indicate a bug,
INFO    :     *               which should be reported.
INFO    :     * PTX:ERROR:    The WeBWorK problem with internal id "webwork-1546"
INFO    :     *               could not be located in the file of WeBWorK problems from
INFO    :     *               the server, which your publication file indicates should be located
INFO    :     *               at "../generated-assets/webwork/webwork-representations.xml". 
INFO    :     *               If there are many messages like this, then likely your file is missing. 
INFO    :     *               But if this is an isolated error message, then it may indicate a bug,
INFO    :     *               which should be reported.
INFO    :     * PTX:ERROR:    The WeBWorK problem with internal id "webwork-1548"
INFO    :     *               could not be located in the file of WeBWorK problems from
INFO    :     *               the server, which your publication file indicates should be located
INFO    :     *               at "../generated-assets/webwork/webwork-representations.xml". 
INFO    :     *               If there are many messages like this, then likely your file is missing. 
INFO    :     *               But if this is an isolated error message, then it may indicate a bug,
INFO    :     *               which should be reported.
INFO    :     * PTX:ERROR:    The WeBWorK problem with internal id "webwork-1550"
INFO    :     *               could not be located in the file of WeBWorK problems from
INFO    :     *               the server, which your publication file indicates should be located
INFO    :     *               at "../generated-assets/webwork/webwork-representations.xml". 
INFO    :     *               If there are many messages like this, then likely your file is missing. 
INFO    :     *               But if this is an isolated error message, then it may indicate a bug,
INFO    :     *               which should be reported.
INFO    :     * PTX:ERROR:    The WeBWorK problem with internal id "webwork-1552"
INFO    :     *               could not be located in the file of WeBWorK problems from
INFO    :     *               the server, which your publication file indicates should be located
INFO    :     *               at "../generated-assets/webwork/webwork-representations.xml". 
INFO    :     *               If there are many messages like this, then likely your file is missing. 
INFO    :     *               But if this is an isolated error message, then it may indicate a bug,
INFO    :     *               which should be reported.
INFO    :     * PTX:ERROR:    The WeBWorK problem with internal id "webwork-1554"
INFO    :     *               could not be located in the file of WeBWorK problems from
INFO    :     *               the server, which your publication file indicates should be located
INFO    :     *               at "../generated-assets/webwork/webwork-representations.xml". 
INFO    :     *               If there are many messages like this, then likely your file is missing. 
INFO    :     *               But if this is an isolated error message, then it may indicate a bug,
INFO    :     *               which should be reported.
INFO    :     * PTX:ERROR:    The WeBWorK problem with internal id "webwork-1556"
INFO    :     *               could not be located in the file of WeBWorK problems from
INFO    :     *               the server, which your publication file indicates should be located
INFO    :     *               at "../generated-assets/webwork/webwork-representations.xml". 
INFO    :     *               If there are many messages like this, then likely your file is missing. 
INFO    :     *               But if this is an isolated error message, then it may indicate a bug,
INFO    :     *               which should be reported.
INFO    :     * PTX:ERROR:    The WeBWorK problem with internal id "webwork-1558"
INFO    :     *               could not be located in the file of WeBWorK problems from
INFO    :     *               the server, which your publication file indicates should be located
INFO    :     *               at "../generated-assets/webwork/webwork-representations.xml". 
INFO    :     *               If there are many messages like this, then likely your file is missing. 
INFO    :     *               But if this is an isolated error message, then it may indicate a bug,
INFO    :     *               which should be reported.
INFO    :     * PTX:ERROR:    The WeBWorK problem with internal id "webwork-1560"
INFO    :     *               could not be located in the file of WeBWorK problems from
INFO    :     *               the server, which your publication file indicates should be located
INFO    :     *               at "../generated-assets/webwork/webwork-representations.xml". 
INFO    :     *               If there are many messages like this, then likely your file is missing. 
INFO    :     *               But if this is an isolated error message, then it may indicate a bug,
INFO    :     *               which should be reported.
INFO    :     * PTX:ERROR:    The WeBWorK problem with internal id "webwork-1562"
INFO    :     *               could not be located in the file of WeBWorK problems from
INFO    :     *               the server, which your publication file indicates should be located
INFO    :     *               at "../generated-assets/webwork/webwork-representations.xml". 
INFO    :     *               If there are many messages like this, then likely your file is missing. 
INFO    :     *               But if this is an isolated error message, then it may indicate a bug,
INFO    :     *               which should be reported.
INFO    :     * PTX:ERROR:    The WeBWorK problem with internal id "webwork-1564"
INFO    :     *               could not be located in the file of WeBWorK problems from
INFO    :     *               the server, which your publication file indicates should be located
INFO    :     *               at "../generated-assets/webwork/webwork-representations.xml". 
INFO    :     *               If there are many messages like this, then likely your file is missing. 
INFO    :     *               But if this is an isolated error message, then it may indicate a bug,
INFO    :     *               which should be reported.
INFO    :     * PTX:ERROR:    The WeBWorK problem with internal id "webwork-1565"
INFO    :     *               could not be located in the file of WeBWorK problems from
INFO    :     *               the server, which your publication file indicates should be located
INFO    :     *               at "../generated-assets/webwork/webwork-representations.xml". 
INFO    :     *               If there are many messages like this, then likely your file is missing. 
INFO    :     *               But if this is an isolated error message, then it may indicate a bug,
INFO    :     *               which should be reported.
INFO    :     * PTX:ERROR:    The WeBWorK problem with internal id "webwork-1566"
INFO    :     *               could not be located in the file of WeBWorK problems from
INFO    :     *               the server, which your publication file indicates should be located
INFO    :     *               at "../generated-assets/webwork/webwork-representations.xml". 
INFO    :     *               If there are many messages like this, then likely your file is missing. 
INFO    :     *               But if this is an isolated error message, then it may indicate a bug,
INFO    :     *               which should be reported.
INFO    :     * PTX:ERROR:    The WeBWorK problem with internal id "webwork-1567"
INFO    :     *               could not be located in the file of WeBWorK problems from
INFO    :     *               the server, which your publication file indicates should be located
INFO    :     *               at "../generated-assets/webwork/webwork-representations.xml". 
INFO    :     *               If there are many messages like this, then likely your file is missing. 
INFO    :     *               But if this is an isolated error message, then it may indicate a bug,
INFO    :     *               which should be reported.
INFO    :     * PTX:ERROR:    The WeBWorK problem with internal id "webwork-1931"
INFO    :     *               could not be located in the file of WeBWorK problems from
INFO    :     *               the server, which your publication file indicates should be located
INFO    :     *               at "../generated-assets/webwork/webwork-representations.xml". 
INFO    :     *               If there are many messages like this, then likely your file is missing. 
INFO    :     *               But if this is an isolated error message, then it may indicate a bug,
INFO    :     *               which should be reported.
INFO    :     * PTX:ERROR:    The WeBWorK problem with internal id "webwork-1932"
INFO    :     *               could not be located in the file of WeBWorK problems from
INFO    :     *               the server, which your publication file indicates should be located
INFO    :     *               at "../generated-assets/webwork/webwork-representations.xml". 
INFO    :     *               If there are many messages like this, then likely your file is missing. 
INFO    :     *               But if this is an isolated error message, then it may indicate a bug,
INFO    :     *               which should be reported.
INFO    :     * PTX:ERROR:    The WeBWorK problem with internal id "webwork-1933"
INFO    :     *               could not be located in the file of WeBWorK problems from
INFO    :     *               the server, which your publication file indicates should be located
INFO    :     *               at "../generated-assets/webwork/webwork-representations.xml". 
INFO    :     *               If there are many messages like this, then likely your file is missing. 
INFO    :     *               But if this is an isolated error message, then it may indicate a bug,
INFO    :     *               which should be reported.
INFO    :     * PTX:ERROR:    The WeBWorK problem with internal id "webwork-1935"
INFO    :     *               could not be located in the file of WeBWorK problems from
INFO    :     *               the server, which your publication file indicates should be located
INFO    :     *               at "../generated-assets/webwork/webwork-representations.xml". 
INFO    :     *               If there are many messages like this, then likely your file is missing. 
INFO    :     *               But if this is an isolated error message, then it may indicate a bug,
INFO    :     *               which should be reported.
INFO    :     * PTX:ERROR:    The WeBWorK problem with internal id "webwork-1936"
INFO    :     *               could not be located in the file of WeBWorK problems from
INFO    :     *               the server, which your publication file indicates should be located
INFO    :     *               at "../generated-assets/webwork/webwork-representations.xml". 
INFO    :     *               If there are many messages like this, then likely your file is missing. 
INFO    :     *               But if this is an isolated error message, then it may indicate a bug,
INFO    :     *               which should be reported.
INFO    :     * PTX:ERROR:    The WeBWorK problem with internal id "webwork-1937"
INFO    :     *               could not be located in the file of WeBWorK problems from
INFO    :     *               the server, which your publication file indicates should be located
INFO    :     *               at "../generated-assets/webwork/webwork-representations.xml". 
INFO    :     *               If there are many messages like this, then likely your file is missing. 
INFO    :     *               But if this is an isolated error message, then it may indicate a bug,
INFO    :     *               which should be reported.
INFO    :     * PTX:ERROR:    The WeBWorK problem with internal id "webwork-1939"
INFO    :     *               could not be located in the file of WeBWorK problems from
INFO    :     *               the server, which your publication file indicates should be located
INFO    :     *               at "../generated-assets/webwork/webwork-representations.xml". 
INFO    :     *               If there are many messages like this, then likely your file is missing. 
INFO    :     *               But if this is an isolated error message, then it may indicate a bug,
INFO    :     *               which should be reported.
INFO    :     * PTX:ERROR:    The WeBWorK problem with internal id "webwork-1940"
INFO    :     *               could not be located in the file of WeBWorK problems from
INFO    :     *               the server, which your publication file indicates should be located
INFO    :     *               at "../generated-assets/webwork/webwork-representations.xml". 
INFO    :     *               If there are many messages like this, then likely your file is missing. 
INFO    :     *               But if this is an isolated error message, then it may indicate a bug,
INFO    :     *               which should be reported.
INFO    :     * PTX:ERROR:    The WeBWorK problem with internal id "webwork-1941"
INFO    :     *               could not be located in the file of WeBWorK problems from
INFO    :     *               the server, which your publication file indicates should be located
INFO    :     *               at "../generated-assets/webwork/webwork-representations.xml". 
INFO    :     *               If there are many messages like this, then likely your file is missing. 
INFO    :     *               But if this is an isolated error message, then it may indicate a bug,
INFO    :     *               which should be reported.
INFO    :     * PTX:ERROR:    The WeBWorK problem with internal id "webwork-1942"
INFO    :     *               could not be located in the file of WeBWorK problems from
INFO    :     *               the server, which your publication file indicates should be located
INFO    :     *               at "../generated-assets/webwork/webwork-representations.xml". 
INFO    :     *               If there are many messages like this, then likely your file is missing. 
INFO    :     *               But if this is an isolated error message, then it may indicate a bug,
INFO    :     *               which should be reported.
INFO    :     * PTX:ERROR:    The WeBWorK problem with internal id "webwork-1943"
INFO    :     *               could not be located in the file of WeBWorK problems from
INFO    :     *               the server, which your publication file indicates should be located
INFO    :     *               at "../generated-assets/webwork/webwork-representations.xml". 
INFO    :     *               If there are many messages like this, then likely your file is missing. 
INFO    :     *               But if this is an isolated error message, then it may indicate a bug,
INFO    :     *               which should be reported.
INFO    :     * PTX:ERROR:    The WeBWorK problem with internal id "webwork-1944"
INFO    :     *               could not be located in the file of WeBWorK problems from
INFO    :     *               the server, which your publication file indicates should be located
INFO    :     *               at "../generated-assets/webwork/webwork-representations.xml". 
INFO    :     *               If there are many messages like this, then likely your file is missing. 
INFO    :     *               But if this is an isolated error message, then it may indicate a bug,
INFO    :     *               which should be reported.
INFO    :     * PTX:ERROR:    The WeBWorK problem with internal id "webwork-1945"
INFO    :     *               could not be located in the file of WeBWorK problems from
INFO    :     *               the server, which your publication file indicates should be located
INFO    :     *               at "../generated-assets/webwork/webwork-representations.xml". 
INFO    :     *               If there are many messages like this, then likely your file is missing. 
INFO    :     *               But if this is an isolated error message, then it may indicate a bug,
INFO    :     *               which should be reported.
INFO    :     * PTX:ERROR:    The WeBWorK problem with internal id "webwork-1946"
INFO    :     *               could not be located in the file of WeBWorK problems from
INFO    :     *               the server, which your publication file indicates should be located
INFO    :     *               at "../generated-assets/webwork/webwork-representations.xml". 
INFO    :     *               If there are many messages like this, then likely your file is missing. 
INFO    :     *               But if this is an isolated error message, then it may indicate a bug,
INFO    :     *               which should be reported.
INFO    :     * PTX:ERROR:    The WeBWorK problem with internal id "webwork-1947"
INFO    :     *               could not be located in the file of WeBWorK problems from
INFO    :     *               the server, which your publication file indicates should be located
INFO    :     *               at "../generated-assets/webwork/webwork-representations.xml". 
INFO    :     *               If there are many messages like this, then likely your file is missing. 
INFO    :     *               But if this is an isolated error message, then it may indicate a bug,
INFO    :     *               which should be reported.
INFO    :     * PTX:ERROR:    The WeBWorK problem with internal id "webwork-1948"
INFO    :     *               could not be located in the file of WeBWorK problems from
INFO    :     *               the server, which your publication file indicates should be located
INFO    :     *               at "../generated-assets/webwork/webwork-representations.xml". 
INFO    :     *               If there are many messages like this, then likely your file is missing. 
INFO    :     *               But if this is an isolated error message, then it may indicate a bug,
INFO    :     *               which should be reported.
INFO    :     * PTX:ERROR:    The WeBWorK problem with internal id "webwork-1949"
INFO    :     *               could not be located in the file of WeBWorK problems from
INFO    :     *               the server, which your publication file indicates should be located
INFO    :     *               at "../generated-assets/webwork/webwork-representations.xml". 
INFO    :     *               If there are many messages like this, then likely your file is missing. 
INFO    :     *               But if this is an isolated error message, then it may indicate a bug,
INFO    :     *               which should be reported.
INFO    :     * PTX:ERROR:    The WeBWorK problem with internal id "webwork-1950"
INFO    :     *               could not be located in the file of WeBWorK problems from
INFO    :     *               the server, which your publication file indicates should be located
INFO    :     *               at "../generated-assets/webwork/webwork-representations.xml". 
INFO    :     *               If there are many messages like this, then likely your file is missing. 
INFO    :     *               But if this is an isolated error message, then it may indicate a bug,
INFO    :     *               which should be reported.
INFO    :     * PTX:ERROR:    The WeBWorK problem with internal id "webwork-1951"
INFO    :     *               could not be located in the file of WeBWorK problems from
INFO    :     *               the server, which your publication file indicates should be located
INFO    :     *               at "../generated-assets/webwork/webwork-representations.xml". 
INFO    :     *               If there are many messages like this, then likely your file is missing. 
INFO    :     *               But if this is an isolated error message, then it may indicate a bug,
INFO    :     *               which should be reported.
INFO    :     * PTX:ERROR:    The WeBWorK problem with internal id "webwork-1952"
INFO    :     *               could not be located in the file of WeBWorK problems from
INFO    :     *               the server, which your publication file indicates should be located
INFO    :     *               at "../generated-assets/webwork/webwork-representations.xml". 
INFO    :     *               If there are many messages like this, then likely your file is missing. 
INFO    :     *               But if this is an isolated error message, then it may indicate a bug,
INFO    :     *               which should be reported.
INFO    :     * PTX:ERROR:    The WeBWorK problem with internal id "webwork-1953"
INFO    :     *               could not be located in the file of WeBWorK problems from
INFO    :     *               the server, which your publication file indicates should be located
INFO    :     *               at "../generated-assets/webwork/webwork-representations.xml". 
INFO    :     *               If there are many messages like this, then likely your file is missing. 
INFO    :     *               But if this is an isolated error message, then it may indicate a bug,
INFO    :     *               which should be reported.
INFO    :     * PTX:ERROR:    The WeBWorK problem with internal id "webwork-1954"
INFO    :     *               could not be located in the file of WeBWorK problems from
INFO    :     *               the server, which your publication file indicates should be located
INFO    :     *               at "../generated-assets/webwork/webwork-representations.xml". 
INFO    :     *               If there are many messages like this, then likely your file is missing. 
INFO    :     *               But if this is an isolated error message, then it may indicate a bug,
INFO    :     *               which should be reported.
INFO    :     * PTX:ERROR:    The WeBWorK problem with internal id "webwork-1955"
INFO    :     *               could not be located in the file of WeBWorK problems from
INFO    :     *               the server, which your publication file indicates should be located
INFO    :     *               at "../generated-assets/webwork/webwork-representations.xml". 
INFO    :     *               If there are many messages like this, then likely your file is missing. 
INFO    :     *               But if this is an isolated error message, then it may indicate a bug,
INFO    :     *               which should be reported.
INFO    :     * PTX:ERROR:    The WeBWorK problem with internal id "webwork-1956"
INFO    :     *               could not be located in the file of WeBWorK problems from
INFO    :     *               the server, which your publication file indicates should be located
INFO    :     *               at "../generated-assets/webwork/webwork-representations.xml". 
INFO    :     *               If there are many messages like this, then likely your file is missing. 
INFO    :     *               But if this is an isolated error message, then it may indicate a bug,
INFO    :     *               which should be reported.
INFO    :     * PTX:ERROR:    The WeBWorK problem with internal id "webwork-1957"
INFO    :     *               could not be located in the file of WeBWorK problems from
INFO    :     *               the server, which your publication file indicates should be located
INFO    :     *               at "../generated-assets/webwork/webwork-representations.xml". 
INFO    :     *               If there are many messages like this, then likely your file is missing. 
INFO    :     *               But if this is an isolated error message, then it may indicate a bug,
INFO    :     *               which should be reported.
INFO    :     * PTX:ERROR:    The WeBWorK problem with internal id "webwork-1958"
INFO    :     *               could not be located in the file of WeBWorK problems from
INFO    :     *               the server, which your publication file indicates should be located
INFO    :     *               at "../generated-assets/webwork/webwork-representations.xml". 
INFO    :     *               If there are many messages like this, then likely your file is missing. 
INFO    :     *               But if this is an isolated error message, then it may indicate a bug,
INFO    :     *               which should be reported.
INFO    :     * PTX:ERROR:    The WeBWorK problem with internal id "webwork-1959"
INFO    :     *               could not be located in the file of WeBWorK problems from
INFO    :     *               the server, which your publication file indicates should be located
INFO    :     *               at "../generated-assets/webwork/webwork-representations.xml". 
INFO    :     *               If there are many messages like this, then likely your file is missing. 
INFO    :     *               But if this is an isolated error message, then it may indicate a bug,
INFO    :     *               which should be reported.
INFO    :     * PTX:ERROR:    The WeBWorK problem with internal id "webwork-1960"
INFO    :     *               could not be located in the file of WeBWorK problems from
INFO    :     *               the server, which your publication file indicates should be located
INFO    :     *               at "../generated-assets/webwork/webwork-representations.xml". 
INFO    :     *               If there are many messages like this, then likely your file is missing. 
INFO    :     *               But if this is an isolated error message, then it may indicate a bug,
INFO    :     *               which should be reported.
INFO    :     * PTX:ERROR:    The WeBWorK problem with internal id "webwork-1961"
INFO    :     *               could not be located in the file of WeBWorK problems from
INFO    :     *               the server, which your publication file indicates should be located
INFO    :     *               at "../generated-assets/webwork/webwork-representations.xml". 
INFO    :     *               If there are many messages like this, then likely your file is missing. 
INFO    :     *               But if this is an isolated error message, then it may indicate a bug,
INFO    :     *               which should be reported.
INFO    :     * PTX:ERROR:    The WeBWorK problem with internal id "webwork-1962"
INFO    :     *               could not be located in the file of WeBWorK problems from
INFO    :     *               the server, which your publication file indicates should be located
INFO    :     *               at "../generated-assets/webwork/webwork-representations.xml". 
INFO    :     *               If there are many messages like this, then likely your file is missing. 
INFO    :     *               But if this is an isolated error message, then it may indicate a bug,
INFO    :     *               which should be reported.
INFO    :     * PTX:ERROR:    The WeBWorK problem with internal id "webwork-1963"
INFO    :     *               could not be located in the file of WeBWorK problems from
INFO    :     *               the server, which your publication file indicates should be located
INFO    :     *               at "../generated-assets/webwork/webwork-representations.xml". 
INFO    :     *               If there are many messages like this, then likely your file is missing. 
INFO    :     *               But if this is an isolated error message, then it may indicate a bug,
INFO    :     *               which should be reported.
INFO    :     * PTX:ERROR:    The WeBWorK problem with internal id "webwork-1964"
INFO    :     *               could not be located in the file of WeBWorK problems from
INFO    :     *               the server, which your publication file indicates should be located
INFO    :     *               at "../generated-assets/webwork/webwork-representations.xml". 
INFO    :     *               If there are many messages like this, then likely your file is missing. 
INFO    :     *               But if this is an isolated error message, then it may indicate a bug,
INFO    :     *               which should be reported.
INFO    :     * PTX:ERROR:    The WeBWorK problem with internal id "webwork-1965"
INFO    :     *               could not be located in the file of WeBWorK problems from
INFO    :     *               the server, which your publication file indicates should be located
INFO    :     *               at "../generated-assets/webwork/webwork-representations.xml". 
INFO    :     *               If there are many messages like this, then likely your file is missing. 
INFO    :     *               But if this is an isolated error message, then it may indicate a bug,
INFO    :     *               which should be reported.
INFO    :     * PTX:ERROR:    The WeBWorK problem with internal id "webwork-1969"
INFO    :     *               could not be located in the file of WeBWorK problems from
INFO    :     *               the server, which your publication file indicates should be located
INFO    :     *               at "../generated-assets/webwork/webwork-representations.xml". 
INFO    :     *               If there are many messages like this, then likely your file is missing. 
INFO    :     *               But if this is an isolated error message, then it may indicate a bug,
INFO    :     *               which should be reported.
INFO    :     * PTX:ERROR:    The WeBWorK problem with internal id "webwork-1973"
INFO    :     *               could not be located in the file of WeBWorK problems from
INFO    :     *               the server, which your publication file indicates should be located
INFO    :     *               at "../generated-assets/webwork/webwork-representations.xml". 
INFO    :     *               If there are many messages like this, then likely your file is missing. 
INFO    :     *               But if this is an isolated error message, then it may indicate a bug,
INFO    :     *               which should be reported.
INFO    : successful application of /Users/alex.jordan/.ptx/xsl/extract-latex-image.xsl
INFO    : converting area-versus-length.tex to area-versus-length.pdf
INFO    : cropping area-versus-length.pdf to cropped-area-versus-length.pdf
INFO    : renaming cropped-area-versus-length.pdf to area-versus-length.pdf
INFO    : converting area-versus-length.pdf to area-versus-length.svg
INFO    : converting latex-image pictures from /Users/alex.jordan/orcca/src/orcca.ptx to svg graphics for placement in /Users/alex.jordan/orcca/generated-assets/latex-image
INFO    : extracting latex-image pictures from /Users/alex.jordan/orcca/src/orcca.ptx
INFO    : string parameters passed to extraction stylesheet: {'publisher': '/Users/alex.jordan/orcca/publication/publication.xml', 'subtree': 'section-combining-like-terms'}
INFO    : discovering source file's directory name: /Users/alex.jordan/orcca/src
INFO    : verifying and expanding input directory: /Users/alex.jordan/orcca/src/../generated-assets
INFO    : input directory expanded to absolute path: /Users/alex.jordan/orcca/generated-assets
INFO    : verifying and expanding input directory: /Users/alex.jordan/orcca/src/../assets
INFO    : input directory expanded to absolute path: /Users/alex.jordan/orcca/assets
INFO    : XSL conversion of /Users/alex.jordan/orcca/src/orcca.ptx by /Users/alex.jordan/.ptx/xsl/extract-latex-image.xsl
INFO    : messages from the log for XSL processing (indented):
INFO    :     * PTX:ERROR:    The WeBWorK problem with internal id "webwork-1309"
INFO    :     *               could not be located in the file of WeBWorK problems from
INFO    :     *               the server, which your publication file indicates should be located
INFO    :     *               at "../generated-assets/webwork/webwork-representations.xml". 
INFO    :     *               If there are many messages like this, then likely your file is missing. 
INFO    :     *               But if this is an isolated error message, then it may indicate a bug,
INFO    :     *               which should be reported.
INFO    :     * PTX:ERROR:    The WeBWorK problem with internal id "webwork-1424"
INFO    :     *               could not be located in the file of WeBWorK problems from
INFO    :     *               the server, which your publication file indicates should be located
INFO    :     *               at "../generated-assets/webwork/webwork-representations.xml". 
INFO    :     *               If there are many messages like this, then likely your file is missing. 
INFO    :     *               But if this is an isolated error message, then it may indicate a bug,
INFO    :     *               which should be reported.
INFO    :     * PTX:ERROR:    The WeBWorK problem with internal id "webwork-1426"
INFO    :     *               could not be located in the file of WeBWorK problems from
INFO    :     *               the server, which your publication file indicates should be located
INFO    :     *               at "../generated-assets/webwork/webwork-representations.xml". 
INFO    :     *               If there are many messages like this, then likely your file is missing. 
INFO    :     *               But if this is an isolated error message, then it may indicate a bug,
INFO    :     *               which should be reported.
INFO    :     * PTX:ERROR:    The WeBWorK problem with internal id "webwork-1434"
INFO    :     *               could not be located in the file of WeBWorK problems from
INFO    :     *               the server, which your publication file indicates should be located
INFO    :     *               at "../generated-assets/webwork/webwork-representations.xml". 
INFO    :     *               If there are many messages like this, then likely your file is missing. 
INFO    :     *               But if this is an isolated error message, then it may indicate a bug,
INFO    :     *               which should be reported.
INFO    :     * PTX:ERROR:    The WeBWorK problem with internal id "webwork-1436"
INFO    :     *               could not be located in the file of WeBWorK problems from
INFO    :     *               the server, which your publication file indicates should be located
INFO    :     *               at "../generated-assets/webwork/webwork-representations.xml". 
INFO    :     *               If there are many messages like this, then likely your file is missing. 
INFO    :     *               But if this is an isolated error message, then it may indicate a bug,
INFO    :     *               which should be reported.
INFO    :     * PTX:ERROR:    The WeBWorK problem with internal id "webwork-1438"
INFO    :     *               could not be located in the file of WeBWorK problems from
INFO    :     *               the server, which your publication file indicates should be located
INFO    :     *               at "../generated-assets/webwork/webwork-representations.xml". 
INFO    :     *               If there are many messages like this, then likely your file is missing. 
INFO    :     *               But if this is an isolated error message, then it may indicate a bug,
INFO    :     *               which should be reported.
INFO    :     * PTX:ERROR:    The WeBWorK problem with internal id "webwork-1440"
INFO    :     *               could not be located in the file of WeBWorK problems from
INFO    :     *               the server, which your publication file indicates should be located
INFO    :     *               at "../generated-assets/webwork/webwork-representations.xml". 
INFO    :     *               If there are many messages like this, then likely your file is missing. 
INFO    :     *               But if this is an isolated error message, then it may indicate a bug,
INFO    :     *               which should be reported.
INFO    :     * PTX:ERROR:    The WeBWorK problem with internal id "webwork-1442"
INFO    :     *               could not be located in the file of WeBWorK problems from
INFO    :     *               the server, which your publication file indicates should be located
INFO    :     *               at "../generated-assets/webwork/webwork-representations.xml". 
INFO    :     *               If there are many messages like this, then likely your file is missing. 
INFO    :     *               But if this is an isolated error message, then it may indicate a bug,
INFO    :     *               which should be reported.
INFO    :     * PTX:ERROR:    The WeBWorK problem with internal id "webwork-1444"
INFO    :     *               could not be located in the file of WeBWorK problems from
INFO    :     *               the server, which your publication file indicates should be located
INFO    :     *               at "../generated-assets/webwork/webwork-representations.xml". 
INFO    :     *               If there are many messages like this, then likely your file is missing. 
INFO    :     *               But if this is an isolated error message, then it may indicate a bug,
INFO    :     *               which should be reported.
INFO    :     * PTX:ERROR:    The WeBWorK problem with internal id "webwork-1446"
INFO    :     *               could not be located in the file of WeBWorK problems from
INFO    :     *               the server, which your publication file indicates should be located
INFO    :     *               at "../generated-assets/webwork/webwork-representations.xml". 
INFO    :     *               If there are many messages like this, then likely your file is missing. 
INFO    :     *               But if this is an isolated error message, then it may indicate a bug,
INFO    :     *               which should be reported.
INFO    :     * PTX:ERROR:    The WeBWorK problem with internal id "webwork-1448"
INFO    :     *               could not be located in the file of WeBWorK problems from
INFO    :     *               the server, which your publication file indicates should be located
INFO    :     *               at "../generated-assets/webwork/webwork-representations.xml". 
INFO    :     *               If there are many messages like this, then likely your file is missing. 
INFO    :     *               But if this is an isolated error message, then it may indicate a bug,
INFO    :     *               which should be reported.
INFO    :     * PTX:ERROR:    The WeBWorK problem with internal id "webwork-1450"
INFO    :     *               could not be located in the file of WeBWorK problems from
INFO    :     *               the server, which your publication file indicates should be located
INFO    :     *               at "../generated-assets/webwork/webwork-representations.xml". 
INFO    :     *               If there are many messages like this, then likely your file is missing. 
INFO    :     *               But if this is an isolated error message, then it may indicate a bug,
INFO    :     *               which should be reported.
INFO    :     * PTX:ERROR:    The WeBWorK problem with internal id "webwork-1452"
INFO    :     *               could not be located in the file of WeBWorK problems from
INFO    :     *               the server, which your publication file indicates should be located
INFO    :     *               at "../generated-assets/webwork/webwork-representations.xml". 
INFO    :     *               If there are many messages like this, then likely your file is missing. 
INFO    :     *               But if this is an isolated error message, then it may indicate a bug,
INFO    :     *               which should be reported.
INFO    :     * PTX:ERROR:    The WeBWorK problem with internal id "webwork-1454"
INFO    :     *               could not be located in the file of WeBWorK problems from
INFO    :     *               the server, which your publication file indicates should be located
INFO    :     *               at "../generated-assets/webwork/webwork-representations.xml". 
INFO    :     *               If there are many messages like this, then likely your file is missing. 
INFO    :     *               But if this is an isolated error message, then it may indicate a bug,
INFO    :     *               which should be reported.
INFO    :     * PTX:ERROR:    The WeBWorK problem with internal id "webwork-1456"
INFO    :     *               could not be located in the file of WeBWorK problems from
INFO    :     *               the server, which your publication file indicates should be located
INFO    :     *               at "../generated-assets/webwork/webwork-representations.xml". 
INFO    :     *               If there are many messages like this, then likely your file is missing. 
INFO    :     *               But if this is an isolated error message, then it may indicate a bug,
INFO    :     *               which should be reported.
INFO    :     * PTX:ERROR:    The WeBWorK problem with internal id "webwork-1458"
INFO    :     *               could not be located in the file of WeBWorK problems from
INFO    :     *               the server, which your publication file indicates should be located
INFO    :     *               at "../generated-assets/webwork/webwork-representations.xml". 
INFO    :     *               If there are many messages like this, then likely your file is missing. 
INFO    :     *               But if this is an isolated error message, then it may indicate a bug,
INFO    :     *               which should be reported.
INFO    :     * PTX:ERROR:    The WeBWorK problem with internal id "webwork-1460"
INFO    :     *               could not be located in the file of WeBWorK problems from
INFO    :     *               the server, which your publication file indicates should be located
INFO    :     *               at "../generated-assets/webwork/webwork-representations.xml". 
INFO    :     *               If there are many messages like this, then likely your file is missing. 
INFO    :     *               But if this is an isolated error message, then it may indicate a bug,
INFO    :     *               which should be reported.
INFO    :     * PTX:ERROR:    The WeBWorK problem with internal id "webwork-1462"
INFO    :     *               could not be located in the file of WeBWorK problems from
INFO    :     *               the server, which your publication file indicates should be located
INFO    :     *               at "../generated-assets/webwork/webwork-representations.xml". 
INFO    :     *               If there are many messages like this, then likely your file is missing. 
INFO    :     *               But if this is an isolated error message, then it may indicate a bug,
INFO    :     *               which should be reported.
INFO    :     * PTX:ERROR:    The WeBWorK problem with internal id "webwork-1464"
INFO    :     *               could not be located in the file of WeBWorK problems from
INFO    :     *               the server, which your publication file indicates should be located
INFO    :     *               at "../generated-assets/webwork/webwork-representations.xml". 
INFO    :     *               If there are many messages like this, then likely your file is missing. 
INFO    :     *               But if this is an isolated error message, then it may indicate a bug,
INFO    :     *               which should be reported.
INFO    :     * PTX:ERROR:    The WeBWorK problem with internal id "webwork-1466"
INFO    :     *               could not be located in the file of WeBWorK problems from
INFO    :     *               the server, which your publication file indicates should be located
INFO    :     *               at "../generated-assets/webwork/webwork-representations.xml". 
INFO    :     *               If there are many messages like this, then likely your file is missing. 
INFO    :     *               But if this is an isolated error message, then it may indicate a bug,
INFO    :     *               which should be reported.
INFO    :     * PTX:ERROR:    The WeBWorK problem with internal id "webwork-1468"
INFO    :     *               could not be located in the file of WeBWorK problems from
INFO    :     *               the server, which your publication file indicates should be located
INFO    :     *               at "../generated-assets/webwork/webwork-representations.xml". 
INFO    :     *               If there are many messages like this, then likely your file is missing. 
INFO    :     *               But if this is an isolated error message, then it may indicate a bug,
INFO    :     *               which should be reported.
INFO    :     * PTX:ERROR:    The WeBWorK problem with internal id "webwork-1470"
INFO    :     *               could not be located in the file of WeBWorK problems from
INFO    :     *               the server, which your publication file indicates should be located
INFO    :     *               at "../generated-assets/webwork/webwork-representations.xml". 
INFO    :     *               If there are many messages like this, then likely your file is missing. 
INFO    :     *               But if this is an isolated error message, then it may indicate a bug,
INFO    :     *               which should be reported.
INFO    :     * PTX:ERROR:    The WeBWorK problem with internal id "webwork-1472"
INFO    :     *               could not be located in the file of WeBWorK problems from
INFO    :     *               the server, which your publication file indicates should be located
INFO    :     *               at "../generated-assets/webwork/webwork-representations.xml". 
INFO    :     *               If there are many messages like this, then likely your file is missing. 
INFO    :     *               But if this is an isolated error message, then it may indicate a bug,
INFO    :     *               which should be reported.
INFO    :     * PTX:ERROR:    The WeBWorK problem with internal id "webwork-1474"
INFO    :     *               could not be located in the file of WeBWorK problems from
INFO    :     *               the server, which your publication file indicates should be located
INFO    :     *               at "../generated-assets/webwork/webwork-representations.xml". 
INFO    :     *               If there are many messages like this, then likely your file is missing. 
INFO    :     *               But if this is an isolated error message, then it may indicate a bug,
INFO    :     *               which should be reported.
INFO    :     * PTX:ERROR:    The WeBWorK problem with internal id "webwork-1476"
INFO    :     *               could not be located in the file of WeBWorK problems from
INFO    :     *               the server, which your publication file indicates should be located
INFO    :     *               at "../generated-assets/webwork/webwork-representations.xml". 
INFO    :     *               If there are many messages like this, then likely your file is missing. 
INFO    :     *               But if this is an isolated error message, then it may indicate a bug,
INFO    :     *               which should be reported.
INFO    :     * PTX:ERROR:    The WeBWorK problem with internal id "webwork-1478"
INFO    :     *               could not be located in the file of WeBWorK problems from
INFO    :     *               the server, which your publication file indicates should be located
INFO    :     *               at "../generated-assets/webwork/webwork-representations.xml". 
INFO    :     *               If there are many messages like this, then likely your file is missing. 
INFO    :     *               But if this is an isolated error message, then it may indicate a bug,
INFO    :     *               which should be reported.
INFO    :     * PTX:ERROR:    The WeBWorK problem with internal id "webwork-1480"
INFO    :     *               could not be located in the file of WeBWorK problems from
INFO    :     *               the server, which your publication file indicates should be located
INFO    :     *               at "../generated-assets/webwork/webwork-representations.xml". 
INFO    :     *               If there are many messages like this, then likely your file is missing. 
INFO    :     *               But if this is an isolated error message, then it may indicate a bug,
INFO    :     *               which should be reported.
INFO    :     * PTX:ERROR:    The WeBWorK problem with internal id "webwork-1482"
INFO    :     *               could not be located in the file of WeBWorK problems from
INFO    :     *               the server, which your publication file indicates should be located
INFO    :     *               at "../generated-assets/webwork/webwork-representations.xml". 
INFO    :     *               If there are many messages like this, then likely your file is missing. 
INFO    :     *               But if this is an isolated error message, then it may indicate a bug,
INFO    :     *               which should be reported.
INFO    :     * PTX:ERROR:    The WeBWorK problem with internal id "webwork-1484"
INFO    :     *               could not be located in the file of WeBWorK problems from
INFO    :     *               the server, which your publication file indicates should be located
INFO    :     *               at "../generated-assets/webwork/webwork-representations.xml". 
INFO    :     *               If there are many messages like this, then likely your file is missing. 
INFO    :     *               But if this is an isolated error message, then it may indicate a bug,
INFO    :     *               which should be reported.
INFO    :     * PTX:ERROR:    The WeBWorK problem with internal id "webwork-1498"
INFO    :     *               could not be located in the file of WeBWorK problems from
INFO    :     *               the server, which your publication file indicates should be located
INFO    :     *               at "../generated-assets/webwork/webwork-representations.xml". 
INFO    :     *               If there are many messages like this, then likely your file is missing. 
INFO    :     *               But if this is an isolated error message, then it may indicate a bug,
INFO    :     *               which should be reported.
INFO    :     * PTX:ERROR:    The WeBWorK problem with internal id "webwork-1500"
INFO    :     *               could not be located in the file of WeBWorK problems from
INFO    :     *               the server, which your publication file indicates should be located
INFO    :     *               at "../generated-assets/webwork/webwork-representations.xml". 
INFO    :     *               If there are many messages like this, then likely your file is missing. 
INFO    :     *               But if this is an isolated error message, then it may indicate a bug,
INFO    :     *               which should be reported.
INFO    :     * PTX:ERROR:    The WeBWorK problem with internal id "webwork-1502"
INFO    :     *               could not be located in the file of WeBWorK problems from
INFO    :     *               the server, which your publication file indicates should be located
INFO    :     *               at "../generated-assets/webwork/webwork-representations.xml". 
INFO    :     *               If there are many messages like this, then likely your file is missing. 
INFO    :     *               But if this is an isolated error message, then it may indicate a bug,
INFO    :     *               which should be reported.
INFO    :     * PTX:ERROR:    The WeBWorK problem with internal id "webwork-1504"
INFO    :     *               could not be located in the file of WeBWorK problems from
INFO    :     *               the server, which your publication file indicates should be located
INFO    :     *               at "../generated-assets/webwork/webwork-representations.xml". 
INFO    :     *               If there are many messages like this, then likely your file is missing. 
INFO    :     *               But if this is an isolated error message, then it may indicate a bug,
INFO    :     *               which should be reported.
INFO    :     * PTX:ERROR:    The WeBWorK problem with internal id "webwork-1506"
INFO    :     *               could not be located in the file of WeBWorK problems from
INFO    :     *               the server, which your publication file indicates should be located
INFO    :     *               at "../generated-assets/webwork/webwork-representations.xml". 
INFO    :     *               If there are many messages like this, then likely your file is missing. 
INFO    :     *               But if this is an isolated error message, then it may indicate a bug,
INFO    :     *               which should be reported.
INFO    :     * PTX:ERROR:    The WeBWorK problem with internal id "webwork-1508"
INFO    :     *               could not be located in the file of WeBWorK problems from
INFO    :     *               the server, which your publication file indicates should be located
INFO    :     *               at "../generated-assets/webwork/webwork-representations.xml". 
INFO    :     *               If there are many messages like this, then likely your file is missing. 
INFO    :     *               But if this is an isolated error message, then it may indicate a bug,
INFO    :     *               which should be reported.
INFO    :     * PTX:ERROR:    The WeBWorK problem with internal id "webwork-1510"
INFO    :     *               could not be located in the file of WeBWorK problems from
INFO    :     *               the server, which your publication file indicates should be located
INFO    :     *               at "../generated-assets/webwork/webwork-representations.xml". 
INFO    :     *               If there are many messages like this, then likely your file is missing. 
INFO    :     *               But if this is an isolated error message, then it may indicate a bug,
INFO    :     *               which should be reported.
INFO    :     * PTX:ERROR:    The WeBWorK problem with internal id "webwork-1512"
INFO    :     *               could not be located in the file of WeBWorK problems from
INFO    :     *               the server, which your publication file indicates should be located
INFO    :     *               at "../generated-assets/webwork/webwork-representations.xml". 
INFO    :     *               If there are many messages like this, then likely your file is missing. 
INFO    :     *               But if this is an isolated error message, then it may indicate a bug,
INFO    :     *               which should be reported.
INFO    :     * PTX:ERROR:    The WeBWorK problem with internal id "webwork-1514"
INFO    :     *               could not be located in the file of WeBWorK problems from
INFO    :     *               the server, which your publication file indicates should be located
INFO    :     *               at "../generated-assets/webwork/webwork-representations.xml". 
INFO    :     *               If there are many messages like this, then likely your file is missing. 
INFO    :     *               But if this is an isolated error message, then it may indicate a bug,
INFO    :     *               which should be reported.
INFO    :     * PTX:ERROR:    The WeBWorK problem with internal id "webwork-1516"
INFO    :     *               could not be located in the file of WeBWorK problems from
INFO    :     *               the server, which your publication file indicates should be located
INFO    :     *               at "../generated-assets/webwork/webwork-representations.xml". 
INFO    :     *               If there are many messages like this, then likely your file is missing. 
INFO    :     *               But if this is an isolated error message, then it may indicate a bug,
INFO    :     *               which should be reported.
INFO    :     * PTX:ERROR:    The WeBWorK problem with internal id "webwork-1518"
INFO    :     *               could not be located in the file of WeBWorK problems from
INFO    :     *               the server, which your publication file indicates should be located
INFO    :     *               at "../generated-assets/webwork/webwork-representations.xml". 
INFO    :     *               If there are many messages like this, then likely your file is missing. 
INFO    :     *               But if this is an isolated error message, then it may indicate a bug,
INFO    :     *               which should be reported.
INFO    :     * PTX:ERROR:    The WeBWorK problem with internal id "webwork-1520"
INFO    :     *               could not be located in the file of WeBWorK problems from
INFO    :     *               the server, which your publication file indicates should be located
INFO    :     *               at "../generated-assets/webwork/webwork-representations.xml". 
INFO    :     *               If there are many messages like this, then likely your file is missing. 
INFO    :     *               But if this is an isolated error message, then it may indicate a bug,
INFO    :     *               which should be reported.
INFO    :     * PTX:ERROR:    The WeBWorK problem with internal id "webwork-1522"
INFO    :     *               could not be located in the file of WeBWorK problems from
INFO    :     *               the server, which your publication file indicates should be located
INFO    :     *               at "../generated-assets/webwork/webwork-representations.xml". 
INFO    :     *               If there are many messages like this, then likely your file is missing. 
INFO    :     *               But if this is an isolated error message, then it may indicate a bug,
INFO    :     *               which should be reported.
INFO    :     * PTX:ERROR:    The WeBWorK problem with internal id "webwork-1524"
INFO    :     *               could not be located in the file of WeBWorK problems from
INFO    :     *               the server, which your publication file indicates should be located
INFO    :     *               at "../generated-assets/webwork/webwork-representations.xml". 
INFO    :     *               If there are many messages like this, then likely your file is missing. 
INFO    :     *               But if this is an isolated error message, then it may indicate a bug,
INFO    :     *               which should be reported.
INFO    :     * PTX:ERROR:    The WeBWorK problem with internal id "webwork-1526"
INFO    :     *               could not be located in the file of WeBWorK problems from
INFO    :     *               the server, which your publication file indicates should be located
INFO    :     *               at "../generated-assets/webwork/webwork-representations.xml". 
INFO    :     *               If there are many messages like this, then likely your file is missing. 
INFO    :     *               But if this is an isolated error message, then it may indicate a bug,
INFO    :     *               which should be reported.
INFO    :     * PTX:ERROR:    The WeBWorK problem with internal id "webwork-1528"
INFO    :     *               could not be located in the file of WeBWorK problems from
INFO    :     *               the server, which your publication file indicates should be located
INFO    :     *               at "../generated-assets/webwork/webwork-representations.xml". 
INFO    :     *               If there are many messages like this, then likely your file is missing. 
INFO    :     *               But if this is an isolated error message, then it may indicate a bug,
INFO    :     *               which should be reported.
INFO    :     * PTX:ERROR:    The WeBWorK problem with internal id "webwork-1534"
INFO    :     *               could not be located in the file of WeBWorK problems from
INFO    :     *               the server, which your publication file indicates should be located
INFO    :     *               at "../generated-assets/webwork/webwork-representations.xml". 
INFO    :     *               If there are many messages like this, then likely your file is missing. 
INFO    :     *               But if this is an isolated error message, then it may indicate a bug,
INFO    :     *               which should be reported.
INFO    :     * PTX:ERROR:    The WeBWorK problem with internal id "webwork-1536"
INFO    :     *               could not be located in the file of WeBWorK problems from
INFO    :     *               the server, which your publication file indicates should be located
INFO    :     *               at "../generated-assets/webwork/webwork-representations.xml". 
INFO    :     *               If there are many messages like this, then likely your file is missing. 
INFO    :     *               But if this is an isolated error message, then it may indicate a bug,
INFO    :     *               which should be reported.
INFO    :     * PTX:ERROR:    The WeBWorK problem with internal id "webwork-1538"
INFO    :     *               could not be located in the file of WeBWorK problems from
INFO    :     *               the server, which your publication file indicates should be located
INFO    :     *               at "../generated-assets/webwork/webwork-representations.xml". 
INFO    :     *               If there are many messages like this, then likely your file is missing. 
INFO    :     *               But if this is an isolated error message, then it may indicate a bug,
INFO    :     *               which should be reported.
INFO    :     * PTX:ERROR:    The WeBWorK problem with internal id "webwork-1540"
INFO    :     *               could not be located in the file of WeBWorK problems from
INFO    :     *               the server, which your publication file indicates should be located
INFO    :     *               at "../generated-assets/webwork/webwork-representations.xml". 
INFO    :     *               If there are many messages like this, then likely your file is missing. 
INFO    :     *               But if this is an isolated error message, then it may indicate a bug,
INFO    :     *               which should be reported.
INFO    :     * PTX:ERROR:    The WeBWorK problem with internal id "webwork-1542"
INFO    :     *               could not be located in the file of WeBWorK problems from
INFO    :     *               the server, which your publication file indicates should be located
INFO    :     *               at "../generated-assets/webwork/webwork-representations.xml". 
INFO    :     *               If there are many messages like this, then likely your file is missing. 
INFO    :     *               But if this is an isolated error message, then it may indicate a bug,
INFO    :     *               which should be reported.
INFO    :     * PTX:ERROR:    The WeBWorK problem with internal id "webwork-1544"
INFO    :     *               could not be located in the file of WeBWorK problems from
INFO    :     *               the server, which your publication file indicates should be located
INFO    :     *               at "../generated-assets/webwork/webwork-representations.xml". 
INFO    :     *               If there are many messages like this, then likely your file is missing. 
INFO    :     *               But if this is an isolated error message, then it may indicate a bug,
INFO    :     *               which should be reported.
INFO    :     * PTX:ERROR:    The WeBWorK problem with internal id "webwork-1546"
INFO    :     *               could not be located in the file of WeBWorK problems from
INFO    :     *               the server, which your publication file indicates should be located
INFO    :     *               at "../generated-assets/webwork/webwork-representations.xml". 
INFO    :     *               If there are many messages like this, then likely your file is missing. 
INFO    :     *               But if this is an isolated error message, then it may indicate a bug,
INFO    :     *               which should be reported.
INFO    :     * PTX:ERROR:    The WeBWorK problem with internal id "webwork-1548"
INFO    :     *               could not be located in the file of WeBWorK problems from
INFO    :     *               the server, which your publication file indicates should be located
INFO    :     *               at "../generated-assets/webwork/webwork-representations.xml". 
INFO    :     *               If there are many messages like this, then likely your file is missing. 
INFO    :     *               But if this is an isolated error message, then it may indicate a bug,
INFO    :     *               which should be reported.
INFO    :     * PTX:ERROR:    The WeBWorK problem with internal id "webwork-1550"
INFO    :     *               could not be located in the file of WeBWorK problems from
INFO    :     *               the server, which your publication file indicates should be located
INFO    :     *               at "../generated-assets/webwork/webwork-representations.xml". 
INFO    :     *               If there are many messages like this, then likely your file is missing. 
INFO    :     *               But if this is an isolated error message, then it may indicate a bug,
INFO    :     *               which should be reported.
INFO    :     * PTX:ERROR:    The WeBWorK problem with internal id "webwork-1552"
INFO    :     *               could not be located in the file of WeBWorK problems from
INFO    :     *               the server, which your publication file indicates should be located
INFO    :     *               at "../generated-assets/webwork/webwork-representations.xml". 
INFO    :     *               If there are many messages like this, then likely your file is missing. 
INFO    :     *               But if this is an isolated error message, then it may indicate a bug,
INFO    :     *               which should be reported.
INFO    :     * PTX:ERROR:    The WeBWorK problem with internal id "webwork-1554"
INFO    :     *               could not be located in the file of WeBWorK problems from
INFO    :     *               the server, which your publication file indicates should be located
INFO    :     *               at "../generated-assets/webwork/webwork-representations.xml". 
INFO    :     *               If there are many messages like this, then likely your file is missing. 
INFO    :     *               But if this is an isolated error message, then it may indicate a bug,
INFO    :     *               which should be reported.
INFO    :     * PTX:ERROR:    The WeBWorK problem with internal id "webwork-1556"
INFO    :     *               could not be located in the file of WeBWorK problems from
INFO    :     *               the server, which your publication file indicates should be located
INFO    :     *               at "../generated-assets/webwork/webwork-representations.xml". 
INFO    :     *               If there are many messages like this, then likely your file is missing. 
INFO    :     *               But if this is an isolated error message, then it may indicate a bug,
INFO    :     *               which should be reported.
INFO    :     * PTX:ERROR:    The WeBWorK problem with internal id "webwork-1558"
INFO    :     *               could not be located in the file of WeBWorK problems from
INFO    :     *               the server, which your publication file indicates should be located
INFO    :     *               at "../generated-assets/webwork/webwork-representations.xml". 
INFO    :     *               If there are many messages like this, then likely your file is missing. 
INFO    :     *               But if this is an isolated error message, then it may indicate a bug,
INFO    :     *               which should be reported.
INFO    :     * PTX:ERROR:    The WeBWorK problem with internal id "webwork-1560"
INFO    :     *               could not be located in the file of WeBWorK problems from
INFO    :     *               the server, which your publication file indicates should be located
INFO    :     *               at "../generated-assets/webwork/webwork-representations.xml". 
INFO    :     *               If there are many messages like this, then likely your file is missing. 
INFO    :     *               But if this is an isolated error message, then it may indicate a bug,
INFO    :     *               which should be reported.
INFO    :     * PTX:ERROR:    The WeBWorK problem with internal id "webwork-1562"
INFO    :     *               could not be located in the file of WeBWorK problems from
INFO    :     *               the server, which your publication file indicates should be located
INFO    :     *               at "../generated-assets/webwork/webwork-representations.xml". 
INFO    :     *               If there are many messages like this, then likely your file is missing. 
INFO    :     *               But if this is an isolated error message, then it may indicate a bug,
INFO    :     *               which should be reported.
INFO    :     * PTX:ERROR:    The WeBWorK problem with internal id "webwork-1564"
INFO    :     *               could not be located in the file of WeBWorK problems from
INFO    :     *               the server, which your publication file indicates should be located
INFO    :     *               at "../generated-assets/webwork/webwork-representations.xml". 
INFO    :     *               If there are many messages like this, then likely your file is missing. 
INFO    :     *               But if this is an isolated error message, then it may indicate a bug,
INFO    :     *               which should be reported.
INFO    :     * PTX:ERROR:    The WeBWorK problem with internal id "webwork-1565"
INFO    :     *               could not be located in the file of WeBWorK problems from
INFO    :     *               the server, which your publication file indicates should be located
INFO    :     *               at "../generated-assets/webwork/webwork-representations.xml". 
INFO    :     *               If there are many messages like this, then likely your file is missing. 
INFO    :     *               But if this is an isolated error message, then it may indicate a bug,
INFO    :     *               which should be reported.
INFO    :     * PTX:ERROR:    The WeBWorK problem with internal id "webwork-1566"
INFO    :     *               could not be located in the file of WeBWorK problems from
INFO    :     *               the server, which your publication file indicates should be located
INFO    :     *               at "../generated-assets/webwork/webwork-representations.xml". 
INFO    :     *               If there are many messages like this, then likely your file is missing. 
INFO    :     *               But if this is an isolated error message, then it may indicate a bug,
INFO    :     *               which should be reported.
INFO    :     * PTX:ERROR:    The WeBWorK problem with internal id "webwork-1567"
INFO    :     *               could not be located in the file of WeBWorK problems from
INFO    :     *               the server, which your publication file indicates should be located
INFO    :     *               at "../generated-assets/webwork/webwork-representations.xml". 
INFO    :     *               If there are many messages like this, then likely your file is missing. 
INFO    :     *               But if this is an isolated error message, then it may indicate a bug,
INFO    :     *               which should be reported.
INFO    :     * PTX:ERROR:    The WeBWorK problem with internal id "webwork-1931"
INFO    :     *               could not be located in the file of WeBWorK problems from
INFO    :     *               the server, which your publication file indicates should be located
INFO    :     *               at "../generated-assets/webwork/webwork-representations.xml". 
INFO    :     *               If there are many messages like this, then likely your file is missing. 
INFO    :     *               But if this is an isolated error message, then it may indicate a bug,
INFO    :     *               which should be reported.
INFO    :     * PTX:ERROR:    The WeBWorK problem with internal id "webwork-1932"
INFO    :     *               could not be located in the file of WeBWorK problems from
INFO    :     *               the server, which your publication file indicates should be located
INFO    :     *               at "../generated-assets/webwork/webwork-representations.xml". 
INFO    :     *               If there are many messages like this, then likely your file is missing. 
INFO    :     *               But if this is an isolated error message, then it may indicate a bug,
INFO    :     *               which should be reported.
INFO    :     * PTX:ERROR:    The WeBWorK problem with internal id "webwork-1933"
INFO    :     *               could not be located in the file of WeBWorK problems from
INFO    :     *               the server, which your publication file indicates should be located
INFO    :     *               at "../generated-assets/webwork/webwork-representations.xml". 
INFO    :     *               If there are many messages like this, then likely your file is missing. 
INFO    :     *               But if this is an isolated error message, then it may indicate a bug,
INFO    :     *               which should be reported.
INFO    :     * PTX:ERROR:    The WeBWorK problem with internal id "webwork-1935"
INFO    :     *               could not be located in the file of WeBWorK problems from
INFO    :     *               the server, which your publication file indicates should be located
INFO    :     *               at "../generated-assets/webwork/webwork-representations.xml". 
INFO    :     *               If there are many messages like this, then likely your file is missing. 
INFO    :     *               But if this is an isolated error message, then it may indicate a bug,
INFO    :     *               which should be reported.
INFO    :     * PTX:ERROR:    The WeBWorK problem with internal id "webwork-1936"
INFO    :     *               could not be located in the file of WeBWorK problems from
INFO    :     *               the server, which your publication file indicates should be located
INFO    :     *               at "../generated-assets/webwork/webwork-representations.xml". 
INFO    :     *               If there are many messages like this, then likely your file is missing. 
INFO    :     *               But if this is an isolated error message, then it may indicate a bug,
INFO    :     *               which should be reported.
INFO    :     * PTX:ERROR:    The WeBWorK problem with internal id "webwork-1937"
INFO    :     *               could not be located in the file of WeBWorK problems from
INFO    :     *               the server, which your publication file indicates should be located
INFO    :     *               at "../generated-assets/webwork/webwork-representations.xml". 
INFO    :     *               If there are many messages like this, then likely your file is missing. 
INFO    :     *               But if this is an isolated error message, then it may indicate a bug,
INFO    :     *               which should be reported.
INFO    :     * PTX:ERROR:    The WeBWorK problem with internal id "webwork-1939"
INFO    :     *               could not be located in the file of WeBWorK problems from
INFO    :     *               the server, which your publication file indicates should be located
INFO    :     *               at "../generated-assets/webwork/webwork-representations.xml". 
INFO    :     *               If there are many messages like this, then likely your file is missing. 
INFO    :     *               But if this is an isolated error message, then it may indicate a bug,
INFO    :     *               which should be reported.
INFO    :     * PTX:ERROR:    The WeBWorK problem with internal id "webwork-1940"
INFO    :     *               could not be located in the file of WeBWorK problems from
INFO    :     *               the server, which your publication file indicates should be located
INFO    :     *               at "../generated-assets/webwork/webwork-representations.xml". 
INFO    :     *               If there are many messages like this, then likely your file is missing. 
INFO    :     *               But if this is an isolated error message, then it may indicate a bug,
INFO    :     *               which should be reported.
INFO    :     * PTX:ERROR:    The WeBWorK problem with internal id "webwork-1941"
INFO    :     *               could not be located in the file of WeBWorK problems from
INFO    :     *               the server, which your publication file indicates should be located
INFO    :     *               at "../generated-assets/webwork/webwork-representations.xml". 
INFO    :     *               If there are many messages like this, then likely your file is missing. 
INFO    :     *               But if this is an isolated error message, then it may indicate a bug,
INFO    :     *               which should be reported.
INFO    :     * PTX:ERROR:    The WeBWorK problem with internal id "webwork-1942"
INFO    :     *               could not be located in the file of WeBWorK problems from
INFO    :     *               the server, which your publication file indicates should be located
INFO    :     *               at "../generated-assets/webwork/webwork-representations.xml". 
INFO    :     *               If there are many messages like this, then likely your file is missing. 
INFO    :     *               But if this is an isolated error message, then it may indicate a bug,
INFO    :     *               which should be reported.
INFO    :     * PTX:ERROR:    The WeBWorK problem with internal id "webwork-1943"
INFO    :     *               could not be located in the file of WeBWorK problems from
INFO    :     *               the server, which your publication file indicates should be located
INFO    :     *               at "../generated-assets/webwork/webwork-representations.xml". 
INFO    :     *               If there are many messages like this, then likely your file is missing. 
INFO    :     *               But if this is an isolated error message, then it may indicate a bug,
INFO    :     *               which should be reported.
INFO    :     * PTX:ERROR:    The WeBWorK problem with internal id "webwork-1944"
INFO    :     *               could not be located in the file of WeBWorK problems from
INFO    :     *               the server, which your publication file indicates should be located
INFO    :     *               at "../generated-assets/webwork/webwork-representations.xml". 
INFO    :     *               If there are many messages like this, then likely your file is missing. 
INFO    :     *               But if this is an isolated error message, then it may indicate a bug,
INFO    :     *               which should be reported.
INFO    :     * PTX:ERROR:    The WeBWorK problem with internal id "webwork-1945"
INFO    :     *               could not be located in the file of WeBWorK problems from
INFO    :     *               the server, which your publication file indicates should be located
INFO    :     *               at "../generated-assets/webwork/webwork-representations.xml". 
INFO    :     *               If there are many messages like this, then likely your file is missing. 
INFO    :     *               But if this is an isolated error message, then it may indicate a bug,
INFO    :     *               which should be reported.
INFO    :     * PTX:ERROR:    The WeBWorK problem with internal id "webwork-1946"
INFO    :     *               could not be located in the file of WeBWorK problems from
INFO    :     *               the server, which your publication file indicates should be located
INFO    :     *               at "../generated-assets/webwork/webwork-representations.xml". 
INFO    :     *               If there are many messages like this, then likely your file is missing. 
INFO    :     *               But if this is an isolated error message, then it may indicate a bug,
INFO    :     *               which should be reported.
INFO    :     * PTX:ERROR:    The WeBWorK problem with internal id "webwork-1947"
INFO    :     *               could not be located in the file of WeBWorK problems from
INFO    :     *               the server, which your publication file indicates should be located
INFO    :     *               at "../generated-assets/webwork/webwork-representations.xml". 
INFO    :     *               If there are many messages like this, then likely your file is missing. 
INFO    :     *               But if this is an isolated error message, then it may indicate a bug,
INFO    :     *               which should be reported.
INFO    :     * PTX:ERROR:    The WeBWorK problem with internal id "webwork-1948"
INFO    :     *               could not be located in the file of WeBWorK problems from
INFO    :     *               the server, which your publication file indicates should be located
INFO    :     *               at "../generated-assets/webwork/webwork-representations.xml". 
INFO    :     *               If there are many messages like this, then likely your file is missing. 
INFO    :     *               But if this is an isolated error message, then it may indicate a bug,
INFO    :     *               which should be reported.
INFO    :     * PTX:ERROR:    The WeBWorK problem with internal id "webwork-1949"
INFO    :     *               could not be located in the file of WeBWorK problems from
INFO    :     *               the server, which your publication file indicates should be located
INFO    :     *               at "../generated-assets/webwork/webwork-representations.xml". 
INFO    :     *               If there are many messages like this, then likely your file is missing. 
INFO    :     *               But if this is an isolated error message, then it may indicate a bug,
INFO    :     *               which should be reported.
INFO    :     * PTX:ERROR:    The WeBWorK problem with internal id "webwork-1950"
INFO    :     *               could not be located in the file of WeBWorK problems from
INFO    :     *               the server, which your publication file indicates should be located
INFO    :     *               at "../generated-assets/webwork/webwork-representations.xml". 
INFO    :     *               If there are many messages like this, then likely your file is missing. 
INFO    :     *               But if this is an isolated error message, then it may indicate a bug,
INFO    :     *               which should be reported.
INFO    :     * PTX:ERROR:    The WeBWorK problem with internal id "webwork-1951"
INFO    :     *               could not be located in the file of WeBWorK problems from
INFO    :     *               the server, which your publication file indicates should be located
INFO    :     *               at "../generated-assets/webwork/webwork-representations.xml". 
INFO    :     *               If there are many messages like this, then likely your file is missing. 
INFO    :     *               But if this is an isolated error message, then it may indicate a bug,
INFO    :     *               which should be reported.
INFO    :     * PTX:ERROR:    The WeBWorK problem with internal id "webwork-1952"
INFO    :     *               could not be located in the file of WeBWorK problems from
INFO    :     *               the server, which your publication file indicates should be located
INFO    :     *               at "../generated-assets/webwork/webwork-representations.xml". 
INFO    :     *               If there are many messages like this, then likely your file is missing. 
INFO    :     *               But if this is an isolated error message, then it may indicate a bug,
INFO    :     *               which should be reported.
INFO    :     * PTX:ERROR:    The WeBWorK problem with internal id "webwork-1953"
INFO    :     *               could not be located in the file of WeBWorK problems from
INFO    :     *               the server, which your publication file indicates should be located
INFO    :     *               at "../generated-assets/webwork/webwork-representations.xml". 
INFO    :     *               If there are many messages like this, then likely your file is missing. 
INFO    :     *               But if this is an isolated error message, then it may indicate a bug,
INFO    :     *               which should be reported.
INFO    :     * PTX:ERROR:    The WeBWorK problem with internal id "webwork-1954"
INFO    :     *               could not be located in the file of WeBWorK problems from
INFO    :     *               the server, which your publication file indicates should be located
INFO    :     *               at "../generated-assets/webwork/webwork-representations.xml". 
INFO    :     *               If there are many messages like this, then likely your file is missing. 
INFO    :     *               But if this is an isolated error message, then it may indicate a bug,
INFO    :     *               which should be reported.
INFO    :     * PTX:ERROR:    The WeBWorK problem with internal id "webwork-1955"
INFO    :     *               could not be located in the file of WeBWorK problems from
INFO    :     *               the server, which your publication file indicates should be located
INFO    :     *               at "../generated-assets/webwork/webwork-representations.xml". 
INFO    :     *               If there are many messages like this, then likely your file is missing. 
INFO    :     *               But if this is an isolated error message, then it may indicate a bug,
INFO    :     *               which should be reported.
INFO    :     * PTX:ERROR:    The WeBWorK problem with internal id "webwork-1956"
INFO    :     *               could not be located in the file of WeBWorK problems from
INFO    :     *               the server, which your publication file indicates should be located
INFO    :     *               at "../generated-assets/webwork/webwork-representations.xml". 
INFO    :     *               If there are many messages like this, then likely your file is missing. 
INFO    :     *               But if this is an isolated error message, then it may indicate a bug,
INFO    :     *               which should be reported.
INFO    :     * PTX:ERROR:    The WeBWorK problem with internal id "webwork-1957"
INFO    :     *               could not be located in the file of WeBWorK problems from
INFO    :     *               the server, which your publication file indicates should be located
INFO    :     *               at "../generated-assets/webwork/webwork-representations.xml". 
INFO    :     *               If there are many messages like this, then likely your file is missing. 
INFO    :     *               But if this is an isolated error message, then it may indicate a bug,
INFO    :     *               which should be reported.
INFO    :     * PTX:ERROR:    The WeBWorK problem with internal id "webwork-1958"
INFO    :     *               could not be located in the file of WeBWorK problems from
INFO    :     *               the server, which your publication file indicates should be located
INFO    :     *               at "../generated-assets/webwork/webwork-representations.xml". 
INFO    :     *               If there are many messages like this, then likely your file is missing. 
INFO    :     *               But if this is an isolated error message, then it may indicate a bug,
INFO    :     *               which should be reported.
INFO    :     * PTX:ERROR:    The WeBWorK problem with internal id "webwork-1959"
INFO    :     *               could not be located in the file of WeBWorK problems from
INFO    :     *               the server, which your publication file indicates should be located
INFO    :     *               at "../generated-assets/webwork/webwork-representations.xml". 
INFO    :     *               If there are many messages like this, then likely your file is missing. 
INFO    :     *               But if this is an isolated error message, then it may indicate a bug,
INFO    :     *               which should be reported.
INFO    :     * PTX:ERROR:    The WeBWorK problem with internal id "webwork-1960"
INFO    :     *               could not be located in the file of WeBWorK problems from
INFO    :     *               the server, which your publication file indicates should be located
INFO    :     *               at "../generated-assets/webwork/webwork-representations.xml". 
INFO    :     *               If there are many messages like this, then likely your file is missing. 
INFO    :     *               But if this is an isolated error message, then it may indicate a bug,
INFO    :     *               which should be reported.
INFO    :     * PTX:ERROR:    The WeBWorK problem with internal id "webwork-1961"
INFO    :     *               could not be located in the file of WeBWorK problems from
INFO    :     *               the server, which your publication file indicates should be located
INFO    :     *               at "../generated-assets/webwork/webwork-representations.xml". 
INFO    :     *               If there are many messages like this, then likely your file is missing. 
INFO    :     *               But if this is an isolated error message, then it may indicate a bug,
INFO    :     *               which should be reported.
INFO    :     * PTX:ERROR:    The WeBWorK problem with internal id "webwork-1962"
INFO    :     *               could not be located in the file of WeBWorK problems from
INFO    :     *               the server, which your publication file indicates should be located
INFO    :     *               at "../generated-assets/webwork/webwork-representations.xml". 
INFO    :     *               If there are many messages like this, then likely your file is missing. 
INFO    :     *               But if this is an isolated error message, then it may indicate a bug,
INFO    :     *               which should be reported.
INFO    :     * PTX:ERROR:    The WeBWorK problem with internal id "webwork-1963"
INFO    :     *               could not be located in the file of WeBWorK problems from
INFO    :     *               the server, which your publication file indicates should be located
INFO    :     *               at "../generated-assets/webwork/webwork-representations.xml". 
INFO    :     *               If there are many messages like this, then likely your file is missing. 
INFO    :     *               But if this is an isolated error message, then it may indicate a bug,
INFO    :     *               which should be reported.
INFO    :     * PTX:ERROR:    The WeBWorK problem with internal id "webwork-1964"
INFO    :     *               could not be located in the file of WeBWorK problems from
INFO    :     *               the server, which your publication file indicates should be located
INFO    :     *               at "../generated-assets/webwork/webwork-representations.xml". 
INFO    :     *               If there are many messages like this, then likely your file is missing. 
INFO    :     *               But if this is an isolated error message, then it may indicate a bug,
INFO    :     *               which should be reported.
INFO    :     * PTX:ERROR:    The WeBWorK problem with internal id "webwork-1965"
INFO    :     *               could not be located in the file of WeBWorK problems from
INFO    :     *               the server, which your publication file indicates should be located
INFO    :     *               at "../generated-assets/webwork/webwork-representations.xml". 
INFO    :     *               If there are many messages like this, then likely your file is missing. 
INFO    :     *               But if this is an isolated error message, then it may indicate a bug,
INFO    :     *               which should be reported.
INFO    :     * PTX:ERROR:    The WeBWorK problem with internal id "webwork-1969"
INFO    :     *               could not be located in the file of WeBWorK problems from
INFO    :     *               the server, which your publication file indicates should be located
INFO    :     *               at "../generated-assets/webwork/webwork-representations.xml". 
INFO    :     *               If there are many messages like this, then likely your file is missing. 
INFO    :     *               But if this is an isolated error message, then it may indicate a bug,
INFO    :     *               which should be reported.
INFO    :     * PTX:ERROR:    The WeBWorK problem with internal id "webwork-1973"
INFO    :     *               could not be located in the file of WeBWorK problems from
INFO    :     *               the server, which your publication file indicates should be located
INFO    :     *               at "../generated-assets/webwork/webwork-representations.xml". 
INFO    :     *               If there are many messages like this, then likely your file is missing. 
INFO    :     *               But if this is an isolated error message, then it may indicate a bug,
INFO    :     *               which should be reported.
INFO    : successful application of /Users/alex.jordan/.ptx/xsl/extract-latex-image.xsl
INFO    : converting area-versus-length.tex to area-versus-length.pdf
INFO    : cropping area-versus-length.pdf to cropped-area-versus-length.pdf
INFO    : renaming cropped-area-versus-length.pdf to area-versus-length.pdf
INFO    : converting area-versus-length.pdf to area-versus-length.svg
INFO    : converting pentagon-perimeter.tex to pentagon-perimeter.pdf
INFO    : cropping pentagon-perimeter.pdf to cropped-pentagon-perimeter.pdf
INFO    : renaming cropped-pentagon-perimeter.pdf to pentagon-perimeter.pdf
INFO    : converting pentagon-perimeter.pdf to pentagon-perimeter.svg
INFO    : converting latex-image pictures from /Users/alex.jordan/orcca/src/orcca.ptx to svg graphics for placement in /Users/alex.jordan/orcca/generated-assets/latex-image
INFO    : extracting latex-image pictures from /Users/alex.jordan/orcca/src/orcca.ptx
INFO    : string parameters passed to extraction stylesheet: {'publisher': '/Users/alex.jordan/orcca/publication/publication.xml', 'subtree': 'webwork-quadrilateral-perimeter-combine-like-terms'}
INFO    : discovering source file's directory name: /Users/alex.jordan/orcca/src
INFO    : verifying and expanding input directory: /Users/alex.jordan/orcca/src/../generated-assets
INFO    : input directory expanded to absolute path: /Users/alex.jordan/orcca/generated-assets
INFO    : verifying and expanding input directory: /Users/alex.jordan/orcca/src/../assets
INFO    : input directory expanded to absolute path: /Users/alex.jordan/orcca/assets
INFO    : XSL conversion of /Users/alex.jordan/orcca/src/orcca.ptx by /Users/alex.jordan/.ptx/xsl/extract-latex-image.xsl
INFO    : messages from the log for XSL processing (indented):
INFO    :     * PTX:ERROR:    The WeBWorK problem with internal id "webwork-1309"
INFO    :     *               could not be located in the file of WeBWorK problems from
INFO    :     *               the server, which your publication file indicates should be located
INFO    :     *               at "../generated-assets/webwork/webwork-representations.xml". 
INFO    :     *               If there are many messages like this, then likely your file is missing. 
INFO    :     *               But if this is an isolated error message, then it may indicate a bug,
INFO    :     *               which should be reported.
INFO    :     * PTX:ERROR:    The WeBWorK problem with internal id "webwork-1424"
INFO    :     *               could not be located in the file of WeBWorK problems from
INFO    :     *               the server, which your publication file indicates should be located
INFO    :     *               at "../generated-assets/webwork/webwork-representations.xml". 
INFO    :     *               If there are many messages like this, then likely your file is missing. 
INFO    :     *               But if this is an isolated error message, then it may indicate a bug,
INFO    :     *               which should be reported.
INFO    :     * PTX:ERROR:    The WeBWorK problem with internal id "webwork-1426"
INFO    :     *               could not be located in the file of WeBWorK problems from
INFO    :     *               the server, which your publication file indicates should be located
INFO    :     *               at "../generated-assets/webwork/webwork-representations.xml". 
INFO    :     *               If there are many messages like this, then likely your file is missing. 
INFO    :     *               But if this is an isolated error message, then it may indicate a bug,
INFO    :     *               which should be reported.
INFO    :     * PTX:ERROR:    The WeBWorK problem with internal id "webwork-1434"
INFO    :     *               could not be located in the file of WeBWorK problems from
INFO    :     *               the server, which your publication file indicates should be located
INFO    :     *               at "../generated-assets/webwork/webwork-representations.xml". 
INFO    :     *               If there are many messages like this, then likely your file is missing. 
INFO    :     *               But if this is an isolated error message, then it may indicate a bug,
INFO    :     *               which should be reported.
INFO    :     * PTX:ERROR:    The WeBWorK problem with internal id "webwork-1436"
INFO    :     *               could not be located in the file of WeBWorK problems from
INFO    :     *               the server, which your publication file indicates should be located
INFO    :     *               at "../generated-assets/webwork/webwork-representations.xml". 
INFO    :     *               If there are many messages like this, then likely your file is missing. 
INFO    :     *               But if this is an isolated error message, then it may indicate a bug,
INFO    :     *               which should be reported.
INFO    :     * PTX:ERROR:    The WeBWorK problem with internal id "webwork-1438"
INFO    :     *               could not be located in the file of WeBWorK problems from
INFO    :     *               the server, which your publication file indicates should be located
INFO    :     *               at "../generated-assets/webwork/webwork-representations.xml". 
INFO    :     *               If there are many messages like this, then likely your file is missing. 
INFO    :     *               But if this is an isolated error message, then it may indicate a bug,
INFO    :     *               which should be reported.
INFO    :     * PTX:ERROR:    The WeBWorK problem with internal id "webwork-1440"
INFO    :     *               could not be located in the file of WeBWorK problems from
INFO    :     *               the server, which your publication file indicates should be located
INFO    :     *               at "../generated-assets/webwork/webwork-representations.xml". 
INFO    :     *               If there are many messages like this, then likely your file is missing. 
INFO    :     *               But if this is an isolated error message, then it may indicate a bug,
INFO    :     *               which should be reported.
INFO    :     * PTX:ERROR:    The WeBWorK problem with internal id "webwork-1442"
INFO    :     *               could not be located in the file of WeBWorK problems from
INFO    :     *               the server, which your publication file indicates should be located
INFO    :     *               at "../generated-assets/webwork/webwork-representations.xml". 
INFO    :     *               If there are many messages like this, then likely your file is missing. 
INFO    :     *               But if this is an isolated error message, then it may indicate a bug,
INFO    :     *               which should be reported.
INFO    :     * PTX:ERROR:    The WeBWorK problem with internal id "webwork-1444"
INFO    :     *               could not be located in the file of WeBWorK problems from
INFO    :     *               the server, which your publication file indicates should be located
INFO    :     *               at "../generated-assets/webwork/webwork-representations.xml". 
INFO    :     *               If there are many messages like this, then likely your file is missing. 
INFO    :     *               But if this is an isolated error message, then it may indicate a bug,
INFO    :     *               which should be reported.
INFO    :     * PTX:ERROR:    The WeBWorK problem with internal id "webwork-1446"
INFO    :     *               could not be located in the file of WeBWorK problems from
INFO    :     *               the server, which your publication file indicates should be located
INFO    :     *               at "../generated-assets/webwork/webwork-representations.xml". 
INFO    :     *               If there are many messages like this, then likely your file is missing. 
INFO    :     *               But if this is an isolated error message, then it may indicate a bug,
INFO    :     *               which should be reported.
INFO    :     * PTX:ERROR:    The WeBWorK problem with internal id "webwork-1448"
INFO    :     *               could not be located in the file of WeBWorK problems from
INFO    :     *               the server, which your publication file indicates should be located
INFO    :     *               at "../generated-assets/webwork/webwork-representations.xml". 
INFO    :     *               If there are many messages like this, then likely your file is missing. 
INFO    :     *               But if this is an isolated error message, then it may indicate a bug,
INFO    :     *               which should be reported.
INFO    :     * PTX:ERROR:    The WeBWorK problem with internal id "webwork-1450"
INFO    :     *               could not be located in the file of WeBWorK problems from
INFO    :     *               the server, which your publication file indicates should be located
INFO    :     *               at "../generated-assets/webwork/webwork-representations.xml". 
INFO    :     *               If there are many messages like this, then likely your file is missing. 
INFO    :     *               But if this is an isolated error message, then it may indicate a bug,
INFO    :     *               which should be reported.
INFO    :     * PTX:ERROR:    The WeBWorK problem with internal id "webwork-1452"
INFO    :     *               could not be located in the file of WeBWorK problems from
INFO    :     *               the server, which your publication file indicates should be located
INFO    :     *               at "../generated-assets/webwork/webwork-representations.xml". 
INFO    :     *               If there are many messages like this, then likely your file is missing. 
INFO    :     *               But if this is an isolated error message, then it may indicate a bug,
INFO    :     *               which should be reported.
INFO    :     * PTX:ERROR:    The WeBWorK problem with internal id "webwork-1454"
INFO    :     *               could not be located in the file of WeBWorK problems from
INFO    :     *               the server, which your publication file indicates should be located
INFO    :     *               at "../generated-assets/webwork/webwork-representations.xml". 
INFO    :     *               If there are many messages like this, then likely your file is missing. 
INFO    :     *               But if this is an isolated error message, then it may indicate a bug,
INFO    :     *               which should be reported.
INFO    :     * PTX:ERROR:    The WeBWorK problem with internal id "webwork-1456"
INFO    :     *               could not be located in the file of WeBWorK problems from
INFO    :     *               the server, which your publication file indicates should be located
INFO    :     *               at "../generated-assets/webwork/webwork-representations.xml". 
INFO    :     *               If there are many messages like this, then likely your file is missing. 
INFO    :     *               But if this is an isolated error message, then it may indicate a bug,
INFO    :     *               which should be reported.
INFO    :     * PTX:ERROR:    The WeBWorK problem with internal id "webwork-1458"
INFO    :     *               could not be located in the file of WeBWorK problems from
INFO    :     *               the server, which your publication file indicates should be located
INFO    :     *               at "../generated-assets/webwork/webwork-representations.xml". 
INFO    :     *               If there are many messages like this, then likely your file is missing. 
INFO    :     *               But if this is an isolated error message, then it may indicate a bug,
INFO    :     *               which should be reported.
INFO    :     * PTX:ERROR:    The WeBWorK problem with internal id "webwork-1460"
INFO    :     *               could not be located in the file of WeBWorK problems from
INFO    :     *               the server, which your publication file indicates should be located
INFO    :     *               at "../generated-assets/webwork/webwork-representations.xml". 
INFO    :     *               If there are many messages like this, then likely your file is missing. 
INFO    :     *               But if this is an isolated error message, then it may indicate a bug,
INFO    :     *               which should be reported.
INFO    :     * PTX:ERROR:    The WeBWorK problem with internal id "webwork-1462"
INFO    :     *               could not be located in the file of WeBWorK problems from
INFO    :     *               the server, which your publication file indicates should be located
INFO    :     *               at "../generated-assets/webwork/webwork-representations.xml". 
INFO    :     *               If there are many messages like this, then likely your file is missing. 
INFO    :     *               But if this is an isolated error message, then it may indicate a bug,
INFO    :     *               which should be reported.
INFO    :     * PTX:ERROR:    The WeBWorK problem with internal id "webwork-1464"
INFO    :     *               could not be located in the file of WeBWorK problems from
INFO    :     *               the server, which your publication file indicates should be located
INFO    :     *               at "../generated-assets/webwork/webwork-representations.xml". 
INFO    :     *               If there are many messages like this, then likely your file is missing. 
INFO    :     *               But if this is an isolated error message, then it may indicate a bug,
INFO    :     *               which should be reported.
INFO    :     * PTX:ERROR:    The WeBWorK problem with internal id "webwork-1466"
INFO    :     *               could not be located in the file of WeBWorK problems from
INFO    :     *               the server, which your publication file indicates should be located
INFO    :     *               at "../generated-assets/webwork/webwork-representations.xml". 
INFO    :     *               If there are many messages like this, then likely your file is missing. 
INFO    :     *               But if this is an isolated error message, then it may indicate a bug,
INFO    :     *               which should be reported.
INFO    :     * PTX:ERROR:    The WeBWorK problem with internal id "webwork-1468"
INFO    :     *               could not be located in the file of WeBWorK problems from
INFO    :     *               the server, which your publication file indicates should be located
INFO    :     *               at "../generated-assets/webwork/webwork-representations.xml". 
INFO    :     *               If there are many messages like this, then likely your file is missing. 
INFO    :     *               But if this is an isolated error message, then it may indicate a bug,
INFO    :     *               which should be reported.
INFO    :     * PTX:ERROR:    The WeBWorK problem with internal id "webwork-1470"
INFO    :     *               could not be located in the file of WeBWorK problems from
INFO    :     *               the server, which your publication file indicates should be located
INFO    :     *               at "../generated-assets/webwork/webwork-representations.xml". 
INFO    :     *               If there are many messages like this, then likely your file is missing. 
INFO    :     *               But if this is an isolated error message, then it may indicate a bug,
INFO    :     *               which should be reported.
INFO    :     * PTX:ERROR:    The WeBWorK problem with internal id "webwork-1472"
INFO    :     *               could not be located in the file of WeBWorK problems from
INFO    :     *               the server, which your publication file indicates should be located
INFO    :     *               at "../generated-assets/webwork/webwork-representations.xml". 
INFO    :     *               If there are many messages like this, then likely your file is missing. 
INFO    :     *               But if this is an isolated error message, then it may indicate a bug,
INFO    :     *               which should be reported.
INFO    :     * PTX:ERROR:    The WeBWorK problem with internal id "webwork-1474"
INFO    :     *               could not be located in the file of WeBWorK problems from
INFO    :     *               the server, which your publication file indicates should be located
INFO    :     *               at "../generated-assets/webwork/webwork-representations.xml". 
INFO    :     *               If there are many messages like this, then likely your file is missing. 
INFO    :     *               But if this is an isolated error message, then it may indicate a bug,
INFO    :     *               which should be reported.
INFO    :     * PTX:ERROR:    The WeBWorK problem with internal id "webwork-1476"
INFO    :     *               could not be located in the file of WeBWorK problems from
INFO    :     *               the server, which your publication file indicates should be located
INFO    :     *               at "../generated-assets/webwork/webwork-representations.xml". 
INFO    :     *               If there are many messages like this, then likely your file is missing. 
INFO    :     *               But if this is an isolated error message, then it may indicate a bug,
INFO    :     *               which should be reported.
INFO    :     * PTX:ERROR:    The WeBWorK problem with internal id "webwork-1478"
INFO    :     *               could not be located in the file of WeBWorK problems from
INFO    :     *               the server, which your publication file indicates should be located
INFO    :     *               at "../generated-assets/webwork/webwork-representations.xml". 
INFO    :     *               If there are many messages like this, then likely your file is missing. 
INFO    :     *               But if this is an isolated error message, then it may indicate a bug,
INFO    :     *               which should be reported.
INFO    :     * PTX:ERROR:    The WeBWorK problem with internal id "webwork-1480"
INFO    :     *               could not be located in the file of WeBWorK problems from
INFO    :     *               the server, which your publication file indicates should be located
INFO    :     *               at "../generated-assets/webwork/webwork-representations.xml". 
INFO    :     *               If there are many messages like this, then likely your file is missing. 
INFO    :     *               But if this is an isolated error message, then it may indicate a bug,
INFO    :     *               which should be reported.
INFO    :     * PTX:ERROR:    The WeBWorK problem with internal id "webwork-1482"
INFO    :     *               could not be located in the file of WeBWorK problems from
INFO    :     *               the server, which your publication file indicates should be located
INFO    :     *               at "../generated-assets/webwork/webwork-representations.xml". 
INFO    :     *               If there are many messages like this, then likely your file is missing. 
INFO    :     *               But if this is an isolated error message, then it may indicate a bug,
INFO    :     *               which should be reported.
INFO    :     * PTX:ERROR:    The WeBWorK problem with internal id "webwork-1484"
INFO    :     *               could not be located in the file of WeBWorK problems from
INFO    :     *               the server, which your publication file indicates should be located
INFO    :     *               at "../generated-assets/webwork/webwork-representations.xml". 
INFO    :     *               If there are many messages like this, then likely your file is missing. 
INFO    :     *               But if this is an isolated error message, then it may indicate a bug,
INFO    :     *               which should be reported.
INFO    :     * PTX:ERROR:    The WeBWorK problem with internal id "webwork-1498"
INFO    :     *               could not be located in the file of WeBWorK problems from
INFO    :     *               the server, which your publication file indicates should be located
INFO    :     *               at "../generated-assets/webwork/webwork-representations.xml". 
INFO    :     *               If there are many messages like this, then likely your file is missing. 
INFO    :     *               But if this is an isolated error message, then it may indicate a bug,
INFO    :     *               which should be reported.
INFO    :     * PTX:ERROR:    The WeBWorK problem with internal id "webwork-1500"
INFO    :     *               could not be located in the file of WeBWorK problems from
INFO    :     *               the server, which your publication file indicates should be located
INFO    :     *               at "../generated-assets/webwork/webwork-representations.xml". 
INFO    :     *               If there are many messages like this, then likely your file is missing. 
INFO    :     *               But if this is an isolated error message, then it may indicate a bug,
INFO    :     *               which should be reported.
INFO    :     * PTX:ERROR:    The WeBWorK problem with internal id "webwork-1502"
INFO    :     *               could not be located in the file of WeBWorK problems from
INFO    :     *               the server, which your publication file indicates should be located
INFO    :     *               at "../generated-assets/webwork/webwork-representations.xml". 
INFO    :     *               If there are many messages like this, then likely your file is missing. 
INFO    :     *               But if this is an isolated error message, then it may indicate a bug,
INFO    :     *               which should be reported.
INFO    :     * PTX:ERROR:    The WeBWorK problem with internal id "webwork-1504"
INFO    :     *               could not be located in the file of WeBWorK problems from
INFO    :     *               the server, which your publication file indicates should be located
INFO    :     *               at "../generated-assets/webwork/webwork-representations.xml". 
INFO    :     *               If there are many messages like this, then likely your file is missing. 
INFO    :     *               But if this is an isolated error message, then it may indicate a bug,
INFO    :     *               which should be reported.
INFO    :     * PTX:ERROR:    The WeBWorK problem with internal id "webwork-1506"
INFO    :     *               could not be located in the file of WeBWorK problems from
INFO    :     *               the server, which your publication file indicates should be located
INFO    :     *               at "../generated-assets/webwork/webwork-representations.xml". 
INFO    :     *               If there are many messages like this, then likely your file is missing. 
INFO    :     *               But if this is an isolated error message, then it may indicate a bug,
INFO    :     *               which should be reported.
INFO    :     * PTX:ERROR:    The WeBWorK problem with internal id "webwork-1508"
INFO    :     *               could not be located in the file of WeBWorK problems from
INFO    :     *               the server, which your publication file indicates should be located
INFO    :     *               at "../generated-assets/webwork/webwork-representations.xml". 
INFO    :     *               If there are many messages like this, then likely your file is missing. 
INFO    :     *               But if this is an isolated error message, then it may indicate a bug,
INFO    :     *               which should be reported.
INFO    :     * PTX:ERROR:    The WeBWorK problem with internal id "webwork-1510"
INFO    :     *               could not be located in the file of WeBWorK problems from
INFO    :     *               the server, which your publication file indicates should be located
INFO    :     *               at "../generated-assets/webwork/webwork-representations.xml". 
INFO    :     *               If there are many messages like this, then likely your file is missing. 
INFO    :     *               But if this is an isolated error message, then it may indicate a bug,
INFO    :     *               which should be reported.
INFO    :     * PTX:ERROR:    The WeBWorK problem with internal id "webwork-1512"
INFO    :     *               could not be located in the file of WeBWorK problems from
INFO    :     *               the server, which your publication file indicates should be located
INFO    :     *               at "../generated-assets/webwork/webwork-representations.xml". 
INFO    :     *               If there are many messages like this, then likely your file is missing. 
INFO    :     *               But if this is an isolated error message, then it may indicate a bug,
INFO    :     *               which should be reported.
INFO    :     * PTX:ERROR:    The WeBWorK problem with internal id "webwork-1514"
INFO    :     *               could not be located in the file of WeBWorK problems from
INFO    :     *               the server, which your publication file indicates should be located
INFO    :     *               at "../generated-assets/webwork/webwork-representations.xml". 
INFO    :     *               If there are many messages like this, then likely your file is missing. 
INFO    :     *               But if this is an isolated error message, then it may indicate a bug,
INFO    :     *               which should be reported.
INFO    :     * PTX:ERROR:    The WeBWorK problem with internal id "webwork-1516"
INFO    :     *               could not be located in the file of WeBWorK problems from
INFO    :     *               the server, which your publication file indicates should be located
INFO    :     *               at "../generated-assets/webwork/webwork-representations.xml". 
INFO    :     *               If there are many messages like this, then likely your file is missing. 
INFO    :     *               But if this is an isolated error message, then it may indicate a bug,
INFO    :     *               which should be reported.
INFO    :     * PTX:ERROR:    The WeBWorK problem with internal id "webwork-1518"
INFO    :     *               could not be located in the file of WeBWorK problems from
INFO    :     *               the server, which your publication file indicates should be located
INFO    :     *               at "../generated-assets/webwork/webwork-representations.xml". 
INFO    :     *               If there are many messages like this, then likely your file is missing. 
INFO    :     *               But if this is an isolated error message, then it may indicate a bug,
INFO    :     *               which should be reported.
INFO    :     * PTX:ERROR:    The WeBWorK problem with internal id "webwork-1520"
INFO    :     *               could not be located in the file of WeBWorK problems from
INFO    :     *               the server, which your publication file indicates should be located
INFO    :     *               at "../generated-assets/webwork/webwork-representations.xml". 
INFO    :     *               If there are many messages like this, then likely your file is missing. 
INFO    :     *               But if this is an isolated error message, then it may indicate a bug,
INFO    :     *               which should be reported.
INFO    :     * PTX:ERROR:    The WeBWorK problem with internal id "webwork-1522"
INFO    :     *               could not be located in the file of WeBWorK problems from
INFO    :     *               the server, which your publication file indicates should be located
INFO    :     *               at "../generated-assets/webwork/webwork-representations.xml". 
INFO    :     *               If there are many messages like this, then likely your file is missing. 
INFO    :     *               But if this is an isolated error message, then it may indicate a bug,
INFO    :     *               which should be reported.
INFO    :     * PTX:ERROR:    The WeBWorK problem with internal id "webwork-1524"
INFO    :     *               could not be located in the file of WeBWorK problems from
INFO    :     *               the server, which your publication file indicates should be located
INFO    :     *               at "../generated-assets/webwork/webwork-representations.xml". 
INFO    :     *               If there are many messages like this, then likely your file is missing. 
INFO    :     *               But if this is an isolated error message, then it may indicate a bug,
INFO    :     *               which should be reported.
INFO    :     * PTX:ERROR:    The WeBWorK problem with internal id "webwork-1526"
INFO    :     *               could not be located in the file of WeBWorK problems from
INFO    :     *               the server, which your publication file indicates should be located
INFO    :     *               at "../generated-assets/webwork/webwork-representations.xml". 
INFO    :     *               If there are many messages like this, then likely your file is missing. 
INFO    :     *               But if this is an isolated error message, then it may indicate a bug,
INFO    :     *               which should be reported.
INFO    :     * PTX:ERROR:    The WeBWorK problem with internal id "webwork-1528"
INFO    :     *               could not be located in the file of WeBWorK problems from
INFO    :     *               the server, which your publication file indicates should be located
INFO    :     *               at "../generated-assets/webwork/webwork-representations.xml". 
INFO    :     *               If there are many messages like this, then likely your file is missing. 
INFO    :     *               But if this is an isolated error message, then it may indicate a bug,
INFO    :     *               which should be reported.
INFO    :     * PTX:ERROR:    The WeBWorK problem with internal id "webwork-1534"
INFO    :     *               could not be located in the file of WeBWorK problems from
INFO    :     *               the server, which your publication file indicates should be located
INFO    :     *               at "../generated-assets/webwork/webwork-representations.xml". 
INFO    :     *               If there are many messages like this, then likely your file is missing. 
INFO    :     *               But if this is an isolated error message, then it may indicate a bug,
INFO    :     *               which should be reported.
INFO    :     * PTX:ERROR:    The WeBWorK problem with internal id "webwork-1536"
INFO    :     *               could not be located in the file of WeBWorK problems from
INFO    :     *               the server, which your publication file indicates should be located
INFO    :     *               at "../generated-assets/webwork/webwork-representations.xml". 
INFO    :     *               If there are many messages like this, then likely your file is missing. 
INFO    :     *               But if this is an isolated error message, then it may indicate a bug,
INFO    :     *               which should be reported.
INFO    :     * PTX:ERROR:    The WeBWorK problem with internal id "webwork-1538"
INFO    :     *               could not be located in the file of WeBWorK problems from
INFO    :     *               the server, which your publication file indicates should be located
INFO    :     *               at "../generated-assets/webwork/webwork-representations.xml". 
INFO    :     *               If there are many messages like this, then likely your file is missing. 
INFO    :     *               But if this is an isolated error message, then it may indicate a bug,
INFO    :     *               which should be reported.
INFO    :     * PTX:ERROR:    The WeBWorK problem with internal id "webwork-1540"
INFO    :     *               could not be located in the file of WeBWorK problems from
INFO    :     *               the server, which your publication file indicates should be located
INFO    :     *               at "../generated-assets/webwork/webwork-representations.xml". 
INFO    :     *               If there are many messages like this, then likely your file is missing. 
INFO    :     *               But if this is an isolated error message, then it may indicate a bug,
INFO    :     *               which should be reported.
INFO    :     * PTX:ERROR:    The WeBWorK problem with internal id "webwork-1542"
INFO    :     *               could not be located in the file of WeBWorK problems from
INFO    :     *               the server, which your publication file indicates should be located
INFO    :     *               at "../generated-assets/webwork/webwork-representations.xml". 
INFO    :     *               If there are many messages like this, then likely your file is missing. 
INFO    :     *               But if this is an isolated error message, then it may indicate a bug,
INFO    :     *               which should be reported.
INFO    :     * PTX:ERROR:    The WeBWorK problem with internal id "webwork-1544"
INFO    :     *               could not be located in the file of WeBWorK problems from
INFO    :     *               the server, which your publication file indicates should be located
INFO    :     *               at "../generated-assets/webwork/webwork-representations.xml". 
INFO    :     *               If there are many messages like this, then likely your file is missing. 
INFO    :     *               But if this is an isolated error message, then it may indicate a bug,
INFO    :     *               which should be reported.
INFO    :     * PTX:ERROR:    The WeBWorK problem with internal id "webwork-1546"
INFO    :     *               could not be located in the file of WeBWorK problems from
INFO    :     *               the server, which your publication file indicates should be located
INFO    :     *               at "../generated-assets/webwork/webwork-representations.xml". 
INFO    :     *               If there are many messages like this, then likely your file is missing. 
INFO    :     *               But if this is an isolated error message, then it may indicate a bug,
INFO    :     *               which should be reported.
INFO    :     * PTX:ERROR:    The WeBWorK problem with internal id "webwork-1548"
INFO    :     *               could not be located in the file of WeBWorK problems from
INFO    :     *               the server, which your publication file indicates should be located
INFO    :     *               at "../generated-assets/webwork/webwork-representations.xml". 
INFO    :     *               If there are many messages like this, then likely your file is missing. 
INFO    :     *               But if this is an isolated error message, then it may indicate a bug,
INFO    :     *               which should be reported.
INFO    :     * PTX:ERROR:    The WeBWorK problem with internal id "webwork-1550"
INFO    :     *               could not be located in the file of WeBWorK problems from
INFO    :     *               the server, which your publication file indicates should be located
INFO    :     *               at "../generated-assets/webwork/webwork-representations.xml". 
INFO    :     *               If there are many messages like this, then likely your file is missing. 
INFO    :     *               But if this is an isolated error message, then it may indicate a bug,
INFO    :     *               which should be reported.
INFO    :     * PTX:ERROR:    The WeBWorK problem with internal id "webwork-1552"
INFO    :     *               could not be located in the file of WeBWorK problems from
INFO    :     *               the server, which your publication file indicates should be located
INFO    :     *               at "../generated-assets/webwork/webwork-representations.xml". 
INFO    :     *               If there are many messages like this, then likely your file is missing. 
INFO    :     *               But if this is an isolated error message, then it may indicate a bug,
INFO    :     *               which should be reported.
INFO    :     * PTX:ERROR:    The WeBWorK problem with internal id "webwork-1554"
INFO    :     *               could not be located in the file of WeBWorK problems from
INFO    :     *               the server, which your publication file indicates should be located
INFO    :     *               at "../generated-assets/webwork/webwork-representations.xml". 
INFO    :     *               If there are many messages like this, then likely your file is missing. 
INFO    :     *               But if this is an isolated error message, then it may indicate a bug,
INFO    :     *               which should be reported.
INFO    :     * PTX:ERROR:    The WeBWorK problem with internal id "webwork-1556"
INFO    :     *               could not be located in the file of WeBWorK problems from
INFO    :     *               the server, which your publication file indicates should be located
INFO    :     *               at "../generated-assets/webwork/webwork-representations.xml". 
INFO    :     *               If there are many messages like this, then likely your file is missing. 
INFO    :     *               But if this is an isolated error message, then it may indicate a bug,
INFO    :     *               which should be reported.
INFO    :     * PTX:ERROR:    The WeBWorK problem with internal id "webwork-1558"
INFO    :     *               could not be located in the file of WeBWorK problems from
INFO    :     *               the server, which your publication file indicates should be located
INFO    :     *               at "../generated-assets/webwork/webwork-representations.xml". 
INFO    :     *               If there are many messages like this, then likely your file is missing. 
INFO    :     *               But if this is an isolated error message, then it may indicate a bug,
INFO    :     *               which should be reported.
INFO    :     * PTX:ERROR:    The WeBWorK problem with internal id "webwork-1560"
INFO    :     *               could not be located in the file of WeBWorK problems from
INFO    :     *               the server, which your publication file indicates should be located
INFO    :     *               at "../generated-assets/webwork/webwork-representations.xml". 
INFO    :     *               If there are many messages like this, then likely your file is missing. 
INFO    :     *               But if this is an isolated error message, then it may indicate a bug,
INFO    :     *               which should be reported.
INFO    :     * PTX:ERROR:    The WeBWorK problem with internal id "webwork-1562"
INFO    :     *               could not be located in the file of WeBWorK problems from
INFO    :     *               the server, which your publication file indicates should be located
INFO    :     *               at "../generated-assets/webwork/webwork-representations.xml". 
INFO    :     *               If there are many messages like this, then likely your file is missing. 
INFO    :     *               But if this is an isolated error message, then it may indicate a bug,
INFO    :     *               which should be reported.
INFO    :     * PTX:ERROR:    The WeBWorK problem with internal id "webwork-1564"
INFO    :     *               could not be located in the file of WeBWorK problems from
INFO    :     *               the server, which your publication file indicates should be located
INFO    :     *               at "../generated-assets/webwork/webwork-representations.xml". 
INFO    :     *               If there are many messages like this, then likely your file is missing. 
INFO    :     *               But if this is an isolated error message, then it may indicate a bug,
INFO    :     *               which should be reported.
INFO    :     * PTX:ERROR:    The WeBWorK problem with internal id "webwork-1565"
INFO    :     *               could not be located in the file of WeBWorK problems from
INFO    :     *               the server, which your publication file indicates should be located
INFO    :     *               at "../generated-assets/webwork/webwork-representations.xml". 
INFO    :     *               If there are many messages like this, then likely your file is missing. 
INFO    :     *               But if this is an isolated error message, then it may indicate a bug,
INFO    :     *               which should be reported.
INFO    :     * PTX:ERROR:    The WeBWorK problem with internal id "webwork-1566"
INFO    :     *               could not be located in the file of WeBWorK problems from
INFO    :     *               the server, which your publication file indicates should be located
INFO    :     *               at "../generated-assets/webwork/webwork-representations.xml". 
INFO    :     *               If there are many messages like this, then likely your file is missing. 
INFO    :     *               But if this is an isolated error message, then it may indicate a bug,
INFO    :     *               which should be reported.
INFO    :     * PTX:ERROR:    The WeBWorK problem with internal id "webwork-1567"
INFO    :     *               could not be located in the file of WeBWorK problems from
INFO    :     *               the server, which your publication file indicates should be located
INFO    :     *               at "../generated-assets/webwork/webwork-representations.xml". 
INFO    :     *               If there are many messages like this, then likely your file is missing. 
INFO    :     *               But if this is an isolated error message, then it may indicate a bug,
INFO    :     *               which should be reported.
INFO    :     * PTX:ERROR:    The WeBWorK problem with internal id "webwork-1931"
INFO    :     *               could not be located in the file of WeBWorK problems from
INFO    :     *               the server, which your publication file indicates should be located
INFO    :     *               at "../generated-assets/webwork/webwork-representations.xml". 
INFO    :     *               If there are many messages like this, then likely your file is missing. 
INFO    :     *               But if this is an isolated error message, then it may indicate a bug,
INFO    :     *               which should be reported.
INFO    :     * PTX:ERROR:    The WeBWorK problem with internal id "webwork-1932"
INFO    :     *               could not be located in the file of WeBWorK problems from
INFO    :     *               the server, which your publication file indicates should be located
INFO    :     *               at "../generated-assets/webwork/webwork-representations.xml". 
INFO    :     *               If there are many messages like this, then likely your file is missing. 
INFO    :     *               But if this is an isolated error message, then it may indicate a bug,
INFO    :     *               which should be reported.
INFO    :     * PTX:ERROR:    The WeBWorK problem with internal id "webwork-1933"
INFO    :     *               could not be located in the file of WeBWorK problems from
INFO    :     *               the server, which your publication file indicates should be located
INFO    :     *               at "../generated-assets/webwork/webwork-representations.xml". 
INFO    :     *               If there are many messages like this, then likely your file is missing. 
INFO    :     *               But if this is an isolated error message, then it may indicate a bug,
INFO    :     *               which should be reported.
INFO    :     * PTX:ERROR:    The WeBWorK problem with internal id "webwork-1935"
INFO    :     *               could not be located in the file of WeBWorK problems from
INFO    :     *               the server, which your publication file indicates should be located
INFO    :     *               at "../generated-assets/webwork/webwork-representations.xml". 
INFO    :     *               If there are many messages like this, then likely your file is missing. 
INFO    :     *               But if this is an isolated error message, then it may indicate a bug,
INFO    :     *               which should be reported.
INFO    :     * PTX:ERROR:    The WeBWorK problem with internal id "webwork-1936"
INFO    :     *               could not be located in the file of WeBWorK problems from
INFO    :     *               the server, which your publication file indicates should be located
INFO    :     *               at "../generated-assets/webwork/webwork-representations.xml". 
INFO    :     *               If there are many messages like this, then likely your file is missing. 
INFO    :     *               But if this is an isolated error message, then it may indicate a bug,
INFO    :     *               which should be reported.
INFO    :     * PTX:ERROR:    The WeBWorK problem with internal id "webwork-1937"
INFO    :     *               could not be located in the file of WeBWorK problems from
INFO    :     *               the server, which your publication file indicates should be located
INFO    :     *               at "../generated-assets/webwork/webwork-representations.xml". 
INFO    :     *               If there are many messages like this, then likely your file is missing. 
INFO    :     *               But if this is an isolated error message, then it may indicate a bug,
INFO    :     *               which should be reported.
INFO    :     * PTX:ERROR:    The WeBWorK problem with internal id "webwork-1939"
INFO    :     *               could not be located in the file of WeBWorK problems from
INFO    :     *               the server, which your publication file indicates should be located
INFO    :     *               at "../generated-assets/webwork/webwork-representations.xml". 
INFO    :     *               If there are many messages like this, then likely your file is missing. 
INFO    :     *               But if this is an isolated error message, then it may indicate a bug,
INFO    :     *               which should be reported.
INFO    :     * PTX:ERROR:    The WeBWorK problem with internal id "webwork-1940"
INFO    :     *               could not be located in the file of WeBWorK problems from
INFO    :     *               the server, which your publication file indicates should be located
INFO    :     *               at "../generated-assets/webwork/webwork-representations.xml". 
INFO    :     *               If there are many messages like this, then likely your file is missing. 
INFO    :     *               But if this is an isolated error message, then it may indicate a bug,
INFO    :     *               which should be reported.
INFO    :     * PTX:ERROR:    The WeBWorK problem with internal id "webwork-1941"
INFO    :     *               could not be located in the file of WeBWorK problems from
INFO    :     *               the server, which your publication file indicates should be located
INFO    :     *               at "../generated-assets/webwork/webwork-representations.xml". 
INFO    :     *               If there are many messages like this, then likely your file is missing. 
INFO    :     *               But if this is an isolated error message, then it may indicate a bug,
INFO    :     *               which should be reported.
INFO    :     * PTX:ERROR:    The WeBWorK problem with internal id "webwork-1942"
INFO    :     *               could not be located in the file of WeBWorK problems from
INFO    :     *               the server, which your publication file indicates should be located
INFO    :     *               at "../generated-assets/webwork/webwork-representations.xml". 
INFO    :     *               If there are many messages like this, then likely your file is missing. 
INFO    :     *               But if this is an isolated error message, then it may indicate a bug,
INFO    :     *               which should be reported.
INFO    :     * PTX:ERROR:    The WeBWorK problem with internal id "webwork-1943"
INFO    :     *               could not be located in the file of WeBWorK problems from
INFO    :     *               the server, which your publication file indicates should be located
INFO    :     *               at "../generated-assets/webwork/webwork-representations.xml". 
INFO    :     *               If there are many messages like this, then likely your file is missing. 
INFO    :     *               But if this is an isolated error message, then it may indicate a bug,
INFO    :     *               which should be reported.
INFO    :     * PTX:ERROR:    The WeBWorK problem with internal id "webwork-1944"
INFO    :     *               could not be located in the file of WeBWorK problems from
INFO    :     *               the server, which your publication file indicates should be located
INFO    :     *               at "../generated-assets/webwork/webwork-representations.xml". 
INFO    :     *               If there are many messages like this, then likely your file is missing. 
INFO    :     *               But if this is an isolated error message, then it may indicate a bug,
INFO    :     *               which should be reported.
INFO    :     * PTX:ERROR:    The WeBWorK problem with internal id "webwork-1945"
INFO    :     *               could not be located in the file of WeBWorK problems from
INFO    :     *               the server, which your publication file indicates should be located
INFO    :     *               at "../generated-assets/webwork/webwork-representations.xml". 
INFO    :     *               If there are many messages like this, then likely your file is missing. 
INFO    :     *               But if this is an isolated error message, then it may indicate a bug,
INFO    :     *               which should be reported.
INFO    :     * PTX:ERROR:    The WeBWorK problem with internal id "webwork-1946"
INFO    :     *               could not be located in the file of WeBWorK problems from
INFO    :     *               the server, which your publication file indicates should be located
INFO    :     *               at "../generated-assets/webwork/webwork-representations.xml". 
INFO    :     *               If there are many messages like this, then likely your file is missing. 
INFO    :     *               But if this is an isolated error message, then it may indicate a bug,
INFO    :     *               which should be reported.
INFO    :     * PTX:ERROR:    The WeBWorK problem with internal id "webwork-1947"
INFO    :     *               could not be located in the file of WeBWorK problems from
INFO    :     *               the server, which your publication file indicates should be located
INFO    :     *               at "../generated-assets/webwork/webwork-representations.xml". 
INFO    :     *               If there are many messages like this, then likely your file is missing. 
INFO    :     *               But if this is an isolated error message, then it may indicate a bug,
INFO    :     *               which should be reported.
INFO    :     * PTX:ERROR:    The WeBWorK problem with internal id "webwork-1948"
INFO    :     *               could not be located in the file of WeBWorK problems from
INFO    :     *               the server, which your publication file indicates should be located
INFO    :     *               at "../generated-assets/webwork/webwork-representations.xml". 
INFO    :     *               If there are many messages like this, then likely your file is missing. 
INFO    :     *               But if this is an isolated error message, then it may indicate a bug,
INFO    :     *               which should be reported.
INFO    :     * PTX:ERROR:    The WeBWorK problem with internal id "webwork-1949"
INFO    :     *               could not be located in the file of WeBWorK problems from
INFO    :     *               the server, which your publication file indicates should be located
INFO    :     *               at "../generated-assets/webwork/webwork-representations.xml". 
INFO    :     *               If there are many messages like this, then likely your file is missing. 
INFO    :     *               But if this is an isolated error message, then it may indicate a bug,
INFO    :     *               which should be reported.
INFO    :     * PTX:ERROR:    The WeBWorK problem with internal id "webwork-1950"
INFO    :     *               could not be located in the file of WeBWorK problems from
INFO    :     *               the server, which your publication file indicates should be located
INFO    :     *               at "../generated-assets/webwork/webwork-representations.xml". 
INFO    :     *               If there are many messages like this, then likely your file is missing. 
INFO    :     *               But if this is an isolated error message, then it may indicate a bug,
INFO    :     *               which should be reported.
INFO    :     * PTX:ERROR:    The WeBWorK problem with internal id "webwork-1951"
INFO    :     *               could not be located in the file of WeBWorK problems from
INFO    :     *               the server, which your publication file indicates should be located
INFO    :     *               at "../generated-assets/webwork/webwork-representations.xml". 
INFO    :     *               If there are many messages like this, then likely your file is missing. 
INFO    :     *               But if this is an isolated error message, then it may indicate a bug,
INFO    :     *               which should be reported.
INFO    :     * PTX:ERROR:    The WeBWorK problem with internal id "webwork-1952"
INFO    :     *               could not be located in the file of WeBWorK problems from
INFO    :     *               the server, which your publication file indicates should be located
INFO    :     *               at "../generated-assets/webwork/webwork-representations.xml". 
INFO    :     *               If there are many messages like this, then likely your file is missing. 
INFO    :     *               But if this is an isolated error message, then it may indicate a bug,
INFO    :     *               which should be reported.
INFO    :     * PTX:ERROR:    The WeBWorK problem with internal id "webwork-1953"
INFO    :     *               could not be located in the file of WeBWorK problems from
INFO    :     *               the server, which your publication file indicates should be located
INFO    :     *               at "../generated-assets/webwork/webwork-representations.xml". 
INFO    :     *               If there are many messages like this, then likely your file is missing. 
INFO    :     *               But if this is an isolated error message, then it may indicate a bug,
INFO    :     *               which should be reported.
INFO    :     * PTX:ERROR:    The WeBWorK problem with internal id "webwork-1954"
INFO    :     *               could not be located in the file of WeBWorK problems from
INFO    :     *               the server, which your publication file indicates should be located
INFO    :     *               at "../generated-assets/webwork/webwork-representations.xml". 
INFO    :     *               If there are many messages like this, then likely your file is missing. 
INFO    :     *               But if this is an isolated error message, then it may indicate a bug,
INFO    :     *               which should be reported.
INFO    :     * PTX:ERROR:    The WeBWorK problem with internal id "webwork-1955"
INFO    :     *               could not be located in the file of WeBWorK problems from
INFO    :     *               the server, which your publication file indicates should be located
INFO    :     *               at "../generated-assets/webwork/webwork-representations.xml". 
INFO    :     *               If there are many messages like this, then likely your file is missing. 
INFO    :     *               But if this is an isolated error message, then it may indicate a bug,
INFO    :     *               which should be reported.
INFO    :     * PTX:ERROR:    The WeBWorK problem with internal id "webwork-1956"
INFO    :     *               could not be located in the file of WeBWorK problems from
INFO    :     *               the server, which your publication file indicates should be located
INFO    :     *               at "../generated-assets/webwork/webwork-representations.xml". 
INFO    :     *               If there are many messages like this, then likely your file is missing. 
INFO    :     *               But if this is an isolated error message, then it may indicate a bug,
INFO    :     *               which should be reported.
INFO    :     * PTX:ERROR:    The WeBWorK problem with internal id "webwork-1957"
INFO    :     *               could not be located in the file of WeBWorK problems from
INFO    :     *               the server, which your publication file indicates should be located
INFO    :     *               at "../generated-assets/webwork/webwork-representations.xml". 
INFO    :     *               If there are many messages like this, then likely your file is missing. 
INFO    :     *               But if this is an isolated error message, then it may indicate a bug,
INFO    :     *               which should be reported.
INFO    :     * PTX:ERROR:    The WeBWorK problem with internal id "webwork-1958"
INFO    :     *               could not be located in the file of WeBWorK problems from
INFO    :     *               the server, which your publication file indicates should be located
INFO    :     *               at "../generated-assets/webwork/webwork-representations.xml". 
INFO    :     *               If there are many messages like this, then likely your file is missing. 
INFO    :     *               But if this is an isolated error message, then it may indicate a bug,
INFO    :     *               which should be reported.
INFO    :     * PTX:ERROR:    The WeBWorK problem with internal id "webwork-1959"
INFO    :     *               could not be located in the file of WeBWorK problems from
INFO    :     *               the server, which your publication file indicates should be located
INFO    :     *               at "../generated-assets/webwork/webwork-representations.xml". 
INFO    :     *               If there are many messages like this, then likely your file is missing. 
INFO    :     *               But if this is an isolated error message, then it may indicate a bug,
INFO    :     *               which should be reported.
INFO    :     * PTX:ERROR:    The WeBWorK problem with internal id "webwork-1960"
INFO    :     *               could not be located in the file of WeBWorK problems from
INFO    :     *               the server, which your publication file indicates should be located
INFO    :     *               at "../generated-assets/webwork/webwork-representations.xml". 
INFO    :     *               If there are many messages like this, then likely your file is missing. 
INFO    :     *               But if this is an isolated error message, then it may indicate a bug,
INFO    :     *               which should be reported.
INFO    :     * PTX:ERROR:    The WeBWorK problem with internal id "webwork-1961"
INFO    :     *               could not be located in the file of WeBWorK problems from
INFO    :     *               the server, which your publication file indicates should be located
INFO    :     *               at "../generated-assets/webwork/webwork-representations.xml". 
INFO    :     *               If there are many messages like this, then likely your file is missing. 
INFO    :     *               But if this is an isolated error message, then it may indicate a bug,
INFO    :     *               which should be reported.
INFO    :     * PTX:ERROR:    The WeBWorK problem with internal id "webwork-1962"
INFO    :     *               could not be located in the file of WeBWorK problems from
INFO    :     *               the server, which your publication file indicates should be located
INFO    :     *               at "../generated-assets/webwork/webwork-representations.xml". 
INFO    :     *               If there are many messages like this, then likely your file is missing. 
INFO    :     *               But if this is an isolated error message, then it may indicate a bug,
INFO    :     *               which should be reported.
INFO    :     * PTX:ERROR:    The WeBWorK problem with internal id "webwork-1963"
INFO    :     *               could not be located in the file of WeBWorK problems from
INFO    :     *               the server, which your publication file indicates should be located
INFO    :     *               at "../generated-assets/webwork/webwork-representations.xml". 
INFO    :     *               If there are many messages like this, then likely your file is missing. 
INFO    :     *               But if this is an isolated error message, then it may indicate a bug,
INFO    :     *               which should be reported.
INFO    :     * PTX:ERROR:    The WeBWorK problem with internal id "webwork-1964"
INFO    :     *               could not be located in the file of WeBWorK problems from
INFO    :     *               the server, which your publication file indicates should be located
INFO    :     *               at "../generated-assets/webwork/webwork-representations.xml". 
INFO    :     *               If there are many messages like this, then likely your file is missing. 
INFO    :     *               But if this is an isolated error message, then it may indicate a bug,
INFO    :     *               which should be reported.
INFO    :     * PTX:ERROR:    The WeBWorK problem with internal id "webwork-1965"
INFO    :     *               could not be located in the file of WeBWorK problems from
INFO    :     *               the server, which your publication file indicates should be located
INFO    :     *               at "../generated-assets/webwork/webwork-representations.xml". 
INFO    :     *               If there are many messages like this, then likely your file is missing. 
INFO    :     *               But if this is an isolated error message, then it may indicate a bug,
INFO    :     *               which should be reported.
INFO    :     * PTX:ERROR:    The WeBWorK problem with internal id "webwork-1969"
INFO    :     *               could not be located in the file of WeBWorK problems from
INFO    :     *               the server, which your publication file indicates should be located
INFO    :     *               at "../generated-assets/webwork/webwork-representations.xml". 
INFO    :     *               If there are many messages like this, then likely your file is missing. 
INFO    :     *               But if this is an isolated error message, then it may indicate a bug,
INFO    :     *               which should be reported.
INFO    :     * PTX:ERROR:    The WeBWorK problem with internal id "webwork-1973"
INFO    :     *               could not be located in the file of WeBWorK problems from
INFO    :     *               the server, which your publication file indicates should be located
INFO    :     *               at "../generated-assets/webwork/webwork-representations.xml". 
INFO    :     *               If there are many messages like this, then likely your file is missing. 
INFO    :     *               But if this is an isolated error message, then it may indicate a bug,
INFO    :     *               which should be reported.
